tmdb_id,track_id,title,track
335984,0U0ldCRmgCqhVvD6ksG63j,Blade Runner 2049,Nightcall
335984,2JoAbvKBwp2OlkiiANRBc5,Blade Runner 2049,Tick Of The Clock (Film Edit)
335984,1vgSaC0BPlL6LEm4Xsx59J,Blade Runner 2049,An Ending (Ascent) - Remastered 2005
335984,6evpAJCR5GeeHDGgv3aXb3,Blade Runner 2049,Archangel
335984,65r94rVdiMwqXyQFEr3tqT,Blade Runner 2049,Resonance
335984,5626KdflSKfeDK7RJQfSrE,Blade Runner 2049,Says
335984,1WOxGNutRwrbik8BA5f2AY,Blade Runner 2049,Immunity
335984,7o2AeQZzfCERsRmOM86EcB,Blade Runner 2049,Xtal
335984,7uv632EkfwYhXoqf8rhYrg,Blade Runner 2049,Angel
335984,3tJjZMHLqhD8DaGgdBICnc,Blade Runner 2049,Saturn
335984,6kkwzB6hXLIONkEk9JciA6,Blade Runner 2049,Weightless
157336,6pWgRkpqVfxnj3WuIcJ7WP,Interstellar,Cornfield Chase
157336,6ZFbXIJkuI1dVNWvzJzown,Interstellar,Time
157336,3tJjZMHLqhD8DaGgdBICnc,Interstellar,Saturn
157336,1vgSaC0BPlL6LEm4Xsx59J,Interstellar,An Ending (Ascent) - Remastered 2005
157336,1BncfTJAWxrsxyT9culBrj,Interstellar,Experience
157336,56oReVXIfUO9xkX7pHmEU0,Interstellar,On the Nature of Daylight
157336,5626KdflSKfeDK7RJQfSrE,Interstellar,Says
157336,1s9i7W8zx7Nxx78MUIsvjV,Interstellar,Outro
157336,3Sy6wgTNEp6vSgLs4EyXAf,Interstellar,Flight from the City
157336,6Xajr512QEGAZ20bqAWkyT,Interstellar,Near Light
157336,5ay0cvjtVAbMLOe8gTadFh,Interstellar,A Model of the Universe
64690,0U0ldCRmgCqhVvD6ksG63j,Drive,Nightcall
64690,6ei4QrpcciclGH593uHKo8,Drive,A Real Hero
64690,2JoAbvKBwp2OlkiiANRBc5,Drive,Tick Of The Clock (Film Edit)
64690,65r94rVdiMwqXyQFEr3tqT,Drive,Resonance
64690,6GyFP1nfCDB8lbD2bG0Hq9,Drive,Midnight City
64690,0VjIjW4GlUZAMYd2vXMi3b,Drive,Blinding Lights
64690,2cGxRwrMyEAp8dEbuZaVv6,Drive,Instant Crush (feat. Julian Casablancas)
64690,31MOjWj3CT3dCQsMV2b8Wu,Drive,Blue Monday '88
64690,0SpkyS1Q4MD8GaVcP5YjT4,Drive,Sunsetz
64690,5QO79kh1waicV47BqGRL3g,Drive,Save Your Tears
64690,3PzsbWSQdLCKDLxn7YZfkM,Drive,I'm On Fire
153,1LwP9g1Hjbs64jXM2Qsxry,Lost in Translation,Just Like Honey
153,0yc6Gst2xkRu0eMLeRMGCX,Lost in Translation,Apocalypse
153,1ujxjsoNvh4XgS2fUNwkZ2,Lost in Translation,Space Song
153,052z2UsE2wPrHsBJ9tly0g,Lost in Translation,Playground Love
153,1LzNfuep1bnAUR9skqdHCK,Lost in Translation,Fade Into You
153,6T10XPeC9X5xEaD6tMcK6M,Lost in Translation,All I Need (feat. Beth Hirsch)
153,0SpkyS1Q4MD8GaVcP5YjT4,Lost in Translation,Sunsetz
153,1FWsomP9StpCcXNWmJk8Cl,Lost in Translation,K.
153,3ZzhV6JIDKWvWR7wiKWD0C,Lost in Translation,La femme d'argent
153,7o2AeQZzfCERsRmOM86EcB,Lost in Translation,Xtal
153,4m8ttWM8IKXyhpv89E867J,Lost in Translation,Cherry Blossom Girl
153,5tR13oIwi5J3elcTZPTTIU,Lost in Translation,Kelly Watch the Stars
244786,4vLYewWIvqHfKtJDk8c8tq,Whiplash,"So What (feat. John Coltrane, Cannonball Adderley & Bill Evans)"
244786,1YQWosTIljIvxAgHWTp7KP,Whiplash,Take Five
244786,5xRP5iyVdGglqlY4Vcjhkx,Whiplash,Sinnerman
244786,0sCeNwt8xRCMR4NhKpMyBe,Whiplash,Cantaloupe Island - Remastered
244786,1wl5b2lw3YagQtZiYZbQWP,Whiplash,'Round Midnight
244786,6Rqn2GFlmvmV4w9Ala0I1e,Whiplash,Feeling Good
244786,0aWMVrwxPNYkKmFthzmpRi,Whiplash,Blue in Green (feat. John Coltrane & Bill Evans)
244786,0E8q2Fx2XuzXCO2NSAppkR,Whiplash,In A Sentimental Mood
244786,3E5ndyOfO6vFDEIE42HA8o,Whiplash,Mack the Knife
313369,4l9hml2UCnxoNI3yCdL1BW,La La Land,My Funny Valentine
313369,33jt3kYWjQzqn3xyYQ5ZEh,La La Land,Cheek To Cheek
313369,78MI7mu1LV1k4IA2HzKmHe,La La Land,Dream A Little Dream Of Me - Single Version
313369,4QxDOjgpYtQDxxbWPuEJOy,La La Land,L-O-V-E
313369,3KzgdYUlqV6TOG7JCmx2Wg,La La Land,Beyond the Sea
313369,1YQWosTIljIvxAgHWTp7KP,La La Land,Take Five
313369,5u5aVJKjSMJr4zesMPz7bL,La La Land,"Clair de Lune, L. 32"
313369,648TTtYB0bH0P8Hfy0FmkL,La La Land,Unforgettable
313369,0E8q2Fx2XuzXCO2NSAppkR,La La Land,In A Sentimental Mood
313369,5EY6yQXMCtX5EbkC0ru0LV,La La Land,La vie en rose
680,6ek9SiEj5a65WIs2EV7qiM,Pulp Fiction,Son Of A Preacher Man
680,6FT83pFXKhDlXDsNJFAHWz,Pulp Fiction,You Never Can Tell
680,3Vby4nGmtbDo7HDJamOWkT,Pulp Fiction,Stuck In The Middle With You
680,4JLcAU2xY90qTkTSNM1lUa,Pulp Fiction,Bang Bang (My Baby Shot Me Down)
680,2QfiRTz5Yc8DdShCxG1tB2,Pulp Fiction,Johnny B. Goode
680,70YvYr2hGlS01bKRIho1HM,Pulp Fiction,La Grange - 2005 Remaster
680,2EqlS6tkEnglzr7tkKAAYD,Pulp Fiction,Come Together - Remastered 2009
680,6s0NHplywwr1IjnQpUpWJk,Pulp Fiction,Bad To The Bone
680,452KBpASS5lZLeJWX9Ixub,Pulp Fiction,Jailhouse Rock
680,1H5IfYyIIAlgDX8zguUzns,Pulp Fiction,Suspicious Minds
129,3gFQOMoUwlR6aUZj81gCzu,Spirited Away,One Summer Day
129,3weNRklVDqb4Rr5MhKBR3D,Spirited Away,Nuvole Bianche
129,2agBDIr9MYDUducQPC1sFU,Spirited Away,River Flows In You
129,0Dkibk70FDp6t7eOZNemNQ,Spirited Away,Una Mattina
129,5u5aVJKjSMJr4zesMPz7bL,Spirited Away,"Clair de Lune, L. 32"
129,1ULzttQgU3Q9EaIpdoxF1T,Spirited Away,Le Onde
129,0VLascXUZ2Ze2u5kUD5J1f,Spirited Away,I Giorni
129,6bpmBNPfQ2KFAW0ik6F9Vq,Spirited Away,La Valse d'Amélie - Version piano
129,2MZSXhq4XDJWu6coGoXX1V,Spirited Away,Avril 14th
129,4BMHp3DkI8VLsuB9Kr0pzu,Spirited Away,Primavera
496243,0ROMalDdNg3L2HoZP4qFyJ,Parasite,"The Four Seasons - Winter in F Minor, RV. 297: I. Allegro non molto"
496243,5fdp9rXfEixCGLM1Og4EN1,Parasite,Gnossienne No. 1
496243,62Da3JOu9H9EIgmqV7DoLG,Parasite,Lux Aeterna
496243,2Fxmhks0bxGSBdJ92vM42m,Parasite,bad guy
496243,1i6N76fftMZhijOzFQ5ZtL,Parasite,Psycho Killer - 2005 Remaster
496243,1Ud6moTC0KyXMq1Oxfien0,Parasite,Sympathy For The Devil - 50th Anniversary Edition
496243,6LgJvl0Xdtc73RJ1mmpotq,Parasite,Paranoid Android
496243,6iLzFJhs4ATwJn7P1utZIJ,Parasite,Light of the Seven
496243,7xfSCgVOkQJhVxnqzepATH,Parasite,"Moonlight Sonata (First Movement from Piano Sonata No. 14, Op. 27 No. 2)"
76341,59WN2psjkt1tyaxjspN8fp,Mad Max: Fury Road,Killing In The Name
76341,2MuWTIM3b0YEAskbeeFE1i,Mad Max: Fury Road,Master Of Puppets
76341,0L7zm6afBEtrNKo6C6Gj08,Mad Max: Fury Road,Painkiller
76341,57bgtoPSgt236HzfBOd8kj,Mad Max: Fury Road,Thunderstruck
76341,5awDvzxWfd53SSrsRZ8pXO,Mad Max: Fury Road,Du hast
76341,79CUrU5o2KAVDTNm4x3eGU,Mad Max: Fury Road,Firestarter
76341,78lgmZwycJ3nzsdgmPPGNx,Mad Max: Fury Road,Immigrant Song - Remaster
76341,2zYzyRzz6pRmhPzyfMEC8s,Mad Max: Fury Road,Highway to Hell
76341,61mWefnWQOLf90gepjOCb3,Mad Max: Fury Road,Duality
76341,4OROzZUy6gOWN4UGQVaZMF,Mad Max: Fury Road,The Trooper - 2015 Remaster
76341,5sICkBXVmaCQk5aISGR3x1,Mad Max: Fury Road,Enter Sandman
76341,2e8MxBgVWMSQmxb2zcuCoq,Mad Max: Fury Road,"Die Walkure, Act III: Ride of the Valkyries"
120467,14rZjW3RioG7WesZhYESso,The Grand Budapest Hotel,"Comptine d'un autre été, l'après-midi"
120467,6bpmBNPfQ2KFAW0ik6F9Vq,The Grand Budapest Hotel,La Valse d'Amélie - Version piano
120467,6nrWWTcOBmoLwcNrLRhY8n,The Grand Budapest Hotel,"Deux Arabesques, L66: No. 1: Andantino con moto"
120467,3zLTPuucd3e6TxZnu2dlVS,The Grand Budapest Hotel,"Bagatelle No. 25 in A Minor, WoO 59 ""Für Elise"""
120467,429GaRIWKJ3EU1GAQPbLcr,The Grand Budapest Hotel,"Piano Concerto No. 21 in C Major, K. 467: II. Andante"
120467,3E5ndyOfO6vFDEIE42HA8o,The Grand Budapest Hotel,Mack the Knife
120467,4nbILrYODP667b3d66ZMzI,The Grand Budapest Hotel,Sway (Quien Sera)
120467,5NGtFXVpXSvwunEIGeviY3,The Grand Budapest Hotel,Gymnopédie No. 1
120467,50KVOLNNqft8SJr5ybrv8G,The Grand Budapest Hotel,"Rigoletto: ""La donna è mobile"""
120467,0H7LRye21kQjDfHVqnGoiM,The Grand Budapest Hotel,Carmen Suite No. 2: 2. Habanera
38,1ujxjsoNvh4XgS2fUNwkZ2,Eternal Sunshine of the Spotless Mind,Space Song
38,52Bg6oaos7twR7IUtEpqcE,Eternal Sunshine of the Spotless Mind,Between The Bars
38,2MZSXhq4XDJWu6coGoXX1V,Eternal Sunshine of the Spotless Mind,Avril 14th
38,3hRV0jL3vUpRrcy398teAU,Eternal Sunshine of the Spotless Mind,The Night We Met
38,4KROoGIaPaR1pBHPnR3bwC,Eternal Sunshine of the Spotless Mind,Pink Moon
38,1ILEK6NRfxoseoPnolRcVA,Eternal Sunshine of the Spotless Mind,Holocene
38,1LzNfuep1bnAUR9skqdHCK,Eternal Sunshine of the Spotless Mind,Fade Into You
38,3B3eOgLJSqPEA0RfboIQVM,Eternal Sunshine of the Spotless Mind,Skinny Love
38,2ZWlPOoWh0626oTaHrnl2a,Eternal Sunshine of the Spotless Mind,Ivy
38,46RNrAkGsqWTDrv2ZPOAbx,Eternal Sunshine of the Spotless Mind,Moon Song
38,4m0q0xQ2BNl9SCAGKyfiGZ,Eternal Sunshine of the Spotless Mind,Somebody Else
38,11X4Gw3T4hoktVruLgTnm1,Eternal Sunshine of the Spotless Mind,Heartbeats
194,14rZjW3RioG7WesZhYESso,Amélie,"Comptine d'un autre été, l'après-midi"
194,6bpmBNPfQ2KFAW0ik6F9Vq,Amélie,La Valse d'Amélie - Version piano
194,5EY6yQXMCtX5EbkC0ru0LV,Amélie,La vie en rose
194,5NGtFXVpXSvwunEIGeviY3,Amélie,Gymnopédie No. 1
194,5u5aVJKjSMJr4zesMPz7bL,Amélie,"Clair de Lune, L. 32"
194,5fdp9rXfEixCGLM1Og4EN1,Amélie,Gnossienne No. 1
194,3weNRklVDqb4Rr5MhKBR3D,Amélie,Nuvole Bianche
194,6nrWWTcOBmoLwcNrLRhY8n,Amélie,"Deux Arabesques, L66: No. 1: Andantino con moto"
194,0Dkibk70FDp6t7eOZNemNQ,Amélie,Una Mattina
179144,3oHSL6pt9LpNrQZuQGu9wL,The Great Beauty,"Requiem, K. 626: Lacrimosa"
179144,17i5jLpzndlQhbS4SrTd0B,The Great Beauty,"Cello Suite No. 1 in G Major, BWV 1007: I. Prélude"
179144,7ijOLIYbAqtLsqMpjWYMfL,The Great Beauty,Meditation: Méditation from Thaïs
179144,74WjYdm3Lvbwnds4thYPUU,The Great Beauty,"Turandot, SC 91 / Act III: ""Nessun dorma!"""
179144,5NGtFXVpXSvwunEIGeviY3,The Great Beauty,Gymnopédie No. 1
179144,5u5aVJKjSMJr4zesMPz7bL,The Great Beauty,"Clair de Lune, L. 32"
179144,3dX6WDwnHwYzB5t754oB4T,The Great Beauty,Insomnia - Radio Edit
179144,4wtR6HB3XekEengMX17cpc,The Great Beauty,Children
179144,56oReVXIfUO9xkX7pHmEU0,The Great Beauty,On the Nature of Daylight
179144,5bu9A6uphPWg39RC3ZKeku,The Great Beauty,"Goldberg Variations, BWV 988: Aria"
179144,1vCBk33l9HaWp5FOnhSGxk,The Great Beauty,I Feel Love
1396,6S3JlDAGk3uu3NtZbPnuhS,Breaking Bad,Baby Blue - Remastered 2010
1396,14XWXWv5FoCbFzLksawpEe,Breaking Bad,Riders on the Storm
1396,70YvYr2hGlS01bKRIho1HM,Breaking Bad,La Grange - 2005 Remaster
1396,6s0NHplywwr1IjnQpUpWJk,Breaking Bad,Bad To The Bone
1396,2LawezPeJhN4AWuSB0GtAU,Breaking Bad,Have You Ever Seen The Rain
1396,63T7DJ1AFDD6Bn8VzG6JE8,Breaking Bad,"Paint It, Black"
1396,1Ud6moTC0KyXMq1Oxfien0,Breaking Bad,Sympathy For The Devil - 50th Anniversary Edition
1396,5u6y4u5EgDv0peILf60H5t,Breaking Bad,Oye Como Va
1396,28cnXtME493VX9NOw9cIUh,Breaking Bad,Hurt
1396,6H3kDe7CGoWYBabAeVWGiD,Breaking Bad,Gimme Shelter
1396,6HSXNV0b4M4cLJ7ljgVVeh,Breaking Bad,Knockin' On Heaven's Door
1396,4YMQXzscifAREG0a7KNGhB,Breaking Bad,Black Magic Woman - Single Version
87108,56oReVXIfUO9xkX7pHmEU0,Chernobyl,On the Nature of Daylight
87108,3oHSL6pt9LpNrQZuQGu9wL,Chernobyl,"Requiem, K. 626: Lacrimosa"
87108,6rodOIyxUXZrRfzoNL2vXx,Chernobyl,Elegy For The Arctic - Remastered 2020
87108,59gg6zQhSKGVnkT3hWAY3l,Chernobyl,The Departure
87108,62Da3JOu9H9EIgmqV7DoLG,Chernobyl,Lux Aeterna
87108,7xfSCgVOkQJhVxnqzepATH,Chernobyl,"Moonlight Sonata (First Movement from Piano Sonata No. 14, Op. 27 No. 2)"
87108,2NGhKPZdZk2pPZinWphTzh,Chernobyl,November
87108,28cnXtME493VX9NOw9cIUh,Chernobyl,Hurt
87108,6iLzFJhs4ATwJn7P1utZIJ,Chernobyl,Light of the Seven
87108,2ffwBvpsQhgXyU7zBUOhwP,Chernobyl,Written on the Sky
67070,3oHSL6pt9LpNrQZuQGu9wL,Fleabag,"Requiem, K. 626: Lacrimosa"
67070,3FAclTFfvUuQYnEsptbK8w,Fleabag,Back To Black
67070,3uliGwmB52ZA7brgpZMzyH,Fleabag,Love Is A Losing Game
67070,0DMRKqrpd0QO4RWiEdMib0,Fleabag,You Know I'm No Good
67070,5xo8RrjJ9CVNrtRg2S3B1R,Fleabag,Motion Sickness
67070,3N4DI1vuTSX1tz7fa2NQZw,Fleabag,Rehab
67070,6nLvaCZFR1wEzW3sIKpsnr,Fleabag,"Valerie - Live At BBC Radio 1 Live Lounge, London / 2007"
67070,4RVwu0g32PAqgUiJoXsdF8,Fleabag,Happier Than Ever
67070,0WQiDwKJclirSYG9v5tayI,Fleabag,There Is a Light That Never Goes Out - 2011 Remaster
67070,3dYD57lRAUcMHufyqn9GcI,Fleabag,Take Me To Church
67070,1FvDJ9KGxcqwv1utyPL3JZ,Fleabag,This Charming Man - 2011 Remaster
94605,1r9xUipOqoNwggBpENDsvJ,Arcane,Enemy (with JID) - from the series Arcane League of Legends
94605,0pqnGHJpmpxLKifKRmU6WP,Arcane,Believer
94605,0COqiPhxzoWICwFCS4eZcp,Arcane,Bring Me To Life
94605,60a0Rd6pjrkxjPbaKzXjfq,Arcane,In the End
94605,2nLtzopw4rPReszdYBJU6h,Arcane,Numb
94605,63T7DJ1AFDD6Bn8VzG6JE8,Arcane,"Paint It, Black"
94605,5wQnmLuC1W7ATsArWACrgW,Arcane,Welcome to the Black Parade
94605,5qaEfEh1AtSdrdrByCP7qR,Arcane,Demons
94605,3dPQuX8Gs42Y7b454ybpMR,Arcane,Seven Nation Army
94605,0snQkGI5qnAmohLE7jTsTn,Arcane,Toxicity
94605,4xkOaSrkexMciUUogZKVTS,Arcane,Till I Collapse
95396,63OQupATfueTdZMWTxW03A,Severance,Karma Police
95396,10nyNJ6zNy2YVYLrcwLccB,Severance,No Surprises
95396,5fdp9rXfEixCGLM1Og4EN1,Severance,Gnossienne No. 1
95396,4N7h4IHWRaJCOo1VFdTMHV,Severance,Truman Sleeps
95396,2GnYCy70I8cR4oEA2wsSDx,Severance,"The Hours: An Unwelcome Friend (From ""The Hours"")"
95396,2XQSgmtEY2titXhfY414dy,Severance,Roygbiv
95396,3vBJYnujT3yxLjLEG1jtDS,Severance,Music Is Math
95396,4RvWPyQ5RL0ao9LPZeSouE,Severance,Everybody Wants To Rule The World
95396,0Qv7xi6uPSqH2k82tOkGSt,Severance,Mad World
95396,5626KdflSKfeDK7RJQfSrE,Severance,Says
95396,4wajJ1o7jWIg62YqpkHC7S,Severance,Weird Fishes/ Arpeggi
95396,2MZSXhq4XDJWu6coGoXX1V,Severance,Avril 14th
76331,0ROMalDdNg3L2HoZP4qFyJ,Succession,"The Four Seasons - Winter in F Minor, RV. 297: I. Allegro non molto"
76331,0trHOzAhNpGCsGBEu7dOJo,Succession,N.Y. State of Mind
76331,119c93MHjrDLJTApCVGpvx,Succession,"C.R.E.A.M. (Cash Rules Everything Around Me) (feat. Method Man, Raekwon, Inspectah Deck & Buddha Monk)"
76331,0vFOzaXqZHahrZp6enQwQb,Succession,Money
76331,7KXjTSCq5nL1LoYtL7XAwS,Succession,HUMBLE.
76331,1Ud6moTC0KyXMq1Oxfien0,Succession,Sympathy For The Devil - 50th Anniversary Edition
76331,50KVOLNNqft8SJr5ybrv8G,Succession,"Rigoletto: ""La donna è mobile"""
76331,7xfSCgVOkQJhVxnqzepATH,Succession,"Moonlight Sonata (First Movement from Piano Sonata No. 14, Op. 27 No. 2)"
76331,4RvWPyQ5RL0ao9LPZeSouE,Succession,Everybody Wants To Rule The World
76331,1FL9DHDSED6lxNMDJUJQvB,Succession,The Model - 2009 Remaster
76331,429GaRIWKJ3EU1GAQPbLcr,Succession,"Piano Concerto No. 21 in C Major, K. 467: II. Andante"
27205,6ZFbXIJkuI1dVNWvzJzown,Inception,Time
27205,6pWgRkpqVfxnj3WuIcJ7WP,Inception,Cornfield Chase
27205,5626KdflSKfeDK7RJQfSrE,Inception,Says
27205,1BncfTJAWxrsxyT9culBrj,Inception,Experience
27205,62Da3JOu9H9EIgmqV7DoLG,Inception,Lux Aeterna
27205,6KpO4neDXxGdiEgsivZieY,Inception,Divenire
27205,1s9i7W8zx7Nxx78MUIsvjV,Inception,Outro
27205,2NGhKPZdZk2pPZinWphTzh,Inception,November
27205,6c9EGVj5CaOeoKd9ecMW1U,Inception,Strobe - Radio Edit
27205,6Vjk8MNXpQpi0F4BefdTyq,Inception,Kashmir - Remaster
24,4JLcAU2xY90qTkTSNM1lUa,Kill Bill: Vol. 1,Bang Bang (My Baby Shot Me Down)
24,6Q32Vkucx2qeuVyBd3NiFZ,Kill Bill: Vol. 1,Battle Without Honor Or Humanity
24,7M9pPyt8Gr41THLhbz4NSB,Kill Bill: Vol. 1,Don't Let Me Be Misunderstood
24,78lgmZwycJ3nzsdgmPPGNx,Kill Bill: Vol. 1,Immigrant Song - Remaster
24,3dPQuX8Gs42Y7b454ybpMR,Kill Bill: Vol. 1,Seven Nation Army
24,0sjxRg1VlYfx4YG7uxurrq,Kill Bill: Vol. 1,I Put A Spell On You
24,4mn2kNTqiGLwaUR8JdhJ1l,Kill Bill: Vol. 1,House of the Rising Sun
24,63T7DJ1AFDD6Bn8VzG6JE8,Kill Bill: Vol. 1,"Paint It, Black"
24,0DMRKqrpd0QO4RWiEdMib0,Kill Bill: Vol. 1,You Know I'm No Good
24,4YMQXzscifAREG0a7KNGhB,Kill Bill: Vol. 1,Black Magic Woman - Single Version
1443,052z2UsE2wPrHsBJ9tly0g,The Virgin Suicides,Playground Love
1443,6INLpBxo9F5QMer04VXEnd,The Virgin Suicides,Sexy Boy
1443,6T10XPeC9X5xEaD6tMcK6M,The Virgin Suicides,All I Need (feat. Beth Hirsch)
1443,4m8ttWM8IKXyhpv89E867J,The Virgin Suicides,Cherry Blossom Girl
1443,1LzNfuep1bnAUR9skqdHCK,The Virgin Suicides,Fade Into You
1443,1ujxjsoNvh4XgS2fUNwkZ2,The Virgin Suicides,Space Song
1443,11VwZwNF29HrqwalYUMitb,The Virgin Suicides,Pale Blue Eyes
1443,11607FzqoipskTsXrwEHnJ,The Virgin Suicides,Sunday Morning
1443,0yc6Gst2xkRu0eMLeRMGCX,The Virgin Suicides,Apocalypse
1443,4s6LhHAV5SEsOV0lC2tjvJ,The Virgin Suicides,California Dreamin' - Single Version
329865,56oReVXIfUO9xkX7pHmEU0,Arrival,On the Nature of Daylight
329865,3Sy6wgTNEp6vSgLs4EyXAf,Arrival,Flight from the City
329865,5ay0cvjtVAbMLOe8gTadFh,Arrival,A Model of the Universe
329865,1vgSaC0BPlL6LEm4Xsx59J,Arrival,An Ending (Ascent) - Remastered 2005
329865,3tJjZMHLqhD8DaGgdBICnc,Arrival,Saturn
329865,5626KdflSKfeDK7RJQfSrE,Arrival,Says
329865,2ffwBvpsQhgXyU7zBUOhwP,Arrival,Written on the Sky
329865,6Xajr512QEGAZ20bqAWkyT,Arrival,Near Light
329865,6kkwzB6hXLIONkEk9JciA6,Arrival,Weightless
329865,1WOxGNutRwrbik8BA5f2AY,Arrival,Immunity
329865,59gg6zQhSKGVnkT3hWAY3l,Arrival,The Departure
747,5T8EDUDqKcs6OSOwEsfqG7,Shaun of the Dead,Don't Stop Me Now - Remastered 2011
747,4KcH1ZRV2W1q7Flq0QqC76,Shaun of the Dead,Blitzkrieg Bop - 2016 Remaster
747,5jzma6gCzYtKB1DbEwFZKH,Shaun of the Dead,London Calling - Remastered
747,1FTSo4v6BOZH9QxKc3MbVM,Shaun of the Dead,Song 2 - 2012 Remaster
747,7azo4rpSUh8nXgtonC6Pkq,Shaun of the Dead,Thriller
747,39shmbIHICJ2Wxnk1fPSdz,Shaun of the Dead,Should I Stay or Should I Go - Remastered
747,20I8RduZC2PWMWTDCZuuAN,Shaun of the Dead,Take Me Out
747,7EZC6E7UjZe63f1jRmkWxt,Shaun of the Dead,Zombie
747,003vvx7Niy0yvhvHt4a68B,Shaun of the Dead,Mr. Brightside
747,7iAqvWLgZzXvH38lA06QZg,Shaun of the Dead,I Want To Break Free
489,52Bg6oaos7twR7IUtEpqcE,Good Will Hunting,Between The Bars
489,4KROoGIaPaR1pBHPnR3bwC,Good Will Hunting,Pink Moon
489,2M9ro2krNb7nr7HSprkEgo,Good Will Hunting,Fast Car
489,5vd1QZ0tdXOExiegC55IAS,Good Will Hunting,Heart Of Gold
489,3B3eOgLJSqPEA0RfboIQVM,Good Will Hunting,Skinny Love
489,5jgFfDIR6FR0gvlA56Nakr,Good Will Hunting,Blackbird - Remastered 2009
489,3pRaLNL3b8x5uBOcsgvdqM,Good Will Hunting,Hallelujah
489,1kgdslQYmeTR4thk9whoRw,Good Will Hunting,Tears in Heaven
489,4U45aEWtQhrm8A5mxPaFZ7,Good Will Hunting,Vienna
489,3hRV0jL3vUpRrcy398teAU,Good Will Hunting,The Night We Met
66732,75FEaRjZTKLhTrFGsfMUXR,Stranger Things,Running Up That Hill (A Deal With God)
66732,39shmbIHICJ2Wxnk1fPSdz,Stranger Things,Should I Stay or Should I Go - Remastered
66732,2MuWTIM3b0YEAskbeeFE1i,Stranger Things,Master Of Puppets
66732,2374M0fQpWi3dLnB54qaLX,Stranger Things,Africa
66732,1JSTJqkT5qHq8MDJnJbRE1,Stranger Things,Every Breath You Take
66732,7o9uu2GDtVDr9nsR7ZRN73,Stranger Things,Time After Time
66732,65r94rVdiMwqXyQFEr3tqT,Stranger Things,Resonance
66732,2JoAbvKBwp2OlkiiANRBc5,Stranger Things,Tick Of The Clock (Film Edit)
66732,2WfaOiMkCvy7F5fcp2zZ8L,Stranger Things,Take on Me
66732,1TfqLAPs4K3s2rJMoCokcS,Stranger Things,Sweet Dreams (Are Made of This) - Remastered
66732,31MOjWj3CT3dCQsMV2b8Wu,Stranger Things,Blue Monday '88
66732,7azo4rpSUh8nXgtonC6Pkq,Stranger Things,Thriller
66732,4NnWuGQujzWUEg0uZokO5M,Stranger Things,Just Like Heaven
77338,2grjqo0Frpf2okIBiifQKs,The Intouchables,September
77338,0Dkibk70FDp6t7eOZNemNQ,The Intouchables,Una Mattina
77338,4yLSpYlcO0jPPLTa3nW8zN,The Intouchables,Fly
77338,6ztstiyZL6FXzh4aG46ZPD,The Intouchables,Boogie Wonderland
77338,3koCCeSaVUyrRo3N2gHrd8,The Intouchables,Let's Groove
77338,6Rqn2GFlmvmV4w9Ala0I1e,The Intouchables,Feeling Good
77338,1BncfTJAWxrsxyT9culBrj,The Intouchables,Experience
77338,6KpO4neDXxGdiEgsivZieY,The Intouchables,Divenire
77338,0VLascXUZ2Ze2u5kUD5J1f,The Intouchables,I Giorni
77338,0bRXwKfigvpKZUurwqAlEh,The Intouchables,Lovely Day
11631,0GjEhVFGZW8afUYGChu3Rr,Mamma Mia!,Dancing Queen
11631,2TxCwUlqaOH3TIyJqGgR91,Mamma Mia!,Mamma Mia
11631,3oEkrIfXfSh9zGnE7eBzSV,Mamma Mia!,The Winner Takes It All
11631,3vkQ5DAB1qQMYO4Mr9zJN6,Mamma Mia!,Gimme! Gimme! Gimme! (A Man After Midnight)
11631,3Dy4REq8O09IlgiwuHQ3sk,Mamma Mia!,Waterloo
11631,7rIovIsXE6kMn629b7kDig,Mamma Mia!,I Will Survive
11631,4y1LsJpmMti1PfRQV9AWWe,Mamma Mia!,Girls Just Want to Have Fun
11631,0ikz6tENMONtK6qGkOrU3c,Mamma Mia!,Wake Me Up Before You Go-Go
11631,2zMJN9JvDlvGP4jB03l1Bz,Mamma Mia!,Hot Stuff
118340,6Ac4NVYYl2U73QiTt11ZKd,Guardians of the Galaxy,Hooked On A Feeling
118340,7tqhbajSfrz2F7E1Z75ASX,Guardians of the Galaxy,Ain't No Mountain High Enough
118340,5LxvwujISqiB8vpRYv887S,Guardians of the Galaxy,I Want You Back
118340,2grjqo0Frpf2okIBiifQKs,Guardians of the Galaxy,September
118340,4UDmDIqJIbrW0hMBQMFOsM,Guardians of the Galaxy,Stayin' Alive
118340,1QEEqeFIZktqIpPI4jSVSF,Guardians of the Galaxy,More Than a Feeling
118340,4DMKwE2E2iYDKY01C335Uw,Guardians of the Galaxy,Carry on Wayward Son
118340,5T8EDUDqKcs6OSOwEsfqG7,Guardians of the Galaxy,Don't Stop Me Now - Remastered 2011
118340,7Kszjzps0xbQXyo1pO4KfE,Guardians of the Galaxy,Le Freak - 2018 Remaster
118340,745H5CctFr12Mo7cqa1BMH,Guardians of the Galaxy,My Girl
118340,3koCCeSaVUyrRo3N2gHrd8,Guardians of the Galaxy,Let's Groove
627,21YxK0klhpfLW8budkJaMF,Trainspotting,Lust For Life
627,4TOMI010Sd4ZAX4aZ5TS85,Trainspotting,Perfect Day
627,15BQ7vEDv2LJuh8TxWIhtd,Trainspotting,The Passenger
627,1FTSo4v6BOZH9QxKc3MbVM,Trainspotting,Song 2 - 2012 Remaster
627,79CUrU5o2KAVDTNm4x3eGU,Trainspotting,Firestarter
627,0Ja4hLKiUSw01E01pJ1yGr,Trainspotting,Breathe
627,3dX6WDwnHwYzB5t754oB4T,Trainspotting,Insomnia - Radio Edit
627,5by3w3NXvwDpV9FBSOR35u,Trainspotting,Heroin
627,5jzma6gCzYtKB1DbEwFZKH,Trainspotting,London Calling - Remastered
627,31MOjWj3CT3dCQsMV2b8Wu,Trainspotting,Blue Monday '88
627,48vDCZIRmrFO33fH4QU4ij,Trainspotting,Smack My Bitch Up
627,57iDDD9N9tTWe75x6qhStw,Trainspotting,Bitter Sweet Symphony
550,7wCmS9TTVUcIhRalDYFgPy,Fight Club,Where Is My Mind? - Remastered
550,5mc6EyF1OIEOhAkD0Gg9Lc,Fight Club,Closer
550,59WN2psjkt1tyaxjspN8fp,Fight Club,Killing In The Name
550,6LgJvl0Xdtc73RJ1mmpotq,Fight Club,Paranoid Android
550,63OQupATfueTdZMWTxW03A,Fight Club,Karma Police
550,79CUrU5o2KAVDTNm4x3eGU,Fight Club,Firestarter
550,5cZqsjVs6MevCnAkasbEOX,Fight Club,Break Stuff
550,4CeeEOM32jQcH3eN9Q2dGj,Fight Club,Smells Like Teen Spirit
550,2wPFy7SAFnt9Nj2TipWcqb,Fight Club,Block Rockin' Beats
550,2aIB1CdRRG7YLBu9hNw9nR,Fight Club,The Beautiful People
550,0snQkGI5qnAmohLE7jTsTn,Fight Club,Toxicity
37247,0iOZM63lendWRTTeKhZBSC,The Graduate,"Mrs. Robinson - From ""The Graduate"" Soundtrack"
37247,5y788ya4NvwhBznoDIcXwK,The Graduate,The Sound of Silence - Acoustic Version
37247,4s6LhHAV5SEsOV0lC2tjvJ,The Graduate,California Dreamin' - Single Version
37247,3RkQ3UwOyPqpIiIvGVewuU,The Graduate,Mr. Tambourine Man
37247,3BQHpFgAp4l80e1XslIjNI,The Graduate,Yesterday - Remastered 2009
37247,5jgFfDIR6FR0gvlA56Nakr,The Graduate,Blackbird - Remastered 2009
37247,5GjPQ0eI7AgmOnADn1EO6Q,The Graduate,Eleanor Rigby - Remastered 2009
37247,1qRA5BS78u3gME0loMl9AA,The Graduate,For What It's Worth
37247,11607FzqoipskTsXrwEHnJ,The Graduate,Sunday Morning
37247,52vA3CYKZqZVdQnzRrdZt6,The Graduate,The Times They Are A-Changin'
500,3Vby4nGmtbDo7HDJamOWkT,Reservoir Dogs,Stuck In The Middle With You
500,6Ac4NVYYl2U73QiTt11ZKd,Reservoir Dogs,Hooked On A Feeling
500,6ek9SiEj5a65WIs2EV7qiM,Reservoir Dogs,Son Of A Preacher Man
500,2EqlS6tkEnglzr7tkKAAYD,Reservoir Dogs,Come Together - Remastered 2009
500,6s0NHplywwr1IjnQpUpWJk,Reservoir Dogs,Bad To The Bone
500,6FT83pFXKhDlXDsNJFAHWz,Reservoir Dogs,You Never Can Tell
500,4JLcAU2xY90qTkTSNM1lUa,Reservoir Dogs,Bang Bang (My Baby Shot Me Down)
500,70YvYr2hGlS01bKRIho1HM,Reservoir Dogs,La Grange - 2005 Remaster
500,1H5IfYyIIAlgDX8zguUzns,Reservoir Dogs,Suspicious Minds
744,34x6hEJgGAOQvmlMql5Ige,Top Gun,"Danger Zone - From ""Top Gun"" Original Soundtrack"
744,15MJ5NThPjj6xhPcts8MiY,Top Gun,"Take My Breath Away - Love Theme from ""Top Gun"""
744,2KH16WveTQWT6KOG9Rg6e2,Top Gun,Eye of the Tiger
744,37ZJ0p5Jm13JPevGcx4SkF,Top Gun,Livin' On A Prayer
744,4bHsxqR3GMrXTxEPLuK5ue,Top Gun,Don't Stop Believin'
744,3zBhihYUHBmGd2bcQIobrF,Top Gun,(Sittin' On) the Dock of the Bay
744,3YBZIN3rekqsKxbJc9FZko,Top Gun,Paradise City
744,7o2CTH4ctstm8TNelqjb51,Top Gun,Sweet Child O' Mine
744,6lEuFGrUqR9Yc6hSsHPnYP,Top Gun,"I Don't Want to Miss a Thing - From ""Armageddon"" Soundtrack"
1371,2KH16WveTQWT6KOG9Rg6e2,Rocky III,Eye of the Tiger
1371,1v7L65Lzy0j0vdpRjJewt1,Rocky III,"Lose Yourself - From ""8 Mile"" Soundtrack"
1371,4xkOaSrkexMciUUogZKVTS,Rocky III,Till I Collapse
1371,57bgtoPSgt236HzfBOd8kj,Rocky III,Thunderstruck
1371,08mG3Y1vljYA6bvDt4Wqkj,Rocky III,Back In Black
1371,4pbJqGIASGPr0ZpGpnWkDn,Rocky III,We Will Rock You - Remastered 2011
1371,0v1XpBHnsbkCn7iJ9Ucr1l,Rocky III,It's My Life
1371,37ZJ0p5Jm13JPevGcx4SkF,Rocky III,Livin' On A Prayer
1371,0pqnGHJpmpxLKifKRmU6WP,Rocky III,Believer
1371,34x6hEJgGAOQvmlMql5Ige,Rocky III,"Danger Zone - From ""Top Gun"" Original Soundtrack"
620,569uHYIB0X324FZOBEhvit,Ghostbusters,Ghostbusters
620,7azo4rpSUh8nXgtonC6Pkq,Ghostbusters,Thriller
620,32OlwWuMpZ6b0aN2RZOeMS,Ghostbusters,Uptown Funk (feat. Bruno Mars)
620,4y1LsJpmMti1PfRQV9AWWe,Ghostbusters,Girls Just Want to Have Fun
620,0ikz6tENMONtK6qGkOrU3c,Ghostbusters,Wake Me Up Before You Go-Go
620,2WfaOiMkCvy7F5fcp2zZ8L,Ghostbusters,Take on Me
620,3koCCeSaVUyrRo3N2gHrd8,Ghostbusters,Let's Groove
620,0qeKzbUsW0V4ZWRJrHNiD3,Ghostbusters,Bad Boys (Theme from COPS)
620,4qO03RMQm88DdpTJcxlglY,Ghostbusters,Call Me
11009,4UDmDIqJIbrW0hMBQMFOsM,Saturday Night Fever,Stayin' Alive
11009,2cX2coZS1PYBfPs8wgbdWE,Saturday Night Fever,"More Than A Woman - From ""Saturday Night Fever"" Soundtrack"
11009,2JoZzpdeP2G6Csfdq5aLXP,Saturday Night Fever,How Deep Is Your Love
11009,3GXo1eWlT2flv4x01l5OTu,Saturday Night Fever,Disco Inferno - Edit
11009,7Kszjzps0xbQXyo1pO4KfE,Saturday Night Fever,Le Freak - 2018 Remaster
11009,0G3fbPbE1vGeABDEZF0jeG,Saturday Night Fever,Good Times
11009,1vCBk33l9HaWp5FOnhSGxk,Saturday Night Fever,I Feel Love
11009,6ztstiyZL6FXzh4aG46ZPD,Saturday Night Fever,Boogie Wonderland
11009,2zMJN9JvDlvGP4jB03l1Bz,Saturday Night Fever,Hot Stuff
11009,7rIovIsXE6kMn629b7kDig,Saturday Night Fever,I Will Survive
11009,7oOOI85fVQvVnK5ynNMdW7,Saturday Night Fever,Rock with You - Single Version
11009,2grjqo0Frpf2okIBiifQKs,Saturday Night Fever,September
85552,6N22FZs2ZhPBYi3b9XPajV,Euphoria,Still Don't Know My Name
85552,0u2P5u6lvoDfwTYjAADbn4,Euphoria,lovely (with Khalid)
85552,3ZCTVFBt2Brf31RLEnCkWJ,Euphoria,everything i wanted
85552,7fBv7CLKzipRk6EC6TWHOB,Euphoria,The Hills
85552,09mEdoA6zrmBPgTEN5qXmN,Euphoria,Call Out My Name
85552,6gBFPUFcJLzWGx4lenP6h2,Euphoria,goosebumps
85552,4m0q0xQ2BNl9SCAGKyfiGZ,Euphoria,Somebody Else
85552,2QjOHCTQ1Jl3zawyYOpxh6,Euphoria,Sweater Weather
85552,4SSnFejRGlZikf02HLewEF,Euphoria,bury a friend
85552,7hDVYcQq6MxkdJGweuCtl9,Euphoria,ocean eyes
85552,5GUYJTQap5F3RDQiCOJhrS,Euphoria,Self Control
85552,4RVwu0g32PAqgUiJoXsdF8,Euphoria,Happier Than Ever
398818,5GbVzc6Ex5LYlLJqzRQhuy,Call Me by Your Name,Mystery of Love
398818,0Dkibk70FDp6t7eOZNemNQ,Call Me by Your Name,Una Mattina
398818,6nrWWTcOBmoLwcNrLRhY8n,Call Me by Your Name,"Deux Arabesques, L66: No. 1: Andantino con moto"
398818,5NGtFXVpXSvwunEIGeviY3,Call Me by Your Name,Gymnopédie No. 1
398818,2ZWlPOoWh0626oTaHrnl2a,Call Me by Your Name,Ivy
398818,3xKsf9qdS1CyvXSMEid6g8,Call Me by Your Name,Pink + White
398818,1ULzttQgU3Q9EaIpdoxF1T,Call Me by Your Name,Le Onde
398818,0VLascXUZ2Ze2u5kUD5J1f,Call Me by Your Name,I Giorni
398818,5u5aVJKjSMJr4zesMPz7bL,Call Me by Your Name,"Clair de Lune, L. 32"
398818,11X4Gw3T4hoktVruLgTnm1,Call Me by Your Name,Heartbeats
398818,2nekCvC9XRXQckWNnkIp2l,Call Me by Your Name,Harvest Moon
398818,5GUYJTQap5F3RDQiCOJhrS,Call Me by Your Name,Self Control
332562,2VxeLyX666F8uXCJ0dZF8B,A Star Is Born,Shallow
332562,3fqwjXwUGN6vbzIwvyFMhx,A Star Is Born,Tennessee Whiskey
332562,3bNv3VuUOKgrf5hu3YcuRo,A Star Is Born,Someone Like You
332562,1ju7EsSGvRybSNEsRvc7qY,A Star Is Born,Simple Man
332562,3YRCqOhFifThpSRFJ1VWFM,A Star Is Born,November Rain
332562,6lEuFGrUqR9Yc6hSsHPnYP,A Star Is Born,"I Don't Want to Miss a Thing - From ""Armageddon"" Soundtrack"
332562,3di5hcvxxciiqwMH1jarhY,A Star Is Born,Set Fire to the Rain
332562,54X78diSLoUDI3joC2bjMz,A Star Is Born,Purple Rain
332562,1kgdslQYmeTR4thk9whoRw,A Star Is Born,Tears in Heaven
332562,3xdjjKMcMOFgo1eQrfbogM,A Star Is Born,Wagon Wheel
65,1v7L65Lzy0j0vdpRjJewt1,8 Mile,"Lose Yourself - From ""8 Mile"" Soundtrack"
65,4xkOaSrkexMciUUogZKVTS,8 Mile,Till I Collapse
65,33ZXjLCpiINn8eQIDYEPTD,8 Mile,"Shook Ones, Pt. II"
65,5ByAIlEEnxYdvpnezg7HTX,8 Mile,Juicy - 2005 Remaster
65,0trHOzAhNpGCsGBEu7dOJo,8 Mile,N.Y. State of Mind
65,119c93MHjrDLJTApCVGpvx,8 Mile,"C.R.E.A.M. (Cash Rules Everything Around Me) (feat. Method Man, Raekwon, Inspectah Deck & Buddha Monk)"
65,3UmaczJpikHgJFyBTAJVoz,8 Mile,Stan
65,7lQ8MOhq6IN2w8EYcFNSUk,8 Mile,Without Me
65,7KXjTSCq5nL1LoYtL7XAwS,8 Mile,HUMBLE.
65,7iXF2W9vKmDoGAhlHdpyIa,8 Mile,Forgot About Dre
65,1ofhfV90EnYhEr7Un2fWiv,8 Mile,Changes
284054,3GCdLUSnKSMJhs4Tj6CV3s,Black Panther,All The Stars (with SZA)
284054,7KXjTSCq5nL1LoYtL7XAwS,Black Panther,HUMBLE.
284054,2xLMifQCjDGFmkHkpNLD9h,Black Panther,SICKO MODE
284054,6gBFPUFcJLzWGx4lenP6h2,Black Panther,goosebumps
284054,1ixbwbeBi5ufN4noUKmW5a,Black Panther,Paper Planes
284054,1zi7xx7UVEFkmKfv06H8x0,Black Panther,One Dance
284054,503OTo2dSqe7qk76rgsbep,Black Panther,Still D.R.E.
284054,6DCZcSspjsKoFjzjrWoCdn,Black Panther,God's Plan
284054,0HU5JnVaKNTWf6GykV9Zn8,Black Panther,"Circle of Life - From ""The Lion King""/ Soundtrack"
109445,0qcr5FMsEO85NAQjrlDRKo,Frozen,"Let It Go - From ""Frozen""/Soundtrack Version"
109445,0HU5JnVaKNTWf6GykV9Zn8,Frozen,"Circle of Life - From ""The Lion King""/ Soundtrack"
109445,1D4PL9B8gOg78jiHg3FvBb,Frozen,Love Story
109445,0TDLuuLlV54CkRRUOahJb4,Frozen,Titanium (feat. Sia)
109445,4BMHp3DkI8VLsuB9Kr0pzu,Frozen,Primavera
109445,5xbuJuQsTVheVZvX2AJVIv,Frozen,Spring 1 - 2012
109445,0ROMalDdNg3L2HoZP4qFyJ,Frozen,"The Four Seasons - Winter in F Minor, RV. 297: I. Allegro non molto"
109445,2xizRhme7pYeITbH1NLLGt,Frozen,"Tchaikovsky: Swan Lake, Op. 20, Act II: No. 10, Scene. Moderato"
808,3cfOd4CMv2snFaKAnMdnvK,Shrek,All Star
808,7yzbimr8WVyAtBX3Eg6UL9,Shrek,Hallelujah
808,0Ph6L4l8dYUuXFmb71Ajnd,Shrek,Livin' la Vida Loca
808,7Kszjzps0xbQXyo1pO4KfE,Shrek,Le Freak - 2018 Remaster
808,2m1hi0nfMR9vdGC8UcrnwU,Shrek,All The Small Things
808,5T8EDUDqKcs6OSOwEsfqG7,Shrek,Don't Stop Me Now - Remastered 2011
808,6Ac4NVYYl2U73QiTt11ZKd,Shrek,Hooked On A Feeling
808,32OlwWuMpZ6b0aN2RZOeMS,Shrek,Uptown Funk (feat. Bruno Mars)
19913,0WQiDwKJclirSYG9v5tayI,(500) Days of Summer,There Is a Light That Never Goes Out - 2011 Remaster
19913,1FvDJ9KGxcqwv1utyPL3JZ,(500) Days of Summer,This Charming Man - 2011 Remaster
19913,4NnWuGQujzWUEg0uZokO5M,(500) Days of Summer,Just Like Heaven
19913,4QlzkaRHtU8gAdwqjWmO8n,(500) Days of Summer,Friday I'm In Love
19913,4dyx5SzxPPaD8xQIid5Wjj,(500) Days of Summer,Young Folks
19913,0cBPuDA3xUjR4Vh9o7CKy8,(500) Days of Summer,Home
19913,003vvx7Niy0yvhvHt4a68B,(500) Days of Summer,Mr. Brightside
19913,7kzKAuUzOITUauHAhoMoxA,(500) Days of Summer,Last Nite
19913,11X4Gw3T4hoktVruLgTnm1,(500) Days of Summer,Heartbeats
19913,2ixsaeFioXJmMgkkbd4uj1,(500) Days of Summer,Budapest
19913,7yq4Qj7cqayVTp3FF9CWbm,(500) Days of Summer,Riptide
19913,1K3LRUEcUz5FMtPYyg0F45,(500) Days of Summer,Ho Hey
19913,20I8RduZC2PWMWTDCZuuAN,(500) Days of Summer,Take Me Out
2108,2u96akbqgCRtkjfLMYrgZo,The Breakfast Club,Don't You (Forget About Me) - Remastered 2001
2108,4NnWuGQujzWUEg0uZokO5M,The Breakfast Club,Just Like Heaven
2108,1QFh8OH1e78dGd3VyJZCAC,The Breakfast Club,Boys Don't Cry
2108,4y1LsJpmMti1PfRQV9AWWe,The Breakfast Club,Girls Just Want to Have Fun
2108,748yv6bb3l3CcKS45a6SZ8,The Breakfast Club,Head Over Heels
2108,4RvWPyQ5RL0ao9LPZeSouE,The Breakfast Club,Everybody Wants To Rule The World
2108,2WfaOiMkCvy7F5fcp2zZ8L,The Breakfast Club,Take on Me
2108,7o9uu2GDtVDr9nsR7ZRN73,The Breakfast Club,Time After Time
2108,39shmbIHICJ2Wxnk1fPSdz,The Breakfast Club,Should I Stay or Should I Go - Remastered
2108,6wVViUl2xSRoDK2T7dMZbR,The Breakfast Club,Bizarre Love Triangle
2108,2EEinN4Zk8MUv4OQuLsTBj,The Breakfast Club,Age of Consent - 2015 Remaster
641,62Da3JOu9H9EIgmqV7DoLG,Requiem for a Dream,Lux Aeterna
641,28cnXtME493VX9NOw9cIUh,Requiem for a Dream,Hurt
641,5by3w3NXvwDpV9FBSOR35u,Requiem for a Dream,Heroin
641,5mc6EyF1OIEOhAkD0Gg9Lc,Requiem for a Dream,Closer
641,3oHSL6pt9LpNrQZuQGu9wL,Requiem for a Dream,"Requiem, K. 626: Lacrimosa"
641,2EoOZnxNgtmZaD8uUmz2nD,Requiem for a Dream,Black Hole Sun
641,7uv632EkfwYhXoqf8rhYrg,Requiem for a Dream,Angel
641,2NGhKPZdZk2pPZinWphTzh,Requiem for a Dream,November
641,67Hna13dNDkZvBpTXRIaOJ,Requiem for a Dream,Teardrop
641,5HNCy40Ni5BZJFw1TKzRsC,Requiem for a Dream,Comfortably Numb
641,0Qv7xi6uPSqH2k82tOkGSt,Requiem for a Dream,Mad World
37724,6VObnIkLVruX4UVyxWhlqm,Skyfall,Skyfall
37724,6Rqn2GFlmvmV4w9Ala0I1e,Skyfall,Feeling Good
37724,5xRP5iyVdGglqlY4Vcjhkx,Skyfall,Sinnerman
37724,4OSBTYWVwsQhGLF9NHvIbR,Skyfall,Rolling in the Deep
37724,3Ty7OTBNSigGEpeW2PqcsC,Skyfall,Glory Box
37724,3di5hcvxxciiqwMH1jarhY,Skyfall,Set Fire to the Rain
37724,7uv632EkfwYhXoqf8rhYrg,Skyfall,Angel
37724,0DMRKqrpd0QO4RWiEdMib0,Skyfall,You Know I'm No Good
37724,6Vjk8MNXpQpi0F4BefdTyq,Skyfall,Kashmir - Remaster
37724,3FAclTFfvUuQYnEsptbK8w,Skyfall,Back To Black
28,5UgT7w6zVZjP3oyawMzbiK,Apocalypse Now,The End
28,2e8MxBgVWMSQmxb2zcuCoq,Apocalypse Now,"Die Walkure, Act III: Ride of the Valkyries"
28,2PzU4IB8Dr6mxV3lHuaG34,Apocalypse Now,(I Can't Get No) Satisfaction - Mono Version
28,6H3kDe7CGoWYBabAeVWGiD,Apocalypse Now,Gimme Shelter
28,4BP3uh0hFLFRb5cjsgLqDh,Apocalypse Now,Fortunate Son
28,63T7DJ1AFDD6Bn8VzG6JE8,Apocalypse Now,"Paint It, Black"
28,2aoo2jlRnM3A0NyLQqMN2f,Apocalypse Now,All Along the Watchtower
28,14XWXWv5FoCbFzLksawpEe,Apocalypse Now,Riders on the Storm
28,0wJoRiX5K5BxlqZTolB2LD,Apocalypse Now,Purple Haze
28,1qRA5BS78u3gME0loMl9AA,Apocalypse Now,For What It's Worth
28,4mn2kNTqiGLwaUR8JdhJ1l,Apocalypse Now,House of the Rising Sun
28,1Ud6moTC0KyXMq1Oxfien0,Apocalypse Now,Sympathy For The Devil - 50th Anniversary Edition
13,4BP3uh0hFLFRb5cjsgLqDh,Forrest Gump,Fortunate Son
13,7e89621JPkKaeDSTQ3avtg,Forrest Gump,Sweet Home Alabama
13,2aoo2jlRnM3A0NyLQqMN2f,Forrest Gump,All Along the Watchtower
13,4s6LhHAV5SEsOV0lC2tjvJ,Forrest Gump,California Dreamin' - Single Version
13,1qRA5BS78u3gME0loMl9AA,Forrest Gump,For What It's Worth
13,5EWPGh7jbTNO2wakv8LjUI,Forrest Gump,Free Bird
13,18GiV1BaXzPVYpp9rmOg0E,Forrest Gump,Blowin' in the Wind
13,0iOZM63lendWRTTeKhZBSC,Forrest Gump,"Mrs. Robinson - From ""The Graduate"" Soundtrack"
13,3RkQ3UwOyPqpIiIvGVewuU,Forrest Gump,Mr. Tambourine Man
13,2LawezPeJhN4AWuSB0GtAU,Forrest Gump,Have You Ever Seen The Rain
13,745H5CctFr12Mo7cqa1BMH,Forrest Gump,My Girl
786,2TVxnKdb3tqe1nhQWwwZCO,Almost Famous,Tiny Dancer
786,1ju7EsSGvRybSNEsRvc7qY,Almost Famous,Simple Man
786,5EWPGh7jbTNO2wakv8LjUI,Almost Famous,Free Bird
786,3RkQ3UwOyPqpIiIvGVewuU,Almost Famous,Mr. Tambourine Man
786,3gdewACMIVMEWVbyb8O9sY,Almost Famous,"Rocket Man (I Think It's Going To Be A Long, Long Time)"
786,38zsOOcu31XbbYj9BIPUF1,Almost Famous,Your Song
786,6mFkJmJqdDVQ1REhVfGgd1,Almost Famous,Wish You Were Here
786,1QEEqeFIZktqIpPI4jSVSF,Almost Famous,More Than a Feeling
786,2kkvB3RNRzwjFdGhaUA0tz,Almost Famous,Layla
786,1GcVa4jFySlun4jLSuMhiq,Almost Famous,Angie
786,5vd1QZ0tdXOExiegC55IAS,Almost Famous,Heart Of Gold
786,5CQ30WqJwcep0pYcV4AMNc,Almost Famous,Stairway to Heaven - Remaster
624,63OFKbMaZSDZ4wtesuuq6f,Easy Rider,Born To Be Wild
624,0P7DoyGrr4Wp9w5TotEtUC,Easy Rider,The Weight - Remastered 2000
624,0wJoRiX5K5BxlqZTolB2LD,Easy Rider,Purple Haze
624,5uvosCdMlFdTXhoazkTI5R,Easy Rider,Light My Fire
624,14XWXWv5FoCbFzLksawpEe,Easy Rider,Riders on the Storm
624,3AhXZa8sUQht0UEdBJgpGc,Easy Rider,Like a Rolling Stone
624,5EWPGh7jbTNO2wakv8LjUI,Easy Rider,Free Bird
624,0hCB0YR03f6AmQaHbwWDe8,Easy Rider,Whole Lotta Love - 1990 Remaster
624,7e89621JPkKaeDSTQ3avtg,Easy Rider,Sweet Home Alabama
624,70YvYr2hGlS01bKRIho1HM,Easy Rider,La Grange - 2005 Remaster
624,2zYzyRzz6pRmhPzyfMEC8s,Easy Rider,Highway to Hell
8587,0HU5JnVaKNTWf6GykV9Zn8,The Lion King,"Circle of Life - From ""The Lion King""/ Soundtrack"
8587,2374M0fQpWi3dLnB54qaLX,The Lion King,Africa
8587,75FYqcxt1YEAtqDLrOeIJn,The Lion King,Three Little Birds
8587,6SR0dDuXH2vtgBfMLrivKV,The Lion King,One Love / People Get Ready - Medley
8587,0qcr5FMsEO85NAQjrlDRKo,The Lion King,"Let It Go - From ""Frozen""/Soundtrack Version"
8587,3M8FzayQWtkvOhqMn2V4T2,The Lion King,Lean on Me
8587,3SdTKo2uVsxFblQjpScoHy,The Lion King,Stand by Me
8587,1qCQTy0fTXerET4x8VHyr9,The Lion King,What A Wonderful World
251,2qhASBzpbFhPRtrnZ5lLnz,Ghost,Unchained Melody
251,3SdTKo2uVsxFblQjpScoHy,Ghost,Stand by Me
251,0S5cs4lAkx99tGjoWS4Jtk,Ghost,Only You (And You Alone)
251,44AyOl4qVkzS48vBsbNXaC,Ghost,Can't Help Falling in Love
251,6eLL7QTdMWdhhG4i3jHDR9,Ghost,Crying
251,44pN9jfSqY3d3lrKuv3QeN,Ghost,In Dreams
251,1kgdslQYmeTR4thk9whoRw,Ghost,Tears in Heaven
251,15MJ5NThPjj6xhPcts8MiY,Ghost,"Take My Breath Away - Love Theme from ""Top Gun"""
251,4Hhv2vrOTy89HFRcjU3QOx,Ghost,At Last
251,7o9uu2GDtVDr9nsR7ZRN73,Ghost,Time After Time
114,48i055G1OT5KxGGftwFxWy,Pretty Woman,"Oh, Pretty Woman"
114,50KVOLNNqft8SJr5ybrv8G,Pretty Woman,"Rigoletto: ""La donna è mobile"""
114,4y1LsJpmMti1PfRQV9AWWe,Pretty Woman,Girls Just Want to Have Fun
114,0ikz6tENMONtK6qGkOrU3c,Pretty Woman,Wake Me Up Before You Go-Go
114,745H5CctFr12Mo7cqa1BMH,Pretty Woman,My Girl
114,3NfxSdJnVdon1axzloJgba,Pretty Woman,I Say a Little Prayer
114,5K09WxKdlkroDyEVyOSySy,Pretty Woman,(You Make Me Feel Like) A Natural Woman
114,4qO03RMQm88DdpTJcxlglY,Pretty Woman,Call Me
114,44AyOl4qVkzS48vBsbNXaC,Pretty Woman,Can't Help Falling in Love
114,18VNXlRteVgchjjqaTKZmm,Pretty Woman,"Puccini: Gianni Schicchi, Act 1: ""O mio babbino caro"" (Lauretta)"
1399,2q6fxAvSpqXR4jx9Ne7RGz,Game of Thrones,"Main Title - From The ""Game Of Thrones"" Soundtrack"
1399,6iLzFJhs4ATwJn7P1utZIJ,Game of Thrones,Light of the Seven
1399,3oHSL6pt9LpNrQZuQGu9wL,Game of Thrones,"Requiem, K. 626: Lacrimosa"
1399,6Vjk8MNXpQpi0F4BefdTyq,Game of Thrones,Kashmir - Remaster
1399,78lgmZwycJ3nzsdgmPPGNx,Game of Thrones,Immigrant Song - Remaster
1399,2e8MxBgVWMSQmxb2zcuCoq,Game of Thrones,"Die Walkure, Act III: Ride of the Valkyries"
1399,4OROzZUy6gOWN4UGQVaZMF,Game of Thrones,The Trooper - 2015 Remaster
1399,54yLLvpezvPO1lA3GspiZj,Game of Thrones,Holy Diver
1399,6p8eFfPw3nQkf37aT3AkmK,Game of Thrones,Fear of the Dark - 2015 Remaster
1399,3dPQuX8Gs42Y7b454ybpMR,Game of Thrones,Seven Nation Army
1399,28cnXtME493VX9NOw9cIUh,Game of Thrones,Hurt
238,3oHSL6pt9LpNrQZuQGu9wL,The Godfather,"Requiem, K. 626: Lacrimosa"
238,74WjYdm3Lvbwnds4thYPUU,The Godfather,"Turandot, SC 91 / Act III: ""Nessun dorma!"""
238,7ijOLIYbAqtLsqMpjWYMfL,The Godfather,Meditation: Méditation from Thaïs
238,18VNXlRteVgchjjqaTKZmm,The Godfather,"Puccini: Gianni Schicchi, Act 1: ""O mio babbino caro"" (Lauretta)"
238,7xfSCgVOkQJhVxnqzepATH,The Godfather,"Moonlight Sonata (First Movement from Piano Sonata No. 14, Op. 27 No. 2)"
238,2xizRhme7pYeITbH1NLLGt,The Godfather,"Tchaikovsky: Swan Lake, Op. 20, Act II: No. 10, Scene. Moderato"
238,17i5jLpzndlQhbS4SrTd0B,The Godfather,"Cello Suite No. 1 in G Major, BWV 1007: I. Prélude"
238,50KVOLNNqft8SJr5ybrv8G,The Godfather,"Rigoletto: ""La donna è mobile"""
238,28cnXtME493VX9NOw9cIUh,The Godfather,Hurt
238,64MgjDp6ijaLvS3T83JHX9,The Godfather,That's Amore - Remastered
603,5awDvzxWfd53SSrsRZ8pXO,The Matrix,Du hast
603,79CUrU5o2KAVDTNm4x3eGU,The Matrix,Firestarter
603,0Ja4hLKiUSw01E01pJ1yGr,The Matrix,Breathe
603,48vDCZIRmrFO33fH4QU4ij,The Matrix,Smack My Bitch Up
603,2wPFy7SAFnt9Nj2TipWcqb,The Matrix,Block Rockin' Beats
603,59WN2psjkt1tyaxjspN8fp,The Matrix,Killing In The Name
603,31MOjWj3CT3dCQsMV2b8Wu,The Matrix,Blue Monday '88
603,5mc6EyF1OIEOhAkD0Gg9Lc,The Matrix,Closer
603,2aIB1CdRRG7YLBu9hNw9nR,The Matrix,The Beautiful People
603,7g8cjrj0sXScNE727685JE,The Matrix,"Kernkraft 400 - DJ Gius Mix, Radio Edit"
603,6Sy9BUbgFse0n0LPA5lwy5,The Matrix,Sandstorm
603,7kXmJwrZGIhDaLT9sNo3ut,The Matrix,Hey Boy Hey Girl
603,3dX6WDwnHwYzB5t754oB4T,The Matrix,Insomnia - Radio Edit
155,6ZFbXIJkuI1dVNWvzJzown,The Dark Knight,Time
155,62Da3JOu9H9EIgmqV7DoLG,The Dark Knight,Lux Aeterna
155,5sICkBXVmaCQk5aISGR3x1,The Dark Knight,Enter Sandman
155,7uv632EkfwYhXoqf8rhYrg,The Dark Knight,Angel
155,5mc6EyF1OIEOhAkD0Gg9Lc,The Dark Knight,Closer
155,4SSnFejRGlZikf02HLewEF,The Dark Knight,bury a friend
155,6iLzFJhs4ATwJn7P1utZIJ,The Dark Knight,Light of the Seven
155,1Ud6moTC0KyXMq1Oxfien0,The Dark Knight,Sympathy For The Devil - 50th Anniversary Edition
155,63T7DJ1AFDD6Bn8VzG6JE8,The Dark Knight,"Paint It, Black"
155,2NGhKPZdZk2pPZinWphTzh,The Dark Knight,November
155,6Vjk8MNXpQpi0F4BefdTyq,The Dark Knight,Kashmir - Remaster
475557,3E5ndyOfO6vFDEIE42HA8o,Joker,Mack the Knife
475557,34iOH7LY3vme5rQxsVILZ4,Joker,Love Will Tear Us Apart - 2020 Remaster
475557,1Jmqubf9kGkWeYQXQKImL5,Joker,People Are Strange
475557,28cnXtME493VX9NOw9cIUh,Joker,Hurt
475557,0Qv7xi6uPSqH2k82tOkGSt,Joker,Mad World
475557,4SSnFejRGlZikf02HLewEF,Joker,bury a friend
475557,1Ud6moTC0KyXMq1Oxfien0,Joker,Sympathy For The Devil - 50th Anniversary Edition
475557,4RvWPyQ5RL0ao9LPZeSouE,Joker,Everybody Wants To Rule The World
475557,70LcF31zb1H0PyJoS1Sx1r,Joker,Creep
475557,7wCmS9TTVUcIhRalDYFgPy,Joker,Where Is My Mind? - Remastered
438631,6Vjk8MNXpQpi0F4BefdTyq,Dune,Kashmir - Remaster
438631,5626KdflSKfeDK7RJQfSrE,Dune,Says
438631,6ZFbXIJkuI1dVNWvzJzown,Dune,Time
438631,78lgmZwycJ3nzsdgmPPGNx,Dune,Immigrant Song - Remaster
438631,6iLzFJhs4ATwJn7P1utZIJ,Dune,Light of the Seven
438631,2q6fxAvSpqXR4jx9Ne7RGz,Dune,"Main Title - From The ""Game Of Thrones"" Soundtrack"
438631,1vgSaC0BPlL6LEm4Xsx59J,Dune,An Ending (Ascent) - Remastered 2005
438631,2e8MxBgVWMSQmxb2zcuCoq,Dune,"Die Walkure, Act III: Ride of the Valkyries"
438631,54yLLvpezvPO1lA3GspiZj,Dune,Holy Diver
438631,6pnwfWyaWjQiHCKTiZLItr,Dune,Shine On You Crazy Diamond (Pts. 1-5)
438631,5UgT7w6zVZjP3oyawMzbiK,Dune,The End
872585,6ZFbXIJkuI1dVNWvzJzown,Oppenheimer,Time
872585,2NGhKPZdZk2pPZinWphTzh,Oppenheimer,November
872585,62Da3JOu9H9EIgmqV7DoLG,Oppenheimer,Lux Aeterna
872585,0ROMalDdNg3L2HoZP4qFyJ,Oppenheimer,"The Four Seasons - Winter in F Minor, RV. 297: I. Allegro non molto"
872585,5xbuJuQsTVheVZvX2AJVIv,Oppenheimer,Spring 1 - 2012
872585,56oReVXIfUO9xkX7pHmEU0,Oppenheimer,On the Nature of Daylight
872585,1BncfTJAWxrsxyT9culBrj,Oppenheimer,Experience
872585,6KpO4neDXxGdiEgsivZieY,Oppenheimer,Divenire
872585,5626KdflSKfeDK7RJQfSrE,Oppenheimer,Says
872585,3oHSL6pt9LpNrQZuQGu9wL,Oppenheimer,"Requiem, K. 626: Lacrimosa"
872585,5ay0cvjtVAbMLOe8gTadFh,Oppenheimer,A Model of the Universe
152601,46RNrAkGsqWTDrv2ZPOAbx,Her,Moon Song
152601,3tJjZMHLqhD8DaGgdBICnc,Her,Saturn
152601,5GbVzc6Ex5LYlLJqzRQhuy,Her,Mystery of Love
152601,1ILEK6NRfxoseoPnolRcVA,Her,Holocene
152601,2MZSXhq4XDJWu6coGoXX1V,Her,Avril 14th
152601,3Sy6wgTNEp6vSgLs4EyXAf,Her,Flight from the City
152601,5RqKo9P4DLA0bVyY70cWkr,Her,saman
152601,6kkwzB6hXLIONkEk9JciA6,Her,Weightless
152601,3xKsf9qdS1CyvXSMEid6g8,Her,Pink + White
152601,1WOxGNutRwrbik8BA5f2AY,Her,Immunity
152601,1ujxjsoNvh4XgS2fUNwkZ2,Her,Space Song
152601,5GUYJTQap5F3RDQiCOJhrS,Her,Self Control
376867,5GUYJTQap5F3RDQiCOJhrS,Moonlight,Self Control
376867,7DfFc7a6Rwfi3YQMRbDMau,Moonlight,Thinkin Bout You
376867,3xKsf9qdS1CyvXSMEid6g8,Moonlight,Pink + White
376867,56oReVXIfUO9xkX7pHmEU0,Moonlight,On the Nature of Daylight
376867,7eqoqGkKwgOaWNNHx90uEZ,Moonlight,Nights
376867,2ZWlPOoWh0626oTaHrnl2a,Moonlight,Ivy
376867,0aWMVrwxPNYkKmFthzmpRi,Moonlight,Blue in Green (feat. John Coltrane & Bill Evans)
376867,59gg6zQhSKGVnkT3hWAY3l,Moonlight,The Departure
376867,26PwuMotZqcczKLHi4Htz3,Moonlight,Redemption Song
376867,3ZCTVFBt2Brf31RLEnCkWJ,Moonlight,everything i wanted
376867,0E8q2Fx2XuzXCO2NSAppkR,Moonlight,In A Sentimental Mood
545611,5u5aVJKjSMJr4zesMPz7bL,Everything Everywhere All at Once,"Clair de Lune, L. 32"
545611,4u7EnebtmKWzUH433cf5Qv,Everything Everywhere All at Once,Bohemian Rhapsody - Remastered 2011
545611,1ujxjsoNvh4XgS2fUNwkZ2,Everything Everywhere All at Once,Space Song
545611,3tJjZMHLqhD8DaGgdBICnc,Everything Everywhere All at Once,Saturn
545611,6LgJvl0Xdtc73RJ1mmpotq,Everything Everywhere All at Once,Paranoid Android
545611,0hKRSZhUGEhKU6aNSPBACZ,Everything Everywhere All at Once,A Day In The Life - Remastered 2009
545611,4iG2gAwKXsOcijVaVXzRPW,Everything Everywhere All at Once,Time to Pretend
545611,1jJci4qxiYcOHhQR247rEU,Everything Everywhere All at Once,Kids
545611,01Q3OyB05mLgH01fpdAMPP,Everything Everywhere All at Once,Wait
545611,1s9i7W8zx7Nxx78MUIsvjV,Everything Everywhere All at Once,Outro
37799,70LcF31zb1H0PyJoS1Sx1r,The Social Network,Creep
37799,6LgJvl0Xdtc73RJ1mmpotq,The Social Network,Paranoid Android
37799,63OQupATfueTdZMWTxW03A,The Social Network,Karma Police
37799,5mc6EyF1OIEOhAkD0Gg9Lc,The Social Network,Closer
37799,2XQSgmtEY2titXhfY414dy,The Social Network,Roygbiv
37799,3vBJYnujT3yxLjLEG1jtDS,The Social Network,Music Is Math
37799,6c9EGVj5CaOeoKd9ecMW1U,The Social Network,Strobe - Radio Edit
37799,60Pe9j2pCBa4Zp4ztf5nhd,The Social Network,Windowlicker
37799,31MOjWj3CT3dCQsMV2b8Wu,The Social Network,Blue Monday '88
37799,1FL9DHDSED6lxNMDJUJQvB,The Social Network,The Model - 2009 Remaster
37799,5626KdflSKfeDK7RJQfSrE,The Social Network,Says
37799,0vFOzaXqZHahrZp6enQwQb,The Social Network,Money
98,6ZFbXIJkuI1dVNWvzJzown,Gladiator,Time
98,6Vjk8MNXpQpi0F4BefdTyq,Gladiator,Kashmir - Remaster
98,2e8MxBgVWMSQmxb2zcuCoq,Gladiator,"Die Walkure, Act III: Ride of the Valkyries"
98,2q6fxAvSpqXR4jx9Ne7RGz,Gladiator,"Main Title - From The ""Game Of Thrones"" Soundtrack"
98,3oHSL6pt9LpNrQZuQGu9wL,Gladiator,"Requiem, K. 626: Lacrimosa"
98,74WjYdm3Lvbwnds4thYPUU,Gladiator,"Turandot, SC 91 / Act III: ""Nessun dorma!"""
98,6iLzFJhs4ATwJn7P1utZIJ,Gladiator,Light of the Seven
98,4OROzZUy6gOWN4UGQVaZMF,Gladiator,The Trooper - 2015 Remaster
98,78lgmZwycJ3nzsdgmPPGNx,Gladiator,Immigrant Song - Remaster
98,1BncfTJAWxrsxyT9culBrj,Gladiator,Experience
597,2qhASBzpbFhPRtrnZ5lLnz,Titanic,Unchained Melody
597,3weNRklVDqb4Rr5MhKBR3D,Titanic,Nuvole Bianche
597,2agBDIr9MYDUducQPC1sFU,Titanic,River Flows In You
597,6lEuFGrUqR9Yc6hSsHPnYP,Titanic,"I Don't Want to Miss a Thing - From ""Armageddon"" Soundtrack"
597,44AyOl4qVkzS48vBsbNXaC,Titanic,Can't Help Falling in Love
597,7ijOLIYbAqtLsqMpjWYMfL,Titanic,Meditation: Méditation from Thaïs
597,15MJ5NThPjj6xhPcts8MiY,Titanic,"Take My Breath Away - Love Theme from ""Top Gun"""
597,6Qyc6fS4DsZjB2mRW9DsQs,Titanic,Iris
597,0tgVpDi06FyKpA1z0VMD4v,Titanic,Perfect
597,3bNv3VuUOKgrf5hu3YcuRo,Titanic,Someone Like You
597,1VNvsvEsUpuUCbHpVop1vo,Titanic,"Nocturne No. 2 in E-Flat Major, Op. 9 No. 2"
120,2q6fxAvSpqXR4jx9Ne7RGz,The Lord of the Rings: The Fellowship of the Ring,"Main Title - From The ""Game Of Thrones"" Soundtrack"
120,5CQ30WqJwcep0pYcV4AMNc,The Lord of the Rings: The Fellowship of the Ring,Stairway to Heaven - Remaster
120,6Vjk8MNXpQpi0F4BefdTyq,The Lord of the Rings: The Fellowship of the Ring,Kashmir - Remaster
120,78lgmZwycJ3nzsdgmPPGNx,The Lord of the Rings: The Fellowship of the Ring,Immigrant Song - Remaster
120,17i5jLpzndlQhbS4SrTd0B,The Lord of the Rings: The Fellowship of the Ring,"Cello Suite No. 1 in G Major, BWV 1007: I. Prélude"
120,1ILEK6NRfxoseoPnolRcVA,The Lord of the Rings: The Fellowship of the Ring,Holocene
120,5xbuJuQsTVheVZvX2AJVIv,The Lord of the Rings: The Fellowship of the Ring,Spring 1 - 2012
120,4BMHp3DkI8VLsuB9Kr0pzu,The Lord of the Rings: The Fellowship of the Ring,Primavera
120,2e8MxBgVWMSQmxb2zcuCoq,The Lord of the Rings: The Fellowship of the Ring,"Die Walkure, Act III: Ride of the Valkyries"
120,6iLzFJhs4ATwJn7P1utZIJ,The Lord of the Rings: The Fellowship of the Ring,Light of the Seven
105,2QfiRTz5Yc8DdShCxG1tB2,Back to the Future,Johnny B. Goode
105,2WfaOiMkCvy7F5fcp2zZ8L,Back to the Future,Take on Me
105,4bHsxqR3GMrXTxEPLuK5ue,Back to the Future,Don't Stop Believin'
105,452KBpASS5lZLeJWX9Ixub,Back to the Future,Jailhouse Rock
105,0S5cs4lAkx99tGjoWS4Jtk,Back to the Future,Only You (And You Alone)
105,2KH16WveTQWT6KOG9Rg6e2,Back to the Future,Eye of the Tiger
105,2374M0fQpWi3dLnB54qaLX,Back to the Future,Africa
105,37ZJ0p5Jm13JPevGcx4SkF,Back to the Future,Livin' On A Prayer
105,4y1LsJpmMti1PfRQV9AWWe,Back to the Future,Girls Just Want to Have Fun
278,3SdTKo2uVsxFblQjpScoHy,The Shawshank Redemption,Stand by Me
278,3M8FzayQWtkvOhqMn2V4T2,The Shawshank Redemption,Lean on Me
278,429GaRIWKJ3EU1GAQPbLcr,The Shawshank Redemption,"Piano Concerto No. 21 in C Major, K. 467: II. Andante"
278,18VNXlRteVgchjjqaTKZmm,The Shawshank Redemption,"Puccini: Gianni Schicchi, Act 1: ""O mio babbino caro"" (Lauretta)"
278,1qCQTy0fTXerET4x8VHyr9,The Shawshank Redemption,What A Wonderful World
278,26PwuMotZqcczKLHi4Htz3,The Shawshank Redemption,Redemption Song
278,7iN1s7xHE4ifF5povM6A48,The Shawshank Redemption,Let It Be - Remastered 2009
278,1ju7EsSGvRybSNEsRvc7qY,The Shawshank Redemption,Simple Man
278,17i5jLpzndlQhbS4SrTd0B,The Shawshank Redemption,"Cello Suite No. 1 in G Major, BWV 1007: I. Prélude"
278,0VLascXUZ2Ze2u5kUD5J1f,The Shawshank Redemption,I Giorni
278,0P7DoyGrr4Wp9w5TotEtUC,The Shawshank Redemption,The Weight - Remastered 2000
807,5mc6EyF1OIEOhAkD0Gg9Lc,Se7en,Closer
807,28cnXtME493VX9NOw9cIUh,Se7en,Hurt
807,5bu9A6uphPWg39RC3ZKeku,Se7en,"Goldberg Variations, BWV 988: Aria"
807,2EoOZnxNgtmZaD8uUmz2nD,Se7en,Black Hole Sun
807,7uv632EkfwYhXoqf8rhYrg,Se7en,Angel
807,14XWXWv5FoCbFzLksawpEe,Se7en,Riders on the Storm
807,11LmqTE2naFULdEP94AUBa,Se7en,Heart-Shaped Box
807,4SSnFejRGlZikf02HLewEF,Se7en,bury a friend
807,62Da3JOu9H9EIgmqV7DoLG,Se7en,Lux Aeterna
807,67Hna13dNDkZvBpTXRIaOJ,Se7en,Teardrop
807,5fbQCQt91LsVgXusFS0CCD,Se7en,Disorder - 2007 Remaster
694,7ERSQrRptZVM7q3VOdM7OL,The Shining,Tubular Bells - Pt. I
694,62Da3JOu9H9EIgmqV7DoLG,The Shining,Lux Aeterna
694,5fdp9rXfEixCGLM1Og4EN1,The Shining,Gnossienne No. 1
694,7xfSCgVOkQJhVxnqzepATH,The Shining,"Moonlight Sonata (First Movement from Piano Sonata No. 14, Op. 27 No. 2)"
694,6iLzFJhs4ATwJn7P1utZIJ,The Shining,Light of the Seven
694,1Jmqubf9kGkWeYQXQKImL5,The Shining,People Are Strange
694,3oHSL6pt9LpNrQZuQGu9wL,The Shining,"Requiem, K. 626: Lacrimosa"
694,4SSnFejRGlZikf02HLewEF,The Shining,bury a friend
694,78MI7mu1LV1k4IA2HzKmHe,The Shining,Dream A Little Dream Of Me - Single Version
694,14XWXWv5FoCbFzLksawpEe,The Shining,Riders on the Storm
694,3WO8ZBnOtad3xMz46Z54pY,The Shining,Blue Velvet
103,0aWMVrwxPNYkKmFthzmpRi,Taxi Driver,Blue in Green (feat. John Coltrane & Bill Evans)
103,1wl5b2lw3YagQtZiYZbQWP,Taxi Driver,'Round Midnight
103,5p3JunprHCxClJjOmcLV8G,Taxi Driver,Walk On the Wild Side
103,0E8q2Fx2XuzXCO2NSAppkR,Taxi Driver,In A Sentimental Mood
103,5y788ya4NvwhBznoDIcXwK,Taxi Driver,The Sound of Silence - Acoustic Version
103,1i6N76fftMZhijOzFQ5ZtL,Taxi Driver,Psycho Killer - 2005 Remaster
103,14XWXWv5FoCbFzLksawpEe,Taxi Driver,Riders on the Storm
103,5by3w3NXvwDpV9FBSOR35u,Taxi Driver,Heroin
103,1Jmqubf9kGkWeYQXQKImL5,Taxi Driver,People Are Strange
103,3Ty7OTBNSigGEpeW2PqcsC,Taxi Driver,Glory Box
103,2gNjmvuQiEd2z9SqyYi8HH,Taxi Driver,Summertime
769,6H3kDe7CGoWYBabAeVWGiD,GoodFellas,Gimme Shelter
769,2kkvB3RNRzwjFdGhaUA0tz,GoodFellas,Layla
769,3E5ndyOfO6vFDEIE42HA8o,GoodFellas,Mack the Knife
769,3KzgdYUlqV6TOG7JCmx2Wg,GoodFellas,Beyond the Sea
769,2PzU4IB8Dr6mxV3lHuaG34,GoodFellas,(I Can't Get No) Satisfaction - Mono Version
769,4nbILrYODP667b3d66ZMzI,GoodFellas,Sway (Quien Sera)
769,0S5cs4lAkx99tGjoWS4Jtk,GoodFellas,Only You (And You Alone)
769,1H5IfYyIIAlgDX8zguUzns,GoodFellas,Suspicious Minds
769,1Ud6moTC0KyXMq1Oxfien0,GoodFellas,Sympathy For The Devil - 50th Anniversary Edition
769,3Vby4nGmtbDo7HDJamOWkT,GoodFellas,Stuck In The Middle With You
769,64MgjDp6ijaLvS3T83JHX9,GoodFellas,That's Amore - Remastered
185,50KVOLNNqft8SJr5ybrv8G,A Clockwork Orange,"Rigoletto: ""La donna è mobile"""
185,0ROMalDdNg3L2HoZP4qFyJ,A Clockwork Orange,"The Four Seasons - Winter in F Minor, RV. 297: I. Allegro non molto"
185,3oHSL6pt9LpNrQZuQGu9wL,A Clockwork Orange,"Requiem, K. 626: Lacrimosa"
185,1i6N76fftMZhijOzFQ5ZtL,A Clockwork Orange,Psycho Killer - 2005 Remaster
185,60Pe9j2pCBa4Zp4ztf5nhd,A Clockwork Orange,Windowlicker
185,1FL9DHDSED6lxNMDJUJQvB,A Clockwork Orange,The Model - 2009 Remaster
185,0H7LRye21kQjDfHVqnGoiM,A Clockwork Orange,Carmen Suite No. 2: 2. Habanera
185,2xizRhme7pYeITbH1NLLGt,A Clockwork Orange,"Tchaikovsky: Swan Lake, Op. 20, Act II: No. 10, Scene. Moderato"
185,79MMMdYL00iwKVHBSAUkLY,A Clockwork Orange,I Wanna Be Your Dog - 2019 Remaster
185,2e8MxBgVWMSQmxb2zcuCoq,A Clockwork Orange,"Die Walkure, Act III: Ride of the Valkyries"
62,1vgSaC0BPlL6LEm4Xsx59J,2001: A Space Odyssey,An Ending (Ascent) - Remastered 2005
62,6kkwzB6hXLIONkEk9JciA6,2001: A Space Odyssey,Weightless
62,5626KdflSKfeDK7RJQfSrE,2001: A Space Odyssey,Says
62,6pnwfWyaWjQiHCKTiZLItr,2001: A Space Odyssey,Shine On You Crazy Diamond (Pts. 1-5)
62,7ERSQrRptZVM7q3VOdM7OL,2001: A Space Odyssey,Tubular Bells - Pt. I
62,3tJjZMHLqhD8DaGgdBICnc,2001: A Space Odyssey,Saturn
62,7o2AeQZzfCERsRmOM86EcB,2001: A Space Odyssey,Xtal
62,17i5jLpzndlQhbS4SrTd0B,2001: A Space Odyssey,"Cello Suite No. 1 in G Major, BWV 1007: I. Prélude"
62,5ay0cvjtVAbMLOe8gTadFh,2001: A Space Odyssey,A Model of the Universe
62,3gdewACMIVMEWVbyb8O9sY,2001: A Space Odyssey,"Rocket Man (I Think It's Going To Be A Long, Long Time)"
372058,3gFQOMoUwlR6aUZj81gCzu,Your Name.,One Summer Day
372058,2agBDIr9MYDUducQPC1sFU,Your Name.,River Flows In You
372058,3weNRklVDqb4Rr5MhKBR3D,Your Name.,Nuvole Bianche
372058,0tgVpDi06FyKpA1z0VMD4v,Your Name.,Perfect
372058,01Q3OyB05mLgH01fpdAMPP,Your Name.,Wait
372058,6GyFP1nfCDB8lbD2bG0Hq9,Your Name.,Midnight City
372058,4yLSpYlcO0jPPLTa3nW8zN,Your Name.,Fly
372058,1ujxjsoNvh4XgS2fUNwkZ2,Your Name.,Space Song
372058,6Qyc6fS4DsZjB2mRW9DsQs,Your Name.,Iris
372058,5hnyJvgoWiQUYZttV4wXy6,Your Name.,Chasing Cars
372058,3hRV0jL3vUpRrcy398teAU,Your Name.,The Night We Met
670,0ROMalDdNg3L2HoZP4qFyJ,Oldboy,"The Four Seasons - Winter in F Minor, RV. 297: I. Allegro non molto"
670,62Da3JOu9H9EIgmqV7DoLG,Oldboy,Lux Aeterna
670,2xizRhme7pYeITbH1NLLGt,Oldboy,"Tchaikovsky: Swan Lake, Op. 20, Act II: No. 10, Scene. Moderato"
670,3oHSL6pt9LpNrQZuQGu9wL,Oldboy,"Requiem, K. 626: Lacrimosa"
670,4JLcAU2xY90qTkTSNM1lUa,Oldboy,Bang Bang (My Baby Shot Me Down)
670,5fdp9rXfEixCGLM1Og4EN1,Oldboy,Gnossienne No. 1
670,28cnXtME493VX9NOw9cIUh,Oldboy,Hurt
670,7xfSCgVOkQJhVxnqzepATH,Oldboy,"Moonlight Sonata (First Movement from Piano Sonata No. 14, Op. 27 No. 2)"
670,2NGhKPZdZk2pPZinWphTzh,Oldboy,November
670,7M9pPyt8Gr41THLhbz4NSB,Oldboy,Don't Let Me Be Misunderstood
670,4oowGH3baaetOYlEVUglhU,Oldboy,"Fantaisie-Impromptu In C-Sharp Minor, Op. 66"
598,5u6y4u5EgDv0peILf60H5t,City of God,Oye Como Va
598,4YMQXzscifAREG0a7KNGhB,City of God,Black Magic Woman - Single Version
598,3898C4AbdbptwYet6547e5,City of God,The Girl From Ipanema
598,1ixbwbeBi5ufN4noUKmW5a,City of God,Paper Planes
598,228BxWXUYQPJrJYHDLOHkj,City of God,Gasolina
598,33ZXjLCpiINn8eQIDYEPTD,City of God,"Shook Ones, Pt. II"
598,1ofhfV90EnYhEr7Un2fWiv,City of God,Changes
598,5LyfiK6iXEIBNEtcaGKohl,City of God,Jamming
598,5O4erNlJ74PIF6kGol1ZrC,City of God,Could You Be Loved
598,119c93MHjrDLJTApCVGpvx,City of God,"C.R.E.A.M. (Cash Rules Everything Around Me) (feat. Method Man, Raekwon, Inspectah Deck & Buddha Monk)"
598,2aEeghgUcnu75tzcolFMfs,City of God,La Bamba - Single Version
11216,3weNRklVDqb4Rr5MhKBR3D,Cinema Paradiso,Nuvole Bianche
11216,0VLascXUZ2Ze2u5kUD5J1f,Cinema Paradiso,I Giorni
11216,1ULzttQgU3Q9EaIpdoxF1T,Cinema Paradiso,Le Onde
11216,0Dkibk70FDp6t7eOZNemNQ,Cinema Paradiso,Una Mattina
11216,7ijOLIYbAqtLsqMpjWYMfL,Cinema Paradiso,Meditation: Méditation from Thaïs
11216,18VNXlRteVgchjjqaTKZmm,Cinema Paradiso,"Puccini: Gianni Schicchi, Act 1: ""O mio babbino caro"" (Lauretta)"
11216,64MgjDp6ijaLvS3T83JHX9,Cinema Paradiso,That's Amore - Remastered
11216,5EY6yQXMCtX5EbkC0ru0LV,Cinema Paradiso,La vie en rose
11216,648TTtYB0bH0P8Hfy0FmkL,Cinema Paradiso,Unforgettable
11216,5u5aVJKjSMJr4zesMPz7bL,Cinema Paradiso,"Clair de Lune, L. 32"
11216,429GaRIWKJ3EU1GAQPbLcr,Cinema Paradiso,"Piano Concerto No. 21 in C Major, K. 467: II. Andante"
37165,4N7h4IHWRaJCOo1VFdTMHV,The Truman Show,Truman Sleeps
37165,2GnYCy70I8cR4oEA2wsSDx,The Truman Show,"The Hours: An Unwelcome Friend (From ""The Hours"")"
37165,429GaRIWKJ3EU1GAQPbLcr,The Truman Show,"Piano Concerto No. 21 in C Major, K. 467: II. Andante"
37165,4RvWPyQ5RL0ao9LPZeSouE,The Truman Show,Everybody Wants To Rule The World
37165,0Qv7xi6uPSqH2k82tOkGSt,The Truman Show,Mad World
37165,6dGnYIeXmHdcikdzNNDMm2,The Truman Show,Here Comes The Sun - Remastered 2009
37165,1qCQTy0fTXerET4x8VHyr9,The Truman Show,What A Wonderful World
37165,0bRXwKfigvpKZUurwqAlEh,The Truman Show,Lovely Day
37165,10nyNJ6zNy2YVYLrcwLccB,The Truman Show,No Surprises
37165,6a7vpKrVXdAyMItaQI9ZYS,The Truman Show,Vladimir's Blues
37165,73CKjW3vsUXRpy3NnX4H7F,The Truman Show,Fake Plastic Trees
141,748yv6bb3l3CcKS45a6SZ8,Donnie Darko,Head Over Heels
141,0Qv7xi6uPSqH2k82tOkGSt,Donnie Darko,Mad World
141,34iOH7LY3vme5rQxsVILZ4,Donnie Darko,Love Will Tear Us Apart - 2020 Remaster
141,5fbQCQt91LsVgXusFS0CCD,Donnie Darko,Disorder - 2007 Remaster
141,2o49Twc3qrNMOt8gq9W06L,Donnie Darko,Pictures Of You - Remastered
141,1YrnDTqvcnUKxAIeXyaEmU,Donnie Darko,How Soon Is Now? - 2011 Remaster
141,4NnWuGQujzWUEg0uZokO5M,Donnie Darko,Just Like Heaven
141,4RvWPyQ5RL0ao9LPZeSouE,Donnie Darko,Everybody Wants To Rule The World
141,7wCmS9TTVUcIhRalDYFgPy,Donnie Darko,Where Is My Mind? - Remastered
141,6wVViUl2xSRoDK2T7dMZbR,Donnie Darko,Bizarre Love Triangle
339403,3Vby4nGmtbDo7HDJamOWkT,Baby Driver,Stuck In The Middle With You
339403,2EqlS6tkEnglzr7tkKAAYD,Baby Driver,Come Together - Remastered 2009
339403,5SZ6zX4rOrEQferfFC2MfP,Baby Driver,Walk This Way
339403,4KcH1ZRV2W1q7Flq0QqC76,Baby Driver,Blitzkrieg Bop - 2016 Remaster
339403,2QfiRTz5Yc8DdShCxG1tB2,Baby Driver,Johnny B. Goode
339403,1FTSo4v6BOZH9QxKc3MbVM,Baby Driver,Song 2 - 2012 Remaster
339403,3ZOEytgrvLwQaqXreDs2Jx,Baby Driver,Can't Stop
339403,3dPQuX8Gs42Y7b454ybpMR,Baby Driver,Seven Nation Army
339403,32OlwWuMpZ6b0aN2RZOeMS,Baby Driver,Uptown Funk (feat. Bruno Mars)
339403,0G3fbPbE1vGeABDEZF0jeG,Baby Driver,Good Times
339403,3koCCeSaVUyrRo3N2gHrd8,Baby Driver,Let's Groove
339403,20I8RduZC2PWMWTDCZuuAN,Baby Driver,Take Me Out
106646,0vFOzaXqZHahrZp6enQwQb,The Wolf of Wall Street,Money
106646,1Ud6moTC0KyXMq1Oxfien0,The Wolf of Wall Street,Sympathy For The Devil - 50th Anniversary Edition
106646,2PzU4IB8Dr6mxV3lHuaG34,The Wolf of Wall Street,(I Can't Get No) Satisfaction - Mono Version
106646,2zYzyRzz6pRmhPzyfMEC8s,The Wolf of Wall Street,Highway to Hell
106646,32OlwWuMpZ6b0aN2RZOeMS,The Wolf of Wall Street,Uptown Funk (feat. Bruno Mars)
106646,7KXjTSCq5nL1LoYtL7XAwS,The Wolf of Wall Street,HUMBLE.
106646,119c93MHjrDLJTApCVGpvx,The Wolf of Wall Street,"C.R.E.A.M. (Cash Rules Everything Around Me) (feat. Method Man, Raekwon, Inspectah Deck & Buddha Monk)"
106646,08mG3Y1vljYA6bvDt4Wqkj,The Wolf of Wall Street,Back In Black
106646,4UDmDIqJIbrW0hMBQMFOsM,The Wolf of Wall Street,Stayin' Alive
106646,2SiXAy7TuUkycRVbbWDEpo,The Wolf of Wall Street,You Shook Me All Night Long
106646,7iL6o9tox1zgHpKUfh9vuC,The Wolf of Wall Street,In Da Club
106646,0bVtevEgtDIeRjCJbK3Lmv,The Wolf of Wall Street,Welcome To The Jungle
68718,4JLcAU2xY90qTkTSNM1lUa,Django Unchained,Bang Bang (My Baby Shot Me Down)
68718,4mn2kNTqiGLwaUR8JdhJ1l,Django Unchained,House of the Rising Sun
68718,1ofhfV90EnYhEr7Un2fWiv,Django Unchained,Changes
68718,6HSXNV0b4M4cLJ7ljgVVeh,Django Unchained,Knockin' On Heaven's Door
68718,6s0NHplywwr1IjnQpUpWJk,Django Unchained,Bad To The Bone
68718,4BP3uh0hFLFRb5cjsgLqDh,Django Unchained,Fortunate Son
68718,28cnXtME493VX9NOw9cIUh,Django Unchained,Hurt
68718,26PwuMotZqcczKLHi4Htz3,Django Unchained,Redemption Song
68718,5xRP5iyVdGglqlY4Vcjhkx,Django Unchained,Sinnerman
68718,63T7DJ1AFDD6Bn8VzG6JE8,Django Unchained,"Paint It, Black"
68718,0sjxRg1VlYfx4YG7uxurrq,Django Unchained,I Put A Spell On You
68718,5KqldkCunQ2rWxruMEtGh0,Django Unchained,The Gambler
419430,4SSnFejRGlZikf02HLewEF,Get Out,bury a friend
419430,5xRP5iyVdGglqlY4Vcjhkx,Get Out,Sinnerman
419430,0sjxRg1VlYfx4YG7uxurrq,Get Out,I Put A Spell On You
419430,1Jmqubf9kGkWeYQXQKImL5,Get Out,People Are Strange
419430,1i6N76fftMZhijOzFQ5ZtL,Get Out,Psycho Killer - 2005 Remaster
419430,7azo4rpSUh8nXgtonC6Pkq,Get Out,Thriller
419430,5fdp9rXfEixCGLM1Og4EN1,Get Out,Gnossienne No. 1
419430,2Fxmhks0bxGSBdJ92vM42m,Get Out,bad guy
419430,1JSTJqkT5qHq8MDJnJbRE1,Get Out,Every Breath You Take
419430,2Y0iGXY6m6immVb2ktbseM,Get Out,Little Dark Age
44214,2xizRhme7pYeITbH1NLLGt,Black Swan,"Tchaikovsky: Swan Lake, Op. 20, Act II: No. 10, Scene. Moderato"
44214,62Da3JOu9H9EIgmqV7DoLG,Black Swan,Lux Aeterna
44214,3oHSL6pt9LpNrQZuQGu9wL,Black Swan,"Requiem, K. 626: Lacrimosa"
44214,7xfSCgVOkQJhVxnqzepATH,Black Swan,"Moonlight Sonata (First Movement from Piano Sonata No. 14, Op. 27 No. 2)"
44214,4oowGH3baaetOYlEVUglhU,Black Swan,"Fantaisie-Impromptu In C-Sharp Minor, Op. 66"
44214,0ROMalDdNg3L2HoZP4qFyJ,Black Swan,"The Four Seasons - Winter in F Minor, RV. 297: I. Allegro non molto"
44214,5fdp9rXfEixCGLM1Og4EN1,Black Swan,Gnossienne No. 1
44214,4SSnFejRGlZikf02HLewEF,Black Swan,bury a friend
44214,7ijOLIYbAqtLsqMpjWYMfL,Black Swan,Meditation: Méditation from Thaïs
44214,2NGhKPZdZk2pPZinWphTzh,Black Swan,November
44214,5YSI1311X8t31PBjkBG4CZ,Black Swan,Wuthering Heights
284053,78lgmZwycJ3nzsdgmPPGNx,Thor: Ragnarok,Immigrant Song - Remaster
284053,57bgtoPSgt236HzfBOd8kj,Thor: Ragnarok,Thunderstruck
284053,6Vjk8MNXpQpi0F4BefdTyq,Thor: Ragnarok,Kashmir - Remaster
284053,54yLLvpezvPO1lA3GspiZj,Thor: Ragnarok,Holy Diver
284053,4OROzZUy6gOWN4UGQVaZMF,Thor: Ragnarok,The Trooper - 2015 Remaster
284053,2zYzyRzz6pRmhPzyfMEC8s,Thor: Ragnarok,Highway to Hell
284053,5T8EDUDqKcs6OSOwEsfqG7,Thor: Ragnarok,Don't Stop Me Now - Remastered 2011
284053,2WfaOiMkCvy7F5fcp2zZ8L,Thor: Ragnarok,Take on Me
284053,4pbJqGIASGPr0ZpGpnWkDn,Thor: Ragnarok,We Will Rock You - Remastered 2011
284053,08mG3Y1vljYA6bvDt4Wqkj,Thor: Ragnarok,Back In Black
284053,3YBZIN3rekqsKxbJc9FZko,Thor: Ragnarok,Paradise City
10138,57bgtoPSgt236HzfBOd8kj,Iron Man 2,Thunderstruck
10138,2zYzyRzz6pRmhPzyfMEC8s,Iron Man 2,Highway to Hell
10138,08mG3Y1vljYA6bvDt4Wqkj,Iron Man 2,Back In Black
10138,2SiXAy7TuUkycRVbbWDEpo,Iron Man 2,You Shook Me All Night Long
10138,0bVtevEgtDIeRjCJbK3Lmv,Iron Man 2,Welcome To The Jungle
10138,7ACxUo21jtTHzy7ZEV56vU,Iron Man 2,Crazy Train
10138,5sICkBXVmaCQk5aISGR3x1,Iron Man 2,Enter Sandman
10138,3YBZIN3rekqsKxbJc9FZko,Iron Man 2,Paradise City
10138,5SZ6zX4rOrEQferfFC2MfP,Iron Man 2,Walk This Way
10138,3dPQuX8Gs42Y7b454ybpMR,Iron Man 2,Seven Nation Army
8872,4u7EnebtmKWzUH433cf5Qv,Wayne's World,Bohemian Rhapsody - Remastered 2011
8872,5CQ30WqJwcep0pYcV4AMNc,Wayne's World,Stairway to Heaven - Remaster
8872,5MMnwYs0hIxkENRsbkWJ2G,Wayne's World,Smoke On The Water - Remastered 2012
8872,4pbJqGIASGPr0ZpGpnWkDn,Wayne's World,We Will Rock You - Remastered 2011
8872,7ACxUo21jtTHzy7ZEV56vU,Wayne's World,Crazy Train
8872,5SZ6zX4rOrEQferfFC2MfP,Wayne's World,Walk This Way
8872,1QEEqeFIZktqIpPI4jSVSF,Wayne's World,More Than a Feeling
8872,7o2CTH4ctstm8TNelqjb51,Wayne's World,Sweet Child O' Mine
8872,4DMKwE2E2iYDKY01C335Uw,Wayne's World,Carry on Wayward Son
8872,37ZJ0p5Jm13JPevGcx4SkF,Wayne's World,Livin' On A Prayer
8872,3QZ7uX97s82HFYSmQUAN1D,Wayne's World,Tom Sawyer
8872,5MxNLUsfh7uzROypsoO5qe,Wayne's World,Dream On
454,0z1o5L7HJx562xZSATcIpY,Romeo + Juliet,Exit Music (For A Film)
454,1D4PL9B8gOg78jiHg3FvBb,Romeo + Juliet,Love Story
454,1LzNfuep1bnAUR9skqdHCK,Romeo + Juliet,Fade Into You
454,3Ty7OTBNSigGEpeW2PqcsC,Romeo + Juliet,Glory Box
454,67Hna13dNDkZvBpTXRIaOJ,Romeo + Juliet,Teardrop
454,6Qyc6fS4DsZjB2mRW9DsQs,Romeo + Juliet,Iris
454,6lEuFGrUqR9Yc6hSsHPnYP,Romeo + Juliet,"I Don't Want to Miss a Thing - From ""Armageddon"" Soundtrack"
454,70LcF31zb1H0PyJoS1Sx1r,Romeo + Juliet,Creep
454,57iDDD9N9tTWe75x6qhStw,Romeo + Juliet,Bitter Sweet Symphony
454,7uv632EkfwYhXoqf8rhYrg,Romeo + Juliet,Angel
12405,1ixbwbeBi5ufN4noUKmW5a,Slumdog Millionaire,Paper Planes
12405,1Lim1Py7xBgbAkAys3AGAG,Slumdog Millionaire,Lean On
12405,4bz7uB4edifWKJXSDxwHcs,Slumdog Millionaire,Galvanize
12405,3ZFTkvIE7kyPt6Nu3PEa7V,Slumdog Millionaire,Hips Don't Lie (feat. Wyclef Jean)
12405,6DXLO8LndZMVOHM0wNbpzg,Slumdog Millionaire,Danza Kuduro
12405,1zi7xx7UVEFkmKfv06H8x0,Slumdog Millionaire,One Dance
12405,2tpWsVSb9UEmDRxAl1zhX1,Slumdog Millionaire,Counting Stars
12405,0TDLuuLlV54CkRRUOahJb4,Slumdog Millionaire,Titanium (feat. Sia)
161,5u5aVJKjSMJr4zesMPz7bL,Ocean's Eleven,"Clair de Lune, L. 32"
161,1YQWosTIljIvxAgHWTp7KP,Ocean's Eleven,Take Five
161,0sCeNwt8xRCMR4NhKpMyBe,Ocean's Eleven,Cantaloupe Island - Remastered
161,4nbILrYODP667b3d66ZMzI,Ocean's Eleven,Sway (Quien Sera)
161,3E5ndyOfO6vFDEIE42HA8o,Ocean's Eleven,Mack the Knife
161,3KzgdYUlqV6TOG7JCmx2Wg,Ocean's Eleven,Beyond the Sea
161,1H5IfYyIIAlgDX8zguUzns,Ocean's Eleven,Suspicious Minds
161,6Rqn2GFlmvmV4w9Ala0I1e,Ocean's Eleven,Feeling Good
161,4QxDOjgpYtQDxxbWPuEJOy,Ocean's Eleven,L-O-V-E
161,1ko2lVN0vKGUl9zrU0qSlT,Ocean's Eleven,Just the Two of Us (feat. Bill Withers)
161,2Foc5Q5nqNiosCNqttzHof,Ocean's Eleven,Get Lucky (feat. Pharrell Williams & Nile Rodgers) - Radio Edit
263115,28cnXtME493VX9NOw9cIUh,Logan,Hurt
263115,6HSXNV0b4M4cLJ7ljgVVeh,Logan,Knockin' On Heaven's Door
263115,1ju7EsSGvRybSNEsRvc7qY,Logan,Simple Man
263115,3fqwjXwUGN6vbzIwvyFMhx,Logan,Tennessee Whiskey
263115,5vd1QZ0tdXOExiegC55IAS,Logan,Heart Of Gold
263115,0P7DoyGrr4Wp9w5TotEtUC,Logan,The Weight - Remastered 2000
263115,26PwuMotZqcczKLHi4Htz3,Logan,Redemption Song
263115,6mFkJmJqdDVQ1REhVfGgd1,Logan,Wish You Were Here
263115,5KqldkCunQ2rWxruMEtGh0,Logan,The Gambler
263115,551qy5vUgrUfEUc4dCNfht,Logan,Where Did You Sleep Last Night
263115,2LawezPeJhN4AWuSB0GtAU,Logan,Have You Ever Seen The Rain
9909,1DIXPcTDzTj8ZMHt3PDt8p,Dangerous Minds,Gangsta's Paradise
9909,1ofhfV90EnYhEr7Un2fWiv,Dangerous Minds,Changes
9909,6tDxrq4FxEL2q15y37tXT9,Dangerous Minds,Dear Mama
9909,5ByAIlEEnxYdvpnezg7HTX,Dangerous Minds,Juicy - 2005 Remaster
9909,119c93MHjrDLJTApCVGpvx,Dangerous Minds,"C.R.E.A.M. (Cash Rules Everything Around Me) (feat. Method Man, Raekwon, Inspectah Deck & Buddha Monk)"
9909,3M8FzayQWtkvOhqMn2V4T2,Dangerous Minds,Lean on Me
9909,33ZXjLCpiINn8eQIDYEPTD,Dangerous Minds,"Shook Ones, Pt. II"
9909,2M9ro2krNb7nr7HSprkEgo,Dangerous Minds,Fast Car
9909,3SdTKo2uVsxFblQjpScoHy,Dangerous Minds,Stand by Me
265177,1BncfTJAWxrsxyT9culBrj,Mommy,Experience
265177,5qqabIl2vWzo9ApSC317sa,Mommy,Wonderwall - Remastered
265177,6KpO4neDXxGdiEgsivZieY,Mommy,Divenire
265177,5wQnmLuC1W7ATsArWACrgW,Mommy,Welcome to the Black Parade
265177,6Qyc6fS4DsZjB2mRW9DsQs,Mommy,Iris
265177,0COqiPhxzoWICwFCS4eZcp,Mommy,Bring Me To Life
265177,4VrWlk8IQxevMvERoX08iC,Mommy,Chandelier
265177,0TDLuuLlV54CkRRUOahJb4,Mommy,Titanium (feat. Sia)
265177,5hnyJvgoWiQUYZttV4wXy6,Mommy,Chasing Cars
801,1qCQTy0fTXerET4x8VHyr9,"Good Morning, Vietnam",What A Wonderful World
801,745H5CctFr12Mo7cqa1BMH,"Good Morning, Vietnam",My Girl
801,3SdTKo2uVsxFblQjpScoHy,"Good Morning, Vietnam",Stand by Me
801,2QfiRTz5Yc8DdShCxG1tB2,"Good Morning, Vietnam",Johnny B. Goode
801,4s6LhHAV5SEsOV0lC2tjvJ,"Good Morning, Vietnam",California Dreamin' - Single Version
801,4BP3uh0hFLFRb5cjsgLqDh,"Good Morning, Vietnam",Fortunate Son
801,1qRA5BS78u3gME0loMl9AA,"Good Morning, Vietnam",For What It's Worth
801,2PzU4IB8Dr6mxV3lHuaG34,"Good Morning, Vietnam",(I Can't Get No) Satisfaction - Mono Version
801,7tqhbajSfrz2F7E1Z75ASX,"Good Morning, Vietnam",Ain't No Mountain High Enough
801,5LxvwujISqiB8vpRYv887S,"Good Morning, Vietnam",I Want You Back
509,1k1Bqnv2R0uJXQN4u6LKYt,Notting Hill,Ain't No Sunshine
509,2JoZzpdeP2G6Csfdq5aLXP,Notting Hill,How Deep Is Your Love
509,0bRXwKfigvpKZUurwqAlEh,Notting Hill,Lovely Day
509,0tgVpDi06FyKpA1z0VMD4v,Notting Hill,Perfect
509,38zsOOcu31XbbYj9BIPUF1,Notting Hill,Your Song
509,2qhASBzpbFhPRtrnZ5lLnz,Notting Hill,Unchained Melody
509,5qqabIl2vWzo9ApSC317sa,Notting Hill,Wonderwall - Remastered
509,1ko2lVN0vKGUl9zrU0qSlT,Notting Hill,Just the Two of Us (feat. Bill Withers)
509,4Hhv2vrOTy89HFRcjU3QOx,Notting Hill,At Last
509,44AyOl4qVkzS48vBsbNXaC,Notting Hill,Can't Help Falling in Love
60574,5FVd6KXrgO9B3JPmC8OPst,Peaky Blinders,Do I Wanna Know?
60574,3dPQuX8Gs42Y7b454ybpMR,Peaky Blinders,Seven Nation Army
60574,2AT8iROs4FQueDv2c8q2KE,Peaky Blinders,R U Mine?
60574,28cnXtME493VX9NOw9cIUh,Peaky Blinders,Hurt
60574,63T7DJ1AFDD6Bn8VzG6JE8,Peaky Blinders,"Paint It, Black"
60574,551qy5vUgrUfEUc4dCNfht,Peaky Blinders,Where Did You Sleep Last Night
60574,79MMMdYL00iwKVHBSAUkLY,Peaky Blinders,I Wanna Be Your Dog - 2019 Remaster
60574,34iOH7LY3vme5rQxsVILZ4,Peaky Blinders,Love Will Tear Us Apart - 2020 Remaster
60574,5fbQCQt91LsVgXusFS0CCD,Peaky Blinders,Disorder - 2007 Remaster
60574,6H3kDe7CGoWYBabAeVWGiD,Peaky Blinders,Gimme Shelter
1398,4bHsxqR3GMrXTxEPLuK5ue,The Sopranos,Don't Stop Believin'
1398,6H3kDe7CGoWYBabAeVWGiD,The Sopranos,Gimme Shelter
1398,2kkvB3RNRzwjFdGhaUA0tz,The Sopranos,Layla
1398,64MgjDp6ijaLvS3T83JHX9,The Sopranos,That's Amore - Remastered
1398,3E5ndyOfO6vFDEIE42HA8o,The Sopranos,Mack the Knife
1398,5HNCy40Ni5BZJFw1TKzRsC,The Sopranos,Comfortably Numb
1398,2LawezPeJhN4AWuSB0GtAU,The Sopranos,Have You Ever Seen The Rain
1398,1ju7EsSGvRybSNEsRvc7qY,The Sopranos,Simple Man
1398,1Ud6moTC0KyXMq1Oxfien0,The Sopranos,Sympathy For The Devil - 50th Anniversary Edition
1398,1H5IfYyIIAlgDX8zguUzns,The Sopranos,Suspicious Minds
1398,74WjYdm3Lvbwnds4thYPUU,The Sopranos,"Turandot, SC 91 / Act III: ""Nessun dorma!"""
1920,3WO8ZBnOtad3xMz46Z54pY,Twin Peaks,Blue Velvet
1920,44pN9jfSqY3d3lrKuv3QeN,Twin Peaks,In Dreams
1920,6eLL7QTdMWdhhG4i3jHDR9,Twin Peaks,Crying
1920,0aWMVrwxPNYkKmFthzmpRi,Twin Peaks,Blue in Green (feat. John Coltrane & Bill Evans)
1920,0yc6Gst2xkRu0eMLeRMGCX,Twin Peaks,Apocalypse
1920,052z2UsE2wPrHsBJ9tly0g,Twin Peaks,Playground Love
1920,1FWsomP9StpCcXNWmJk8Cl,Twin Peaks,K.
1920,1wl5b2lw3YagQtZiYZbQWP,Twin Peaks,'Round Midnight
1920,1LzNfuep1bnAUR9skqdHCK,Twin Peaks,Fade Into You
1920,67Hna13dNDkZvBpTXRIaOJ,Twin Peaks,Teardrop
1920,3Ty7OTBNSigGEpeW2PqcsC,Twin Peaks,Glory Box
1920,0SpkyS1Q4MD8GaVcP5YjT4,Twin Peaks,Sunsetz
46648,551qy5vUgrUfEUc4dCNfht,True Detective,Where Did You Sleep Last Night
46648,28cnXtME493VX9NOw9cIUh,True Detective,Hurt
46648,14XWXWv5FoCbFzLksawpEe,True Detective,Riders on the Storm
46648,4mn2kNTqiGLwaUR8JdhJ1l,True Detective,House of the Rising Sun
46648,5xRP5iyVdGglqlY4Vcjhkx,True Detective,Sinnerman
46648,5UgT7w6zVZjP3oyawMzbiK,True Detective,The End
46648,6HSXNV0b4M4cLJ7ljgVVeh,True Detective,Knockin' On Heaven's Door
46648,7uv632EkfwYhXoqf8rhYrg,True Detective,Angel
46648,1Jmqubf9kGkWeYQXQKImL5,True Detective,People Are Strange
46648,5by3w3NXvwDpV9FBSOR35u,True Detective,Heroin
62560,7wCmS9TTVUcIhRalDYFgPy,Mr. Robot,Where Is My Mind? - Remastered
62560,63OQupATfueTdZMWTxW03A,Mr. Robot,Karma Police
62560,6LgJvl0Xdtc73RJ1mmpotq,Mr. Robot,Paranoid Android
62560,60Pe9j2pCBa4Zp4ztf5nhd,Mr. Robot,Windowlicker
62560,2JoAbvKBwp2OlkiiANRBc5,Mr. Robot,Tick Of The Clock (Film Edit)
62560,2XQSgmtEY2titXhfY414dy,Mr. Robot,Roygbiv
62560,3vBJYnujT3yxLjLEG1jtDS,Mr. Robot,Music Is Math
62560,6evpAJCR5GeeHDGgv3aXb3,Mr. Robot,Archangel
62560,5mc6EyF1OIEOhAkD0Gg9Lc,Mr. Robot,Closer
62560,31MOjWj3CT3dCQsMV2b8Wu,Mr. Robot,Blue Monday '88
62560,1FL9DHDSED6lxNMDJUJQvB,Mr. Robot,The Model - 2009 Remaster
62560,4RvWPyQ5RL0ao9LPZeSouE,Mr. Robot,Everybody Wants To Rule The World
42009,0z1o5L7HJx562xZSATcIpY,Black Mirror,Exit Music (For A Film)
42009,10nyNJ6zNy2YVYLrcwLccB,Black Mirror,No Surprises
42009,63OQupATfueTdZMWTxW03A,Black Mirror,Karma Police
42009,73CKjW3vsUXRpy3NnX4H7F,Black Mirror,Fake Plastic Trees
42009,2XQSgmtEY2titXhfY414dy,Black Mirror,Roygbiv
42009,3vBJYnujT3yxLjLEG1jtDS,Black Mirror,Music Is Math
42009,6evpAJCR5GeeHDGgv3aXb3,Black Mirror,Archangel
42009,7cs7MLtAWvsdf3w5kBvfK2,Black Mirror,Nothing's Gonna Hurt You Baby
42009,5626KdflSKfeDK7RJQfSrE,Black Mirror,Says
42009,4N7h4IHWRaJCOo1VFdTMHV,Black Mirror,Truman Sleeps
93405,62Da3JOu9H9EIgmqV7DoLG,Squid Game,Lux Aeterna
93405,6iLzFJhs4ATwJn7P1utZIJ,Squid Game,Light of the Seven
93405,4SSnFejRGlZikf02HLewEF,Squid Game,bury a friend
93405,5fdp9rXfEixCGLM1Og4EN1,Squid Game,Gnossienne No. 1
93405,3zLTPuucd3e6TxZnu2dlVS,Squid Game,"Bagatelle No. 25 in A Minor, WoO 59 ""Für Elise"""
93405,0H7LRye21kQjDfHVqnGoiM,Squid Game,Carmen Suite No. 2: 2. Habanera
93405,5xRP5iyVdGglqlY4Vcjhkx,Squid Game,Sinnerman
93405,1DIXPcTDzTj8ZMHt3PDt8p,Squid Game,Gangsta's Paradise
93405,0vFOzaXqZHahrZp6enQwQb,Squid Game,Money
93405,0ROMalDdNg3L2HoZP4qFyJ,Squid Game,"The Four Seasons - Winter in F Minor, RV. 297: I. Allegro non molto"
70523,62Da3JOu9H9EIgmqV7DoLG,Dark,Lux Aeterna
70523,56oReVXIfUO9xkX7pHmEU0,Dark,On the Nature of Daylight
70523,2NGhKPZdZk2pPZinWphTzh,Dark,November
70523,6rodOIyxUXZrRfzoNL2vXx,Dark,Elegy For The Arctic - Remastered 2020
70523,5626KdflSKfeDK7RJQfSrE,Dark,Says
70523,59gg6zQhSKGVnkT3hWAY3l,Dark,The Departure
70523,6evpAJCR5GeeHDGgv3aXb3,Dark,Archangel
70523,34iOH7LY3vme5rQxsVILZ4,Dark,Love Will Tear Us Apart - 2020 Remaster
70523,5fbQCQt91LsVgXusFS0CCD,Dark,Disorder - 2007 Remaster
70523,67Hna13dNDkZvBpTXRIaOJ,Dark,Teardrop
70523,7uv632EkfwYhXoqf8rhYrg,Dark,Angel
70523,7xfSCgVOkQJhVxnqzepATH,Dark,"Moonlight Sonata (First Movement from Piano Sonata No. 14, Op. 27 No. 2)"
63247,63T7DJ1AFDD6Bn8VzG6JE8,Westworld,"Paint It, Black"
63247,2EoOZnxNgtmZaD8uUmz2nD,Westworld,Black Hole Sun
63247,10nyNJ6zNy2YVYLrcwLccB,Westworld,No Surprises
63247,0z1o5L7HJx562xZSATcIpY,Westworld,Exit Music (For A Film)
63247,73CKjW3vsUXRpy3NnX4H7F,Westworld,Fake Plastic Trees
63247,4mn2kNTqiGLwaUR8JdhJ1l,Westworld,House of the Rising Sun
63247,11LmqTE2naFULdEP94AUBa,Westworld,Heart-Shaped Box
63247,4N7h4IHWRaJCOo1VFdTMHV,Westworld,Truman Sleeps
63247,2GnYCy70I8cR4oEA2wsSDx,Westworld,"The Hours: An Unwelcome Friend (From ""The Hours"")"
63247,28cnXtME493VX9NOw9cIUh,Westworld,Hurt
63247,15VRO9CQwMpbqUYA7e6Hwg,Westworld,The Man Who Sold The World
60059,5MMnwYs0hIxkENRsbkWJ2G,Better Call Saul,Smoke On The Water - Remastered 2012
60059,70YvYr2hGlS01bKRIho1HM,Better Call Saul,La Grange - 2005 Remaster
60059,6s0NHplywwr1IjnQpUpWJk,Better Call Saul,Bad To The Bone
60059,4nbILrYODP667b3d66ZMzI,Better Call Saul,Sway (Quien Sera)
60059,4YMQXzscifAREG0a7KNGhB,Better Call Saul,Black Magic Woman - Single Version
60059,5u6y4u5EgDv0peILf60H5t,Better Call Saul,Oye Como Va
60059,1YQWosTIljIvxAgHWTp7KP,Better Call Saul,Take Five
60059,0sCeNwt8xRCMR4NhKpMyBe,Better Call Saul,Cantaloupe Island - Remastered
60059,5KqldkCunQ2rWxruMEtGh0,Better Call Saul,The Gambler
60059,0vFOzaXqZHahrZp6enQwQb,Better Call Saul,Money
60059,6S3JlDAGk3uu3NtZbPnuhS,Better Call Saul,Baby Blue - Remastered 2010
60059,2LawezPeJhN4AWuSB0GtAU,Better Call Saul,Have You Ever Seen The Rain
136315,7kzKAuUzOITUauHAhoMoxA,The Bear,Last Nite
136315,57Xjny5yNzAcsxnusKmAfA,The Bear,Reptilia
136315,1FTSo4v6BOZH9QxKc3MbVM,The Bear,Song 2 - 2012 Remaster
136315,5UWwZ5lm5PKu6eKsHAGxOk,The Bear,Everlong
136315,2RsAajgo0g7bMCHxwH3Sk0,The Bear,Come As You Are
136315,3d9DChrdc6BOeFsbrZ3Is0,The Bear,Under the Bridge
136315,3ZOEytgrvLwQaqXreDs2Jx,The Bear,Can't Stop
136315,5fbQCQt91LsVgXusFS0CCD,The Bear,Disorder - 2007 Remaster
136315,7bu0znpSbTks0O6I98ij0W,The Bear,"Tonight, Tonight - Remastered 2012"
136315,6GG73Jik4jUlQCkKg9JuGO,The Bear,The Middle
12,3KzgdYUlqV6TOG7JCmx2Wg,Finding Nemo,Beyond the Sea
12,75FYqcxt1YEAtqDLrOeIJn,Finding Nemo,Three Little Birds
12,6dGnYIeXmHdcikdzNNDMm2,Finding Nemo,Here Comes The Sun - Remastered 2009
12,1qCQTy0fTXerET4x8VHyr9,Finding Nemo,What A Wonderful World
12,3gFQOMoUwlR6aUZj81gCzu,Finding Nemo,One Summer Day
12,1ULzttQgU3Q9EaIpdoxF1T,Finding Nemo,Le Onde
12,0bRXwKfigvpKZUurwqAlEh,Finding Nemo,Lovely Day
12,3898C4AbdbptwYet6547e5,Finding Nemo,The Girl From Ipanema
12,6SR0dDuXH2vtgBfMLrivKV,Finding Nemo,One Love / People Get Ready - Medley
12,1SKPmfSYaPsETbRHaiA18G,Finding Nemo,Somewhere Only We Know
9799,6DXLO8LndZMVOHM0wNbpzg,The Fast and the Furious,Danza Kuduro
9799,228BxWXUYQPJrJYHDLOHkj,The Fast and the Furious,Gasolina
9799,7iL6o9tox1zgHpKUfh9vuC,The Fast and the Furious,In Da Club
9799,503OTo2dSqe7qk76rgsbep,The Fast and the Furious,Still D.R.E.
9799,7iXF2W9vKmDoGAhlHdpyIa,The Fast and the Furious,Forgot About Dre
9799,5cZqsjVs6MevCnAkasbEOX,The Fast and the Furious,Break Stuff
9799,5W8YXBz9MTIDyrpYaCg2Ky,The Fast and the Furious,Last Resort
9799,2nLtzopw4rPReszdYBJU6h,The Fast and the Furious,Numb
9799,2xLMifQCjDGFmkHkpNLD9h,The Fast and the Furious,SICKO MODE
9799,3ia3dJETSOllPsv3LJkE35,The Fast and the Furious,California Love - Original Version
9799,2NBQmPrOEEjA8VbeWOQGxO,The Fast and the Furious,Drop It Like It's Hot
424,56oReVXIfUO9xkX7pHmEU0,Schindler's List,On the Nature of Daylight
424,3oHSL6pt9LpNrQZuQGu9wL,Schindler's List,"Requiem, K. 626: Lacrimosa"
424,7ijOLIYbAqtLsqMpjWYMfL,Schindler's List,Meditation: Méditation from Thaïs
424,2ffwBvpsQhgXyU7zBUOhwP,Schindler's List,Written on the Sky
424,59gg6zQhSKGVnkT3hWAY3l,Schindler's List,The Departure
424,6rodOIyxUXZrRfzoNL2vXx,Schindler's List,Elegy For The Arctic - Remastered 2020
424,17i5jLpzndlQhbS4SrTd0B,Schindler's List,"Cello Suite No. 1 in G Major, BWV 1007: I. Prélude"
424,7xfSCgVOkQJhVxnqzepATH,Schindler's List,"Moonlight Sonata (First Movement from Piano Sonata No. 14, Op. 27 No. 2)"
424,1VNvsvEsUpuUCbHpVop1vo,Schindler's List,"Nocturne No. 2 in E-Flat Major, Op. 9 No. 2"
424,28cnXtME493VX9NOw9cIUh,Schindler's List,Hurt
274,5bu9A6uphPWg39RC3ZKeku,The Silence of the Lambs,"Goldberg Variations, BWV 988: Aria"
274,7ERSQrRptZVM7q3VOdM7OL,The Silence of the Lambs,Tubular Bells - Pt. I
274,4SSnFejRGlZikf02HLewEF,The Silence of the Lambs,bury a friend
274,5fdp9rXfEixCGLM1Og4EN1,The Silence of the Lambs,Gnossienne No. 1
274,1i6N76fftMZhijOzFQ5ZtL,The Silence of the Lambs,Psycho Killer - 2005 Remaster
274,1Jmqubf9kGkWeYQXQKImL5,The Silence of the Lambs,People Are Strange
274,14XWXWv5FoCbFzLksawpEe,The Silence of the Lambs,Riders on the Storm
274,7xfSCgVOkQJhVxnqzepATH,The Silence of the Lambs,"Moonlight Sonata (First Movement from Piano Sonata No. 14, Op. 27 No. 2)"
274,1JSTJqkT5qHq8MDJnJbRE1,The Silence of the Lambs,Every Breath You Take
274,5mc6EyF1OIEOhAkD0Gg9Lc,The Silence of the Lambs,Closer
857,56oReVXIfUO9xkX7pHmEU0,Saving Private Ryan,On the Nature of Daylight
857,4BP3uh0hFLFRb5cjsgLqDh,Saving Private Ryan,Fortunate Son
857,6rodOIyxUXZrRfzoNL2vXx,Saving Private Ryan,Elegy For The Arctic - Remastered 2020
857,3oHSL6pt9LpNrQZuQGu9wL,Saving Private Ryan,"Requiem, K. 626: Lacrimosa"
857,4OROzZUy6gOWN4UGQVaZMF,Saving Private Ryan,The Trooper - 2015 Remaster
857,28cnXtME493VX9NOw9cIUh,Saving Private Ryan,Hurt
857,6HSXNV0b4M4cLJ7ljgVVeh,Saving Private Ryan,Knockin' On Heaven's Door
857,52vA3CYKZqZVdQnzRrdZt6,Saving Private Ryan,The Times They Are A-Changin'
857,6mFkJmJqdDVQ1REhVfGgd1,Saving Private Ryan,Wish You Were Here
289,648TTtYB0bH0P8Hfy0FmkL,Casablanca,Unforgettable
289,78MI7mu1LV1k4IA2HzKmHe,Casablanca,Dream A Little Dream Of Me - Single Version
289,33jt3kYWjQzqn3xyYQ5ZEh,Casablanca,Cheek To Cheek
289,5EY6yQXMCtX5EbkC0ru0LV,Casablanca,La vie en rose
289,4l9hml2UCnxoNI3yCdL1BW,Casablanca,My Funny Valentine
289,0E8q2Fx2XuzXCO2NSAppkR,Casablanca,In A Sentimental Mood
289,2gNjmvuQiEd2z9SqyYi8HH,Casablanca,Summertime
289,3WO8ZBnOtad3xMz46Z54pY,Casablanca,Blue Velvet
289,1wl5b2lw3YagQtZiYZbQWP,Casablanca,'Round Midnight
289,0S5cs4lAkx99tGjoWS4Jtk,Casablanca,Only You (And You Alone)
539,7ERSQrRptZVM7q3VOdM7OL,Psycho,Tubular Bells - Pt. I
539,5fdp9rXfEixCGLM1Og4EN1,Psycho,Gnossienne No. 1
539,0ROMalDdNg3L2HoZP4qFyJ,Psycho,"The Four Seasons - Winter in F Minor, RV. 297: I. Allegro non molto"
539,1i6N76fftMZhijOzFQ5ZtL,Psycho,Psycho Killer - 2005 Remaster
539,4SSnFejRGlZikf02HLewEF,Psycho,bury a friend
539,1Jmqubf9kGkWeYQXQKImL5,Psycho,People Are Strange
539,7xfSCgVOkQJhVxnqzepATH,Psycho,"Moonlight Sonata (First Movement from Piano Sonata No. 14, Op. 27 No. 2)"
539,62Da3JOu9H9EIgmqV7DoLG,Psycho,Lux Aeterna
539,1JSTJqkT5qHq8MDJnJbRE1,Psycho,Every Breath You Take
111,7iL6o9tox1zgHpKUfh9vuC,Scarface,In Da Club
111,7KwZNVEaqikRSBSpyhXK2j,Scarface,Hypnotize - 2014 Remaster
111,2g8HN35AnVGIk7B8yMucww,Scarface,Big Poppa - 2005 Remaster
111,228BxWXUYQPJrJYHDLOHkj,Scarface,Gasolina
111,0vFOzaXqZHahrZp6enQwQb,Scarface,Money
111,0n2SEXB2qoRQg171q7XqeW,Scarface,Smooth (feat. Rob Thomas)
111,119c93MHjrDLJTApCVGpvx,Scarface,"C.R.E.A.M. (Cash Rules Everything Around Me) (feat. Method Man, Raekwon, Inspectah Deck & Buddha Monk)"
111,4qO03RMQm88DdpTJcxlglY,Scarface,Call Me
111,1vCBk33l9HaWp5FOnhSGxk,Scarface,I Feel Love
111,7fBv7CLKzipRk6EC6TWHOB,Scarface,The Hills
111,5ByAIlEEnxYdvpnezg7HTX,Scarface,Juicy - 2005 Remaster
1366,2KH16WveTQWT6KOG9Rg6e2,Rocky,Eye of the Tiger
1366,1v7L65Lzy0j0vdpRjJewt1,Rocky,"Lose Yourself - From ""8 Mile"" Soundtrack"
1366,4xkOaSrkexMciUUogZKVTS,Rocky,Till I Collapse
1366,0dOg1ySSI7NkpAe89Zo0b9,Rocky,Born in the U.S.A.
1366,4pbJqGIASGPr0ZpGpnWkDn,Rocky,We Will Rock You - Remastered 2011
1366,0v1XpBHnsbkCn7iJ9Ucr1l,Rocky,It's My Life
1366,37ZJ0p5Jm13JPevGcx4SkF,Rocky,Livin' On A Prayer
1366,5MxNLUsfh7uzROypsoO5qe,Rocky,Dream On
1366,4bHsxqR3GMrXTxEPLuK5ue,Rocky,Don't Stop Believin'
578,3KzgdYUlqV6TOG7JCmx2Wg,Jaws,Beyond the Sea
578,14XWXWv5FoCbFzLksawpEe,Jaws,Riders on the Storm
578,7ERSQrRptZVM7q3VOdM7OL,Jaws,Tubular Bells - Pt. I
578,2q6fxAvSpqXR4jx9Ne7RGz,Jaws,"Main Title - From The ""Game Of Thrones"" Soundtrack"
578,0ROMalDdNg3L2HoZP4qFyJ,Jaws,"The Four Seasons - Winter in F Minor, RV. 297: I. Allegro non molto"
578,6p8eFfPw3nQkf37aT3AkmK,Jaws,Fear of the Dark - 2015 Remaster
578,5sICkBXVmaCQk5aISGR3x1,Jaws,Enter Sandman
578,2e8MxBgVWMSQmxb2zcuCoq,Jaws,"Die Walkure, Act III: Ride of the Valkyries"
601,6pWgRkpqVfxnj3WuIcJ7WP,E.T. the Extra-Terrestrial,Cornfield Chase
601,3gFQOMoUwlR6aUZj81gCzu,E.T. the Extra-Terrestrial,One Summer Day
601,3gdewACMIVMEWVbyb8O9sY,E.T. the Extra-Terrestrial,"Rocket Man (I Think It's Going To Be A Long, Long Time)"
601,4yLSpYlcO0jPPLTa3nW8zN,E.T. the Extra-Terrestrial,Fly
601,3tJjZMHLqhD8DaGgdBICnc,E.T. the Extra-Terrestrial,Saturn
601,5ay0cvjtVAbMLOe8gTadFh,E.T. the Extra-Terrestrial,A Model of the Universe
601,0aym2LBJBk9DAYuHHutrIl,E.T. the Extra-Terrestrial,Hey Jude - Remastered 2015
601,6dGnYIeXmHdcikdzNNDMm2,E.T. the Extra-Terrestrial,Here Comes The Sun - Remastered 2009
601,1jJci4qxiYcOHhQR247rEU,E.T. the Extra-Terrestrial,Kids
11,2q6fxAvSpqXR4jx9Ne7RGz,Star Wars,"Main Title - From The ""Game Of Thrones"" Soundtrack"
11,2e8MxBgVWMSQmxb2zcuCoq,Star Wars,"Die Walkure, Act III: Ride of the Valkyries"
11,0sCeNwt8xRCMR4NhKpMyBe,Star Wars,Cantaloupe Island - Remastered
11,6Vjk8MNXpQpi0F4BefdTyq,Star Wars,Kashmir - Remaster
11,3gdewACMIVMEWVbyb8O9sY,Star Wars,"Rocket Man (I Think It's Going To Be A Long, Long Time)"
11,6pWgRkpqVfxnj3WuIcJ7WP,Star Wars,Cornfield Chase
11,78lgmZwycJ3nzsdgmPPGNx,Star Wars,Immigrant Song - Remaster
11,54yLLvpezvPO1lA3GspiZj,Star Wars,Holy Diver
11,4pbJqGIASGPr0ZpGpnWkDn,Star Wars,We Will Rock You - Remastered 2011
11,6ZFbXIJkuI1dVNWvzJzown,Star Wars,Time
85,2e8MxBgVWMSQmxb2zcuCoq,Raiders of the Lost Ark,"Die Walkure, Act III: Ride of the Valkyries"
85,6Vjk8MNXpQpi0F4BefdTyq,Raiders of the Lost Ark,Kashmir - Remaster
85,2q6fxAvSpqXR4jx9Ne7RGz,Raiders of the Lost Ark,"Main Title - From The ""Game Of Thrones"" Soundtrack"
85,2QfiRTz5Yc8DdShCxG1tB2,Raiders of the Lost Ark,Johnny B. Goode
85,78lgmZwycJ3nzsdgmPPGNx,Raiders of the Lost Ark,Immigrant Song - Remaster
85,4YMQXzscifAREG0a7KNGhB,Raiders of the Lost Ark,Black Magic Woman - Single Version
85,2KH16WveTQWT6KOG9Rg6e2,Raiders of the Lost Ark,Eye of the Tiger
85,4OROzZUy6gOWN4UGQVaZMF,Raiders of the Lost Ark,The Trooper - 2015 Remaster
85,34x6hEJgGAOQvmlMql5Ige,Raiders of the Lost Ark,"Danger Zone - From ""Top Gun"" Original Soundtrack"
329,0HU5JnVaKNTWf6GykV9Zn8,Jurassic Park,"Circle of Life - From ""The Lion King""/ Soundtrack"
329,2q6fxAvSpqXR4jx9Ne7RGz,Jurassic Park,"Main Title - From The ""Game Of Thrones"" Soundtrack"
329,6pWgRkpqVfxnj3WuIcJ7WP,Jurassic Park,Cornfield Chase
329,0bVtevEgtDIeRjCJbK3Lmv,Jurassic Park,Welcome To The Jungle
329,2374M0fQpWi3dLnB54qaLX,Jurassic Park,Africa
329,1BncfTJAWxrsxyT9culBrj,Jurassic Park,Experience
329,4BMHp3DkI8VLsuB9Kr0pzu,Jurassic Park,Primavera
329,6Vjk8MNXpQpi0F4BefdTyq,Jurassic Park,Kashmir - Remaster
329,6p8eFfPw3nQkf37aT3AkmK,Jurassic Park,Fear of the Dark - 2015 Remaster
348,7ERSQrRptZVM7q3VOdM7OL,Alien,Tubular Bells - Pt. I
348,1vgSaC0BPlL6LEm4Xsx59J,Alien,An Ending (Ascent) - Remastered 2005
348,62Da3JOu9H9EIgmqV7DoLG,Alien,Lux Aeterna
348,7uv632EkfwYhXoqf8rhYrg,Alien,Angel
348,5626KdflSKfeDK7RJQfSrE,Alien,Says
348,4SSnFejRGlZikf02HLewEF,Alien,bury a friend
348,6pnwfWyaWjQiHCKTiZLItr,Alien,Shine On You Crazy Diamond (Pts. 1-5)
348,5sICkBXVmaCQk5aISGR3x1,Alien,Enter Sandman
348,6p8eFfPw3nQkf37aT3AkmK,Alien,Fear of the Dark - 2015 Remaster
78,0U0ldCRmgCqhVvD6ksG63j,Blade Runner,Nightcall
78,1vgSaC0BPlL6LEm4Xsx59J,Blade Runner,An Ending (Ascent) - Remastered 2005
78,65r94rVdiMwqXyQFEr3tqT,Blade Runner,Resonance
78,2JoAbvKBwp2OlkiiANRBc5,Blade Runner,Tick Of The Clock (Film Edit)
78,0aWMVrwxPNYkKmFthzmpRi,Blade Runner,Blue in Green (feat. John Coltrane & Bill Evans)
78,7o2AeQZzfCERsRmOM86EcB,Blade Runner,Xtal
78,6evpAJCR5GeeHDGgv3aXb3,Blade Runner,Archangel
78,6kkwzB6hXLIONkEk9JciA6,Blade Runner,Weightless
78,67Hna13dNDkZvBpTXRIaOJ,Blade Runner,Teardrop
78,3Ty7OTBNSigGEpeW2PqcsC,Blade Runner,Glory Box
78,0E8q2Fx2XuzXCO2NSAppkR,Blade Runner,In A Sentimental Mood
280,6s0NHplywwr1IjnQpUpWJk,Terminator 2: Judgment Day,Bad To The Bone
280,0bVtevEgtDIeRjCJbK3Lmv,Terminator 2: Judgment Day,Welcome To The Jungle
280,7o2CTH4ctstm8TNelqjb51,Terminator 2: Judgment Day,Sweet Child O' Mine
280,5sICkBXVmaCQk5aISGR3x1,Terminator 2: Judgment Day,Enter Sandman
280,5awDvzxWfd53SSrsRZ8pXO,Terminator 2: Judgment Day,Du hast
280,0L7zm6afBEtrNKo6C6Gj08,Terminator 2: Judgment Day,Painkiller
280,57bgtoPSgt236HzfBOd8kj,Terminator 2: Judgment Day,Thunderstruck
280,2aIB1CdRRG7YLBu9hNw9nR,Terminator 2: Judgment Day,The Beautiful People
280,3YBZIN3rekqsKxbJc9FZko,Terminator 2: Judgment Day,Paradise City
280,2MuWTIM3b0YEAskbeeFE1i,Terminator 2: Judgment Day,Master Of Puppets
562,57bgtoPSgt236HzfBOd8kj,Die Hard,Thunderstruck
562,0bVtevEgtDIeRjCJbK3Lmv,Die Hard,Welcome To The Jungle
562,2zYzyRzz6pRmhPzyfMEC8s,Die Hard,Highway to Hell
562,6s0NHplywwr1IjnQpUpWJk,Die Hard,Bad To The Bone
562,37ZJ0p5Jm13JPevGcx4SkF,Die Hard,Livin' On A Prayer
562,2SiXAy7TuUkycRVbbWDEpo,Die Hard,You Shook Me All Night Long
562,34x6hEJgGAOQvmlMql5Ige,Die Hard,"Danger Zone - From ""Top Gun"" Original Soundtrack"
562,08mG3Y1vljYA6bvDt4Wqkj,Die Hard,Back In Black
862,3M8FzayQWtkvOhqMn2V4T2,Toy Story,Lean on Me
862,3SdTKo2uVsxFblQjpScoHy,Toy Story,Stand by Me
862,6dGnYIeXmHdcikdzNNDMm2,Toy Story,Here Comes The Sun - Remastered 2009
862,745H5CctFr12Mo7cqa1BMH,Toy Story,My Girl
862,0bRXwKfigvpKZUurwqAlEh,Toy Story,Lovely Day
862,0aym2LBJBk9DAYuHHutrIl,Toy Story,Hey Jude - Remastered 2015
862,75FYqcxt1YEAtqDLrOeIJn,Toy Story,Three Little Birds
862,1qCQTy0fTXerET4x8VHyr9,Toy Story,What A Wonderful World
862,0cBPuDA3xUjR4Vh9o7CKy8,Toy Story,Home
862,5LxvwujISqiB8vpRYv887S,Toy Story,I Want You Back
14160,6bpmBNPfQ2KFAW0ik6F9Vq,Up,La Valse d'Amélie - Version piano
14160,1qCQTy0fTXerET4x8VHyr9,Up,What A Wonderful World
14160,648TTtYB0bH0P8Hfy0FmkL,Up,Unforgettable
14160,14rZjW3RioG7WesZhYESso,Up,"Comptine d'un autre été, l'après-midi"
14160,44AyOl4qVkzS48vBsbNXaC,Up,Can't Help Falling in Love
14160,6dGnYIeXmHdcikdzNNDMm2,Up,Here Comes The Sun - Remastered 2009
14160,2nekCvC9XRXQckWNnkIp2l,Up,Harvest Moon
14160,0VLascXUZ2Ze2u5kUD5J1f,Up,I Giorni
14160,78MI7mu1LV1k4IA2HzKmHe,Up,Dream A Little Dream Of Me - Single Version
10681,5EY6yQXMCtX5EbkC0ru0LV,WALL·E,La vie en rose
10681,1qCQTy0fTXerET4x8VHyr9,WALL·E,What A Wonderful World
10681,78MI7mu1LV1k4IA2HzKmHe,WALL·E,Dream A Little Dream Of Me - Single Version
10681,33jt3kYWjQzqn3xyYQ5ZEh,WALL·E,Cheek To Cheek
10681,1ujxjsoNvh4XgS2fUNwkZ2,WALL·E,Space Song
10681,3gdewACMIVMEWVbyb8O9sY,WALL·E,"Rocket Man (I Think It's Going To Be A Long, Long Time)"
10681,3tJjZMHLqhD8DaGgdBICnc,WALL·E,Saturn
10681,1vgSaC0BPlL6LEm4Xsx59J,WALL·E,An Ending (Ascent) - Remastered 2005
10681,4QxDOjgpYtQDxxbWPuEJOy,WALL·E,L-O-V-E
10681,648TTtYB0bH0P8Hfy0FmkL,WALL·E,Unforgettable
150540,2MZSXhq4XDJWu6coGoXX1V,Inside Out,Avril 14th
150540,2agBDIr9MYDUducQPC1sFU,Inside Out,River Flows In You
150540,4U45aEWtQhrm8A5mxPaFZ7,Inside Out,Vienna
150540,6dGnYIeXmHdcikdzNNDMm2,Inside Out,Here Comes The Sun - Remastered 2009
150540,1SKPmfSYaPsETbRHaiA18G,Inside Out,Somewhere Only We Know
150540,4N7h4IHWRaJCOo1VFdTMHV,Inside Out,Truman Sleeps
150540,0Dkibk70FDp6t7eOZNemNQ,Inside Out,Una Mattina
150540,1jJci4qxiYcOHhQR247rEU,Inside Out,Kids
150540,0cBPuDA3xUjR4Vh9o7CKy8,Inside Out,Home
150540,6a7vpKrVXdAyMItaQI9ZYS,Inside Out,Vladimir's Blues
354912,2aEeghgUcnu75tzcolFMfs,Coco,La Bamba - Single Version
354912,5u6y4u5EgDv0peILf60H5t,Coco,Oye Como Va
354912,4nbILrYODP667b3d66ZMzI,Coco,Sway (Quien Sera)
354912,2lnzGkdtDj5mtlcOW2yRtG,Coco,"Whenever, Wherever"
354912,1kgdslQYmeTR4thk9whoRw,Coco,Tears in Heaven
354912,3SdTKo2uVsxFblQjpScoHy,Coco,Stand by Me
354912,0n2SEXB2qoRQg171q7XqeW,Coco,Smooth (feat. Rob Thomas)
354912,0Ph6L4l8dYUuXFmb71Ajnd,Coco,Livin' la Vida Loca
354912,4YMQXzscifAREG0a7KNGhB,Coco,Black Magic Woman - Single Version
324857,2xLMifQCjDGFmkHkpNLD9h,Spider-Man: Into the Spider-Verse,SICKO MODE
324857,6gBFPUFcJLzWGx4lenP6h2,Spider-Man: Into the Spider-Verse,goosebumps
324857,7KXjTSCq5nL1LoYtL7XAwS,Spider-Man: Into the Spider-Verse,HUMBLE.
324857,3GCdLUSnKSMJhs4Tj6CV3s,Spider-Man: Into the Spider-Verse,All The Stars (with SZA)
324857,0d28khcov6AiegSCpG5TuT,Spider-Man: Into the Spider-Verse,Feel Good Inc.
324857,1RKUoGiLEbcXN4GY4spQDx,Spider-Man: Into the Spider-Verse,Clint Eastwood
324857,3CRDbSIZ4r5MsZ0YwxuEkn,Spider-Man: Into the Spider-Verse,Stressed Out
324857,0pqnGHJpmpxLKifKRmU6WP,Spider-Man: Into the Spider-Verse,Believer
324857,6DCZcSspjsKoFjzjrWoCdn,Spider-Man: Into the Spider-Verse,God's Plan
324857,5ByAIlEEnxYdvpnezg7HTX,Spider-Man: Into the Spider-Verse,Juicy - 2005 Remaster
4935,3gFQOMoUwlR6aUZj81gCzu,Howl's Moving Castle,One Summer Day
4935,6bpmBNPfQ2KFAW0ik6F9Vq,Howl's Moving Castle,La Valse d'Amélie - Version piano
4935,3weNRklVDqb4Rr5MhKBR3D,Howl's Moving Castle,Nuvole Bianche
4935,2agBDIr9MYDUducQPC1sFU,Howl's Moving Castle,River Flows In You
4935,14rZjW3RioG7WesZhYESso,Howl's Moving Castle,"Comptine d'un autre été, l'après-midi"
4935,4BMHp3DkI8VLsuB9Kr0pzu,Howl's Moving Castle,Primavera
4935,1VNvsvEsUpuUCbHpVop1vo,Howl's Moving Castle,"Nocturne No. 2 in E-Flat Major, Op. 9 No. 2"
4935,6nrWWTcOBmoLwcNrLRhY8n,Howl's Moving Castle,"Deux Arabesques, L66: No. 1: Andantino con moto"
4935,1ULzttQgU3Q9EaIpdoxF1T,Howl's Moving Castle,Le Onde
4935,5xbuJuQsTVheVZvX2AJVIv,Howl's Moving Castle,Spring 1 - 2012
128,3gFQOMoUwlR6aUZj81gCzu,Princess Mononoke,One Summer Day
128,2q6fxAvSpqXR4jx9Ne7RGz,Princess Mononoke,"Main Title - From The ""Game Of Thrones"" Soundtrack"
128,6Vjk8MNXpQpi0F4BefdTyq,Princess Mononoke,Kashmir - Remaster
128,4BMHp3DkI8VLsuB9Kr0pzu,Princess Mononoke,Primavera
128,6rodOIyxUXZrRfzoNL2vXx,Princess Mononoke,Elegy For The Arctic - Remastered 2020
128,1BncfTJAWxrsxyT9culBrj,Princess Mononoke,Experience
128,1ILEK6NRfxoseoPnolRcVA,Princess Mononoke,Holocene
128,0HU5JnVaKNTWf6GykV9Zn8,Princess Mononoke,"Circle of Life - From ""The Lion King""/ Soundtrack"
128,6KpO4neDXxGdiEgsivZieY,Princess Mononoke,Divenire
128,70jK4YYMql3lJFBUK6l8QT,Princess Mononoke,Only The Winds
8392,3gFQOMoUwlR6aUZj81gCzu,My Neighbor Totoro,One Summer Day
8392,6dGnYIeXmHdcikdzNNDMm2,My Neighbor Totoro,Here Comes The Sun - Remastered 2009
8392,75FYqcxt1YEAtqDLrOeIJn,My Neighbor Totoro,Three Little Birds
8392,2MZSXhq4XDJWu6coGoXX1V,My Neighbor Totoro,Avril 14th
8392,14rZjW3RioG7WesZhYESso,My Neighbor Totoro,"Comptine d'un autre été, l'après-midi"
8392,5xbuJuQsTVheVZvX2AJVIv,My Neighbor Totoro,Spring 1 - 2012
8392,0cBPuDA3xUjR4Vh9o7CKy8,My Neighbor Totoro,Home
8392,7yq4Qj7cqayVTp3FF9CWbm,My Neighbor Totoro,Riptide
8392,3zLTPuucd3e6TxZnu2dlVS,My Neighbor Totoro,"Bagatelle No. 25 in A Minor, WoO 59 ""Für Elise"""
8392,1qCQTy0fTXerET4x8VHyr9,My Neighbor Totoro,What A Wonderful World
149,79CUrU5o2KAVDTNm4x3eGU,Akira,Firestarter
149,0Ja4hLKiUSw01E01pJ1yGr,Akira,Breathe
149,48vDCZIRmrFO33fH4QU4ij,Akira,Smack My Bitch Up
149,60Pe9j2pCBa4Zp4ztf5nhd,Akira,Windowlicker
149,5awDvzxWfd53SSrsRZ8pXO,Akira,Du hast
149,7g8cjrj0sXScNE727685JE,Akira,"Kernkraft 400 - DJ Gius Mix, Radio Edit"
149,0L7zm6afBEtrNKo6C6Gj08,Akira,Painkiller
149,2wPFy7SAFnt9Nj2TipWcqb,Akira,Block Rockin' Beats
149,0snQkGI5qnAmohLE7jTsTn,Akira,Toxicity
149,61mWefnWQOLf90gepjOCb3,Akira,Duality
149,2JoAbvKBwp2OlkiiANRBc5,Akira,Tick Of The Clock (Film Edit)
671,2q6fxAvSpqXR4jx9Ne7RGz,Harry Potter and the Philosopher's Stone,"Main Title - From The ""Game Of Thrones"" Soundtrack"
671,3zLTPuucd3e6TxZnu2dlVS,Harry Potter and the Philosopher's Stone,"Bagatelle No. 25 in A Minor, WoO 59 ""Für Elise"""
671,0ROMalDdNg3L2HoZP4qFyJ,Harry Potter and the Philosopher's Stone,"The Four Seasons - Winter in F Minor, RV. 297: I. Allegro non molto"
671,2xizRhme7pYeITbH1NLLGt,Harry Potter and the Philosopher's Stone,"Tchaikovsky: Swan Lake, Op. 20, Act II: No. 10, Scene. Moderato"
671,5xbuJuQsTVheVZvX2AJVIv,Harry Potter and the Philosopher's Stone,Spring 1 - 2012
671,3gFQOMoUwlR6aUZj81gCzu,Harry Potter and the Philosopher's Stone,One Summer Day
671,14rZjW3RioG7WesZhYESso,Harry Potter and the Philosopher's Stone,"Comptine d'un autre été, l'après-midi"
671,4BMHp3DkI8VLsuB9Kr0pzu,Harry Potter and the Philosopher's Stone,Primavera
671,7ERSQrRptZVM7q3VOdM7OL,Harry Potter and the Philosopher's Stone,Tubular Bells - Pt. I
22,2q6fxAvSpqXR4jx9Ne7RGz,Pirates of the Caribbean: The Curse of the Black Pearl,"Main Title - From The ""Game Of Thrones"" Soundtrack"
22,2e8MxBgVWMSQmxb2zcuCoq,Pirates of the Caribbean: The Curse of the Black Pearl,"Die Walkure, Act III: Ride of the Valkyries"
22,78lgmZwycJ3nzsdgmPPGNx,Pirates of the Caribbean: The Curse of the Black Pearl,Immigrant Song - Remaster
22,6Vjk8MNXpQpi0F4BefdTyq,Pirates of the Caribbean: The Curse of the Black Pearl,Kashmir - Remaster
22,4OROzZUy6gOWN4UGQVaZMF,Pirates of the Caribbean: The Curse of the Black Pearl,The Trooper - 2015 Remaster
22,54yLLvpezvPO1lA3GspiZj,Pirates of the Caribbean: The Curse of the Black Pearl,Holy Diver
22,3KzgdYUlqV6TOG7JCmx2Wg,Pirates of the Caribbean: The Curse of the Black Pearl,Beyond the Sea
22,1BncfTJAWxrsxyT9culBrj,Pirates of the Caribbean: The Curse of the Black Pearl,Experience
22,6KpO4neDXxGdiEgsivZieY,Pirates of the Caribbean: The Curse of the Black Pearl,Divenire
299534,6ZFbXIJkuI1dVNWvzJzown,Avengers: Endgame,Time
299534,78lgmZwycJ3nzsdgmPPGNx,Avengers: Endgame,Immigrant Song - Remaster
299534,08mG3Y1vljYA6bvDt4Wqkj,Avengers: Endgame,Back In Black
299534,57bgtoPSgt236HzfBOd8kj,Avengers: Endgame,Thunderstruck
299534,6Ac4NVYYl2U73QiTt11ZKd,Avengers: Endgame,Hooked On A Feeling
299534,7tqhbajSfrz2F7E1Z75ASX,Avengers: Endgame,Ain't No Mountain High Enough
299534,6zeE5tKyr8Nu882DQhhSQI,Avengers: Endgame,Dust in the Wind
299534,1s9i7W8zx7Nxx78MUIsvjV,Avengers: Endgame,Outro
299534,1BncfTJAWxrsxyT9culBrj,Avengers: Endgame,Experience
299534,4pbJqGIASGPr0ZpGpnWkDn,Avengers: Endgame,We Will Rock You - Remastered 2011
299534,0pqnGHJpmpxLKifKRmU6WP,Avengers: Endgame,Believer
414906,551qy5vUgrUfEUc4dCNfht,The Batman,Where Did You Sleep Last Night
414906,11LmqTE2naFULdEP94AUBa,The Batman,Heart-Shaped Box
414906,2RsAajgo0g7bMCHxwH3Sk0,The Batman,Come As You Are
414906,15VRO9CQwMpbqUYA7e6Hwg,The Batman,The Man Who Sold The World
414906,2EoOZnxNgtmZaD8uUmz2nD,The Batman,Black Hole Sun
414906,7uv632EkfwYhXoqf8rhYrg,The Batman,Angel
414906,28cnXtME493VX9NOw9cIUh,The Batman,Hurt
414906,5mc6EyF1OIEOhAkD0Gg9Lc,The Batman,Closer
414906,3oHSL6pt9LpNrQZuQGu9wL,The Batman,"Requiem, K. 626: Lacrimosa"
414906,7xfSCgVOkQJhVxnqzepATH,The Batman,"Moonlight Sonata (First Movement from Piano Sonata No. 14, Op. 27 No. 2)"
245891,5awDvzxWfd53SSrsRZ8pXO,John Wick,Du hast
245891,2aIB1CdRRG7YLBu9hNw9nR,John Wick,The Beautiful People
245891,5mc6EyF1OIEOhAkD0Gg9Lc,John Wick,Closer
245891,59WN2psjkt1tyaxjspN8fp,John Wick,Killing In The Name
245891,79CUrU5o2KAVDTNm4x3eGU,John Wick,Firestarter
245891,0Ja4hLKiUSw01E01pJ1yGr,John Wick,Breathe
245891,5sICkBXVmaCQk5aISGR3x1,John Wick,Enter Sandman
245891,7uv632EkfwYhXoqf8rhYrg,John Wick,Angel
245891,31MOjWj3CT3dCQsMV2b8Wu,John Wick,Blue Monday '88
245891,2JoAbvKBwp2OlkiiANRBc5,John Wick,Tick Of The Clock (Film Edit)
245891,0L7zm6afBEtrNKo6C6Gj08,John Wick,Painkiller
36557,6VObnIkLVruX4UVyxWhlqm,Casino Royale,Skyfall
36557,6Rqn2GFlmvmV4w9Ala0I1e,Casino Royale,Feeling Good
36557,5xRP5iyVdGglqlY4Vcjhkx,Casino Royale,Sinnerman
36557,0DMRKqrpd0QO4RWiEdMib0,Casino Royale,You Know I'm No Good
36557,3dPQuX8Gs42Y7b454ybpMR,Casino Royale,Seven Nation Army
36557,6Vjk8MNXpQpi0F4BefdTyq,Casino Royale,Kashmir - Remaster
36557,7uv632EkfwYhXoqf8rhYrg,Casino Royale,Angel
36557,1Ud6moTC0KyXMq1Oxfien0,Casino Royale,Sympathy For The Devil - 50th Anniversary Edition
36557,5FVd6KXrgO9B3JPmC8OPst,Casino Royale,Do I Wanna Know?
36557,3Ty7OTBNSigGEpeW2PqcsC,Casino Royale,Glory Box
949,2JoAbvKBwp2OlkiiANRBc5,Heat,Tick Of The Clock (Film Edit)
949,0U0ldCRmgCqhVvD6ksG63j,Heat,Nightcall
949,7uv632EkfwYhXoqf8rhYrg,Heat,Angel
949,67Hna13dNDkZvBpTXRIaOJ,Heat,Teardrop
949,14XWXWv5FoCbFzLksawpEe,Heat,Riders on the Storm
949,1vgSaC0BPlL6LEm4Xsx59J,Heat,An Ending (Ascent) - Remastered 2005
949,65r94rVdiMwqXyQFEr3tqT,Heat,Resonance
949,0aWMVrwxPNYkKmFthzmpRi,Heat,Blue in Green (feat. John Coltrane & Bill Evans)
949,6pnwfWyaWjQiHCKTiZLItr,Heat,Shine On You Crazy Diamond (Pts. 1-5)
949,3PzsbWSQdLCKDLxn7YZfkM,Heat,I'm On Fire
1422,6H3kDe7CGoWYBabAeVWGiD,The Departed,Gimme Shelter
1422,5HNCy40Ni5BZJFw1TKzRsC,The Departed,Comfortably Numb
1422,1Ud6moTC0KyXMq1Oxfien0,The Departed,Sympathy For The Devil - 50th Anniversary Edition
1422,2PzU4IB8Dr6mxV3lHuaG34,The Departed,(I Can't Get No) Satisfaction - Mono Version
1422,5jzma6gCzYtKB1DbEwFZKH,The Departed,London Calling - Remastered
1422,63T7DJ1AFDD6Bn8VzG6JE8,The Departed,"Paint It, Black"
1422,0hCB0YR03f6AmQaHbwWDe8,The Departed,Whole Lotta Love - 1990 Remaster
1422,2zYzyRzz6pRmhPzyfMEC8s,The Departed,Highway to Hell
1422,2kkvB3RNRzwjFdGhaUA0tz,The Departed,Layla
6977,28cnXtME493VX9NOw9cIUh,No Country for Old Men,Hurt
6977,6HSXNV0b4M4cLJ7ljgVVeh,No Country for Old Men,Knockin' On Heaven's Door
6977,551qy5vUgrUfEUc4dCNfht,No Country for Old Men,Where Did You Sleep Last Night
6977,5UgT7w6zVZjP3oyawMzbiK,No Country for Old Men,The End
6977,14XWXWv5FoCbFzLksawpEe,No Country for Old Men,Riders on the Storm
6977,5KqldkCunQ2rWxruMEtGh0,No Country for Old Men,The Gambler
6977,6zeE5tKyr8Nu882DQhhSQI,No Country for Old Men,Dust in the Wind
6977,4mn2kNTqiGLwaUR8JdhJ1l,No Country for Old Men,House of the Rising Sun
6977,1ju7EsSGvRybSNEsRvc7qY,No Country for Old Men,Simple Man
7345,62Da3JOu9H9EIgmqV7DoLG,There Will Be Blood,Lux Aeterna
7345,2NGhKPZdZk2pPZinWphTzh,There Will Be Blood,November
7345,0ROMalDdNg3L2HoZP4qFyJ,There Will Be Blood,"The Four Seasons - Winter in F Minor, RV. 297: I. Allegro non molto"
7345,3oHSL6pt9LpNrQZuQGu9wL,There Will Be Blood,"Requiem, K. 626: Lacrimosa"
7345,551qy5vUgrUfEUc4dCNfht,There Will Be Blood,Where Did You Sleep Last Night
7345,28cnXtME493VX9NOw9cIUh,There Will Be Blood,Hurt
7345,5UgT7w6zVZjP3oyawMzbiK,There Will Be Blood,The End
7345,6Vjk8MNXpQpi0F4BefdTyq,There Will Be Blood,Kashmir - Remaster
7345,6iLzFJhs4ATwJn7P1utZIJ,There Will Be Blood,Light of the Seven
7345,5xRP5iyVdGglqlY4Vcjhkx,There Will Be Blood,Sinnerman
210577,1JSTJqkT5qHq8MDJnJbRE1,Gone Girl,Every Breath You Take
210577,4SSnFejRGlZikf02HLewEF,Gone Girl,bury a friend
210577,2Fxmhks0bxGSBdJ92vM42m,Gone Girl,bad guy
210577,6kkwzB6hXLIONkEk9JciA6,Gone Girl,Weightless
210577,2XQSgmtEY2titXhfY414dy,Gone Girl,Roygbiv
210577,3Ty7OTBNSigGEpeW2PqcsC,Gone Girl,Glory Box
210577,0DMRKqrpd0QO4RWiEdMib0,Gone Girl,You Know I'm No Good
210577,70LcF31zb1H0PyJoS1Sx1r,Gone Girl,Creep
210577,1u8c2t2Cy7UBoG4ArRcF5g,Gone Girl,Blank Space
210577,3uliGwmB52ZA7brgpZMzyH,Gone Girl,Love Is A Losing Game
210577,63OQupATfueTdZMWTxW03A,Gone Girl,Karma Police
273481,62Da3JOu9H9EIgmqV7DoLG,Sicario,Lux Aeterna
273481,7uv632EkfwYhXoqf8rhYrg,Sicario,Angel
273481,5626KdflSKfeDK7RJQfSrE,Sicario,Says
273481,28cnXtME493VX9NOw9cIUh,Sicario,Hurt
273481,5UgT7w6zVZjP3oyawMzbiK,Sicario,The End
273481,14XWXWv5FoCbFzLksawpEe,Sicario,Riders on the Storm
273481,2NGhKPZdZk2pPZinWphTzh,Sicario,November
273481,6iLzFJhs4ATwJn7P1utZIJ,Sicario,Light of the Seven
273481,33ZXjLCpiINn8eQIDYEPTD,Sicario,"Shook Ones, Pt. II"
273481,2JoAbvKBwp2OlkiiANRBc5,Sicario,Tick Of The Clock (Film Edit)
242582,0U0ldCRmgCqhVvD6ksG63j,Nightcrawler,Nightcall
242582,2JoAbvKBwp2OlkiiANRBc5,Nightcrawler,Tick Of The Clock (Film Edit)
242582,0VjIjW4GlUZAMYd2vXMi3b,Nightcrawler,Blinding Lights
242582,7fBv7CLKzipRk6EC6TWHOB,Nightcrawler,The Hills
242582,1i6N76fftMZhijOzFQ5ZtL,Nightcrawler,Psycho Killer - 2005 Remaster
242582,65r94rVdiMwqXyQFEr3tqT,Nightcrawler,Resonance
242582,1JSTJqkT5qHq8MDJnJbRE1,Nightcrawler,Every Breath You Take
242582,6GyFP1nfCDB8lbD2bG0Hq9,Nightcrawler,Midnight City
242582,5mc6EyF1OIEOhAkD0Gg9Lc,Nightcrawler,Closer
242582,7MXVkk9YMctZqd1Srtv4MB,Nightcrawler,Starboy
1359,31MOjWj3CT3dCQsMV2b8Wu,American Psycho,Blue Monday '88
1359,1TfqLAPs4K3s2rJMoCokcS,American Psycho,Sweet Dreams (Are Made of This) - Remastered
1359,0cGG2EouYCEEC3xfa0tDFV,American Psycho,Tainted Love
1359,4RvWPyQ5RL0ao9LPZeSouE,American Psycho,Everybody Wants To Rule The World
1359,2WfaOiMkCvy7F5fcp2zZ8L,American Psycho,Take on Me
1359,1i6N76fftMZhijOzFQ5ZtL,American Psycho,Psycho Killer - 2005 Remaster
1359,748yv6bb3l3CcKS45a6SZ8,American Psycho,Head Over Heels
1359,6wVViUl2xSRoDK2T7dMZbR,American Psycho,Bizarre Love Triangle
1359,0ikz6tENMONtK6qGkOrU3c,American Psycho,Wake Me Up Before You Go-Go
1359,1JSTJqkT5qHq8MDJnJbRE1,American Psycho,Every Breath You Take
1359,4qO03RMQm88DdpTJcxlglY,American Psycho,Call Me
14,4N7h4IHWRaJCOo1VFdTMHV,American Beauty,Truman Sleeps
14,2GnYCy70I8cR4oEA2wsSDx,American Beauty,"The Hours: An Unwelcome Friend (From ""The Hours"")"
14,73CKjW3vsUXRpy3NnX4H7F,American Beauty,Fake Plastic Trees
14,10nyNJ6zNy2YVYLrcwLccB,American Beauty,No Surprises
14,2aoo2jlRnM3A0NyLQqMN2f,American Beauty,All Along the Watchtower
14,11VwZwNF29HrqwalYUMitb,American Beauty,Pale Blue Eyes
14,11607FzqoipskTsXrwEHnJ,American Beauty,Sunday Morning
14,6mFkJmJqdDVQ1REhVfGgd1,American Beauty,Wish You Were Here
14,0iOZM63lendWRTTeKhZBSC,American Beauty,"Mrs. Robinson - From ""The Graduate"" Soundtrack"
14,5vd1QZ0tdXOExiegC55IAS,American Beauty,Heart Of Gold
115,40riOy7x9W7GXjyGp4pjAv,The Big Lebowski,Hotel California - 2013 Remaster
115,2LawezPeJhN4AWuSB0GtAU,The Big Lebowski,Have You Ever Seen The Rain
115,3RkQ3UwOyPqpIiIvGVewuU,The Big Lebowski,Mr. Tambourine Man
115,0P7DoyGrr4Wp9w5TotEtUC,The Big Lebowski,The Weight - Remastered 2000
115,5u6y4u5EgDv0peILf60H5t,The Big Lebowski,Oye Como Va
115,1YQWosTIljIvxAgHWTp7KP,The Big Lebowski,Take Five
115,2EqlS6tkEnglzr7tkKAAYD,The Big Lebowski,Come Together - Remastered 2009
115,5p3JunprHCxClJjOmcLV8G,The Big Lebowski,Walk On the Wild Side
115,5KqldkCunQ2rWxruMEtGh0,The Big Lebowski,The Gambler
115,3Vby4nGmtbDo7HDJamOWkT,The Big Lebowski,Stuck In The Middle With You
275,6zeE5tKyr8Nu882DQhhSQI,Fargo,Dust in the Wind
275,5KqldkCunQ2rWxruMEtGh0,Fargo,The Gambler
275,28cnXtME493VX9NOw9cIUh,Fargo,Hurt
275,2LawezPeJhN4AWuSB0GtAU,Fargo,Have You Ever Seen The Rain
275,5vd1QZ0tdXOExiegC55IAS,Fargo,Heart Of Gold
275,4KROoGIaPaR1pBHPnR3bwC,Fargo,Pink Moon
275,1ILEK6NRfxoseoPnolRcVA,Fargo,Holocene
275,3Vby4nGmtbDo7HDJamOWkT,Fargo,Stuck In The Middle With You
275,2SpEHTbUuebeLkgs9QB7Ue,Fargo,Jolene
275,3B3eOgLJSqPEA0RfboIQVM,Fargo,Skinny Love
16869,4JLcAU2xY90qTkTSNM1lUa,Inglourious Basterds,Bang Bang (My Baby Shot Me Down)
16869,6Q32Vkucx2qeuVyBd3NiFZ,Inglourious Basterds,Battle Without Honor Or Humanity
16869,63T7DJ1AFDD6Bn8VzG6JE8,Inglourious Basterds,"Paint It, Black"
16869,1Ud6moTC0KyXMq1Oxfien0,Inglourious Basterds,Sympathy For The Devil - 50th Anniversary Edition
16869,4mn2kNTqiGLwaUR8JdhJ1l,Inglourious Basterds,House of the Rising Sun
16869,7M9pPyt8Gr41THLhbz4NSB,Inglourious Basterds,Don't Let Me Be Misunderstood
16869,5EY6yQXMCtX5EbkC0ru0LV,Inglourious Basterds,La vie en rose
16869,2e8MxBgVWMSQmxb2zcuCoq,Inglourious Basterds,"Die Walkure, Act III: Ride of the Valkyries"
16869,0sjxRg1VlYfx4YG7uxurrq,Inglourious Basterds,I Put A Spell On You
16869,78lgmZwycJ3nzsdgmPPGNx,Inglourious Basterds,Immigrant Song - Remaster
466272,4s6LhHAV5SEsOV0lC2tjvJ,Once Upon a Time... in Hollywood,California Dreamin' - Single Version
466272,0iOZM63lendWRTTeKhZBSC,Once Upon a Time... in Hollywood,"Mrs. Robinson - From ""The Graduate"" Soundtrack"
466272,2PzU4IB8Dr6mxV3lHuaG34,Once Upon a Time... in Hollywood,(I Can't Get No) Satisfaction - Mono Version
466272,6ek9SiEj5a65WIs2EV7qiM,Once Upon a Time... in Hollywood,Son Of A Preacher Man
466272,5uvosCdMlFdTXhoazkTI5R,Once Upon a Time... in Hollywood,Light My Fire
466272,63T7DJ1AFDD6Bn8VzG6JE8,Once Upon a Time... in Hollywood,"Paint It, Black"
466272,63OFKbMaZSDZ4wtesuuq6f,Once Upon a Time... in Hollywood,Born To Be Wild
466272,1H5IfYyIIAlgDX8zguUzns,Once Upon a Time... in Hollywood,Suspicious Minds
466272,6Ac4NVYYl2U73QiTt11ZKd,Once Upon a Time... in Hollywood,Hooked On A Feeling
466272,1qRA5BS78u3gME0loMl9AA,Once Upon a Time... in Hollywood,For What It's Worth
466272,3RkQ3UwOyPqpIiIvGVewuU,Once Upon a Time... in Hollywood,Mr. Tambourine Man
77,7wCmS9TTVUcIhRalDYFgPy,Memento,Where Is My Mind? - Remastered
77,63OQupATfueTdZMWTxW03A,Memento,Karma Police
77,6LgJvl0Xdtc73RJ1mmpotq,Memento,Paranoid Android
77,0Qv7xi6uPSqH2k82tOkGSt,Memento,Mad World
77,67Hna13dNDkZvBpTXRIaOJ,Memento,Teardrop
77,2XQSgmtEY2titXhfY414dy,Memento,Roygbiv
77,5626KdflSKfeDK7RJQfSrE,Memento,Says
77,3Ty7OTBNSigGEpeW2PqcsC,Memento,Glory Box
77,5Xak5fmy089t0FYmh3VJiY,Memento,Black
77,28cnXtME493VX9NOw9cIUh,Memento,Hurt
374720,6ZFbXIJkuI1dVNWvzJzown,Dunkirk,Time
374720,2NGhKPZdZk2pPZinWphTzh,Dunkirk,November
374720,62Da3JOu9H9EIgmqV7DoLG,Dunkirk,Lux Aeterna
374720,5626KdflSKfeDK7RJQfSrE,Dunkirk,Says
374720,6rodOIyxUXZrRfzoNL2vXx,Dunkirk,Elegy For The Arctic - Remastered 2020
374720,56oReVXIfUO9xkX7pHmEU0,Dunkirk,On the Nature of Daylight
374720,0ROMalDdNg3L2HoZP4qFyJ,Dunkirk,"The Four Seasons - Winter in F Minor, RV. 297: I. Allegro non molto"
374720,1BncfTJAWxrsxyT9culBrj,Dunkirk,Experience
374720,70jK4YYMql3lJFBUK6l8QT,Dunkirk,Only The Winds
374720,6mFkJmJqdDVQ1REhVfGgd1,Dunkirk,Wish You Were Here
49047,1vgSaC0BPlL6LEm4Xsx59J,Gravity,An Ending (Ascent) - Remastered 2005
49047,3tJjZMHLqhD8DaGgdBICnc,Gravity,Saturn
49047,6kkwzB6hXLIONkEk9JciA6,Gravity,Weightless
49047,5626KdflSKfeDK7RJQfSrE,Gravity,Says
49047,3gdewACMIVMEWVbyb8O9sY,Gravity,"Rocket Man (I Think It's Going To Be A Long, Long Time)"
49047,1ujxjsoNvh4XgS2fUNwkZ2,Gravity,Space Song
49047,1s9i7W8zx7Nxx78MUIsvjV,Gravity,Outro
49047,6ZFbXIJkuI1dVNWvzJzown,Gravity,Time
49047,5ay0cvjtVAbMLOe8gTadFh,Gravity,A Model of the Universe
49047,01Q3OyB05mLgH01fpdAMPP,Gravity,Wait
264660,2XQSgmtEY2titXhfY414dy,Ex Machina,Roygbiv
264660,3vBJYnujT3yxLjLEG1jtDS,Ex Machina,Music Is Math
264660,60Pe9j2pCBa4Zp4ztf5nhd,Ex Machina,Windowlicker
264660,7o2AeQZzfCERsRmOM86EcB,Ex Machina,Xtal
264660,5626KdflSKfeDK7RJQfSrE,Ex Machina,Says
264660,1WOxGNutRwrbik8BA5f2AY,Ex Machina,Immunity
264660,1FL9DHDSED6lxNMDJUJQvB,Ex Machina,The Model - 2009 Remaster
264660,6evpAJCR5GeeHDGgv3aXb3,Ex Machina,Archangel
264660,63OQupATfueTdZMWTxW03A,Ex Machina,Karma Police
264660,6kkwzB6hXLIONkEk9JciA6,Ex Machina,Weightless
264660,2JoAbvKBwp2OlkiiANRBc5,Ex Machina,Tick Of The Clock (Film Edit)
530385,5fdp9rXfEixCGLM1Og4EN1,Midsommar,Gnossienne No. 1
530385,5xbuJuQsTVheVZvX2AJVIv,Midsommar,Spring 1 - 2012
530385,5YSI1311X8t31PBjkBG4CZ,Midsommar,Wuthering Heights
530385,1ILEK6NRfxoseoPnolRcVA,Midsommar,Holocene
530385,7ERSQrRptZVM7q3VOdM7OL,Midsommar,Tubular Bells - Pt. I
530385,4BMHp3DkI8VLsuB9Kr0pzu,Midsommar,Primavera
530385,5atQ2haKP5LT65WM0KUts3,Midsommar,Cloudbusting
530385,4SSnFejRGlZikf02HLewEF,Midsommar,bury a friend
530385,35PKfoynRpVFoAUE3D5Kc6,Midsommar,Work Song
530385,62Da3JOu9H9EIgmqV7DoLG,Midsommar,Lux Aeterna
493922,7ERSQrRptZVM7q3VOdM7OL,Hereditary,Tubular Bells - Pt. I
493922,62Da3JOu9H9EIgmqV7DoLG,Hereditary,Lux Aeterna
493922,4SSnFejRGlZikf02HLewEF,Hereditary,bury a friend
493922,3oHSL6pt9LpNrQZuQGu9wL,Hereditary,"Requiem, K. 626: Lacrimosa"
493922,6iLzFJhs4ATwJn7P1utZIJ,Hereditary,Light of the Seven
493922,5fdp9rXfEixCGLM1Og4EN1,Hereditary,Gnossienne No. 1
493922,7xfSCgVOkQJhVxnqzepATH,Hereditary,"Moonlight Sonata (First Movement from Piano Sonata No. 14, Op. 27 No. 2)"
493922,28cnXtME493VX9NOw9cIUh,Hereditary,Hurt
493922,1Jmqubf9kGkWeYQXQKImL5,Hereditary,People Are Strange
9552,7ERSQrRptZVM7q3VOdM7OL,The Exorcist,Tubular Bells - Pt. I
9552,3oHSL6pt9LpNrQZuQGu9wL,The Exorcist,"Requiem, K. 626: Lacrimosa"
9552,62Da3JOu9H9EIgmqV7DoLG,The Exorcist,Lux Aeterna
9552,1Ud6moTC0KyXMq1Oxfien0,The Exorcist,Sympathy For The Devil - 50th Anniversary Edition
9552,6iLzFJhs4ATwJn7P1utZIJ,The Exorcist,Light of the Seven
9552,7xfSCgVOkQJhVxnqzepATH,The Exorcist,"Moonlight Sonata (First Movement from Piano Sonata No. 14, Op. 27 No. 2)"
9552,6p8eFfPw3nQkf37aT3AkmK,The Exorcist,Fear of the Dark - 2015 Remaster
9552,4SSnFejRGlZikf02HLewEF,The Exorcist,bury a friend
9552,54yLLvpezvPO1lA3GspiZj,The Exorcist,Holy Diver
948,7ERSQrRptZVM7q3VOdM7OL,Halloween,Tubular Bells - Pt. I
948,7azo4rpSUh8nXgtonC6Pkq,Halloween,Thriller
948,2JoAbvKBwp2OlkiiANRBc5,Halloween,Tick Of The Clock (Film Edit)
948,6p8eFfPw3nQkf37aT3AkmK,Halloween,Fear of the Dark - 2015 Remaster
948,1JSTJqkT5qHq8MDJnJbRE1,Halloween,Every Breath You Take
948,4SSnFejRGlZikf02HLewEF,Halloween,bury a friend
948,2Y0iGXY6m6immVb2ktbseM,Halloween,Little Dark Age
948,1i6N76fftMZhijOzFQ5ZtL,Halloween,Psycho Killer - 2005 Remaster
948,5sICkBXVmaCQk5aISGR3x1,Halloween,Enter Sandman
745,56oReVXIfUO9xkX7pHmEU0,The Sixth Sense,On the Nature of Daylight
745,59gg6zQhSKGVnkT3hWAY3l,The Sixth Sense,The Departure
745,2ffwBvpsQhgXyU7zBUOhwP,The Sixth Sense,Written on the Sky
745,7xfSCgVOkQJhVxnqzepATH,The Sixth Sense,"Moonlight Sonata (First Movement from Piano Sonata No. 14, Op. 27 No. 2)"
745,4N7h4IHWRaJCOo1VFdTMHV,The Sixth Sense,Truman Sleeps
745,1kgdslQYmeTR4thk9whoRw,The Sixth Sense,Tears in Heaven
745,0Qv7xi6uPSqH2k82tOkGSt,The Sixth Sense,Mad World
745,6a7vpKrVXdAyMItaQI9ZYS,The Sixth Sense,Vladimir's Blues
745,6rodOIyxUXZrRfzoNL2vXx,The Sixth Sense,Elegy For The Arctic - Remastered 2020
745,28cnXtME493VX9NOw9cIUh,The Sixth Sense,Hurt
1417,5fdp9rXfEixCGLM1Og4EN1,Pan's Labyrinth,Gnossienne No. 1
1417,2xizRhme7pYeITbH1NLLGt,Pan's Labyrinth,"Tchaikovsky: Swan Lake, Op. 20, Act II: No. 10, Scene. Moderato"
1417,6iLzFJhs4ATwJn7P1utZIJ,Pan's Labyrinth,Light of the Seven
1417,3oHSL6pt9LpNrQZuQGu9wL,Pan's Labyrinth,"Requiem, K. 626: Lacrimosa"
1417,3gFQOMoUwlR6aUZj81gCzu,Pan's Labyrinth,One Summer Day
1417,5YSI1311X8t31PBjkBG4CZ,Pan's Labyrinth,Wuthering Heights
1417,7xfSCgVOkQJhVxnqzepATH,Pan's Labyrinth,"Moonlight Sonata (First Movement from Piano Sonata No. 14, Op. 27 No. 2)"
1417,3weNRklVDqb4Rr5MhKBR3D,Pan's Labyrinth,Nuvole Bianche
1417,6rodOIyxUXZrRfzoNL2vXx,Pan's Labyrinth,Elegy For The Arctic - Remastered 2020
1417,7ijOLIYbAqtLsqMpjWYMfL,Pan's Labyrinth,Meditation: Méditation from Thaïs
637,18VNXlRteVgchjjqaTKZmm,Life Is Beautiful,"Puccini: Gianni Schicchi, Act 1: ""O mio babbino caro"" (Lauretta)"
637,64MgjDp6ijaLvS3T83JHX9,Life Is Beautiful,That's Amore - Remastered
637,5EY6yQXMCtX5EbkC0ru0LV,Life Is Beautiful,La vie en rose
637,3weNRklVDqb4Rr5MhKBR3D,Life Is Beautiful,Nuvole Bianche
637,0VLascXUZ2Ze2u5kUD5J1f,Life Is Beautiful,I Giorni
637,7ijOLIYbAqtLsqMpjWYMfL,Life Is Beautiful,Meditation: Méditation from Thaïs
637,0Dkibk70FDp6t7eOZNemNQ,Life Is Beautiful,Una Mattina
637,6bpmBNPfQ2KFAW0ik6F9Vq,Life Is Beautiful,La Valse d'Amélie - Version piano
637,1qCQTy0fTXerET4x8VHyr9,Life Is Beautiful,What A Wonderful World
637,74WjYdm3Lvbwnds4thYPUU,Life Is Beautiful,"Turandot, SC 91 / Act III: ""Nessun dorma!"""
423,1VNvsvEsUpuUCbHpVop1vo,The Pianist,"Nocturne No. 2 in E-Flat Major, Op. 9 No. 2"
423,4oowGH3baaetOYlEVUglhU,The Pianist,"Fantaisie-Impromptu In C-Sharp Minor, Op. 66"
423,7xfSCgVOkQJhVxnqzepATH,The Pianist,"Moonlight Sonata (First Movement from Piano Sonata No. 14, Op. 27 No. 2)"
423,5u5aVJKjSMJr4zesMPz7bL,The Pianist,"Clair de Lune, L. 32"
423,6rodOIyxUXZrRfzoNL2vXx,The Pianist,Elegy For The Arctic - Remastered 2020
423,56oReVXIfUO9xkX7pHmEU0,The Pianist,On the Nature of Daylight
423,5bu9A6uphPWg39RC3ZKeku,The Pianist,"Goldberg Variations, BWV 988: Aria"
423,2ffwBvpsQhgXyU7zBUOhwP,The Pianist,Written on the Sky
423,5NGtFXVpXSvwunEIGeviY3,The Pianist,Gymnopédie No. 1
423,4SFBV7SRNG2e2kyL1F6kjU,The Pianist,"The Well-Tempered Clavier: Book 1, BWV 846-869: I. Prelude in C Major, BWV 846"
279,3oHSL6pt9LpNrQZuQGu9wL,Amadeus,"Requiem, K. 626: Lacrimosa"
279,429GaRIWKJ3EU1GAQPbLcr,Amadeus,"Piano Concerto No. 21 in C Major, K. 467: II. Andante"
279,3zLTPuucd3e6TxZnu2dlVS,Amadeus,"Bagatelle No. 25 in A Minor, WoO 59 ""Für Elise"""
279,5bu9A6uphPWg39RC3ZKeku,Amadeus,"Goldberg Variations, BWV 988: Aria"
279,0ROMalDdNg3L2HoZP4qFyJ,Amadeus,"The Four Seasons - Winter in F Minor, RV. 297: I. Allegro non molto"
279,17i5jLpzndlQhbS4SrTd0B,Amadeus,"Cello Suite No. 1 in G Major, BWV 1007: I. Prélude"
279,0H7LRye21kQjDfHVqnGoiM,Amadeus,Carmen Suite No. 2: 2. Habanera
279,74WjYdm3Lvbwnds4thYPUU,Amadeus,"Turandot, SC 91 / Act III: ""Nessun dorma!"""
279,4SFBV7SRNG2e2kyL1F6kjU,Amadeus,"The Well-Tempered Clavier: Book 1, BWV 846-869: I. Prelude in C Major, BWV 846"
279,4oowGH3baaetOYlEVUglhU,Amadeus,"Fantaisie-Impromptu In C-Sharp Minor, Op. 66"
279,50KVOLNNqft8SJr5ybrv8G,Amadeus,"Rigoletto: ""La donna è mobile"""
207,7iN1s7xHE4ifF5povM6A48,Dead Poets Society,Let It Be - Remastered 2009
207,5jgFfDIR6FR0gvlA56Nakr,Dead Poets Society,Blackbird - Remastered 2009
207,52vA3CYKZqZVdQnzRrdZt6,Dead Poets Society,The Times They Are A-Changin'
207,4U45aEWtQhrm8A5mxPaFZ7,Dead Poets Society,Vienna
207,17i5jLpzndlQhbS4SrTd0B,Dead Poets Society,"Cello Suite No. 1 in G Major, BWV 1007: I. Prélude"
207,3SdTKo2uVsxFblQjpScoHy,Dead Poets Society,Stand by Me
207,1ILEK6NRfxoseoPnolRcVA,Dead Poets Society,Holocene
207,5vd1QZ0tdXOExiegC55IAS,Dead Poets Society,Heart Of Gold
207,1kgdslQYmeTR4thk9whoRw,Dead Poets Society,Tears in Heaven
207,0VLascXUZ2Ze2u5kUD5J1f,Dead Poets Society,I Giorni
9377,0ikz6tENMONtK6qGkOrU3c,Ferris Bueller's Day Off,Wake Me Up Before You Go-Go
9377,4y1LsJpmMti1PfRQV9AWWe,Ferris Bueller's Day Off,Girls Just Want to Have Fun
9377,2u96akbqgCRtkjfLMYrgZo,Ferris Bueller's Day Off,Don't You (Forget About Me) - Remastered 2001
9377,2WfaOiMkCvy7F5fcp2zZ8L,Ferris Bueller's Day Off,Take on Me
9377,2QfiRTz5Yc8DdShCxG1tB2,Ferris Bueller's Day Off,Johnny B. Goode
9377,5T8EDUDqKcs6OSOwEsfqG7,Ferris Bueller's Day Off,Don't Stop Me Now - Remastered 2011
9377,4QlzkaRHtU8gAdwqjWmO8n,Ferris Bueller's Day Off,Friday I'm In Love
9377,32OlwWuMpZ6b0aN2RZOeMS,Ferris Bueller's Day Off,Uptown Funk (feat. Bruno Mars)
9377,452KBpASS5lZLeJWX9Ixub,Ferris Bueller's Day Off,Jailhouse Rock
9377,5LxvwujISqiB8vpRYv887S,Ferris Bueller's Day Off,I Want You Back
10625,4y1LsJpmMti1PfRQV9AWWe,Mean Girls,Girls Just Want to Have Fun
10625,1u8c2t2Cy7UBoG4ArRcF5g,Mean Girls,Blank Space
10625,4ZtFanR9U6ndgddUvNcjcG,Mean Girls,good 4 u
10625,3l9CW99AHtExIRV4hW2N5m,Mean Girls,Misery Business
10625,2m1hi0nfMR9vdGC8UcrnwU,Mean Girls,All The Small Things
10625,3PfIrDoz19wz7qK7tYeu62,Mean Girls,Don't Start Now
10625,5nujrmhLynf4yMoMtj8AQF,Mean Girls,Levitating (feat. DaBaby)
10625,4qO03RMQm88DdpTJcxlglY,Mean Girls,Call Me
10625,3ZFTkvIE7kyPt6Nu3PEa7V,Mean Girls,Hips Don't Lie (feat. Wyclef Jean)
10625,7j31rVgGX9Q2blT92VBEA0,Mean Girls,Teenagers
773,0cBPuDA3xUjR4Vh9o7CKy8,Little Miss Sunshine,Home
773,4dyx5SzxPPaD8xQIid5Wjj,Little Miss Sunshine,Young Folks
773,1K3LRUEcUz5FMtPYyg0F45,Little Miss Sunshine,Ho Hey
773,7yq4Qj7cqayVTp3FF9CWbm,Little Miss Sunshine,Riptide
773,6dGnYIeXmHdcikdzNNDMm2,Little Miss Sunshine,Here Comes The Sun - Remastered 2009
773,2ixsaeFioXJmMgkkbd4uj1,Little Miss Sunshine,Budapest
773,2ihCaVdNZmnHZWt0fvAM7B,Little Miss Sunshine,Little Talks
773,6txWz9UapYHVxEd7dDIHXT,Little Miss Sunshine,No Rain
773,5NORWMFC27ywGSZxi8uquP,Little Miss Sunshine,Ophelia
773,0bRXwKfigvpKZUurwqAlEh,Little Miss Sunshine,Lovely Day
773,5PRRthP9SLfbXB359MfIWv,Little Miss Sunshine,I Will Wait
391713,6Qyc6fS4DsZjB2mRW9DsQs,Lady Bird,Iris
391713,6txWz9UapYHVxEd7dDIHXT,Lady Bird,No Rain
391713,73CKjW3vsUXRpy3NnX4H7F,Lady Bird,Fake Plastic Trees
391713,5xo8RrjJ9CVNrtRg2S3B1R,Lady Bird,Motion Sickness
391713,6GG73Jik4jUlQCkKg9JuGO,Lady Bird,The Middle
391713,2m1hi0nfMR9vdGC8UcrnwU,Lady Bird,All The Small Things
391713,2M9ro2krNb7nr7HSprkEgo,Lady Bird,Fast Car
391713,4U45aEWtQhrm8A5mxPaFZ7,Lady Bird,Vienna
391713,1SKPmfSYaPsETbRHaiA18G,Lady Bird,Somewhere Only We Know
391713,3d9DChrdc6BOeFsbrZ3Is0,Lady Bird,Under the Bridge
76,4U45aEWtQhrm8A5mxPaFZ7,Before Sunrise,Vienna
76,5bu9A6uphPWg39RC3ZKeku,Before Sunrise,"Goldberg Variations, BWV 988: Aria"
76,11X4Gw3T4hoktVruLgTnm1,Before Sunrise,Heartbeats
76,2nekCvC9XRXQckWNnkIp2l,Before Sunrise,Harvest Moon
76,11VwZwNF29HrqwalYUMitb,Before Sunrise,Pale Blue Eyes
76,78MI7mu1LV1k4IA2HzKmHe,Before Sunrise,Dream A Little Dream Of Me - Single Version
76,4KROoGIaPaR1pBHPnR3bwC,Before Sunrise,Pink Moon
76,5GbVzc6Ex5LYlLJqzRQhuy,Before Sunrise,Mystery of Love
76,5jgFfDIR6FR0gvlA56Nakr,Before Sunrise,Blackbird - Remastered 2009
76,6bpmBNPfQ2KFAW0ik6F9Vq,Before Sunrise,La Valse d'Amélie - Version piano
843,4nbILrYODP667b3d66ZMzI,In the Mood for Love,Sway (Quien Sera)
843,0E8q2Fx2XuzXCO2NSAppkR,In the Mood for Love,In A Sentimental Mood
843,0aWMVrwxPNYkKmFthzmpRi,In the Mood for Love,Blue in Green (feat. John Coltrane & Bill Evans)
843,5NGtFXVpXSvwunEIGeviY3,In the Mood for Love,Gymnopédie No. 1
843,648TTtYB0bH0P8Hfy0FmkL,In the Mood for Love,Unforgettable
843,4l9hml2UCnxoNI3yCdL1BW,In the Mood for Love,My Funny Valentine
843,7ijOLIYbAqtLsqMpjWYMfL,In the Mood for Love,Meditation: Méditation from Thaïs
843,3WO8ZBnOtad3xMz46Z54pY,In the Mood for Love,Blue Velvet
843,1wl5b2lw3YagQtZiYZbQWP,In the Mood for Love,'Round Midnight
843,6eLL7QTdMWdhhG4i3jHDR9,In the Mood for Love,Crying
843,3uliGwmB52ZA7brgpZMzyH,In the Mood for Love,Love Is A Losing Game
11104,4s6LhHAV5SEsOV0lC2tjvJ,Chungking Express,California Dreamin' - Single Version
11104,5O4erNlJ74PIF6kGol1ZrC,Chungking Express,Could You Be Loved
11104,1ujxjsoNvh4XgS2fUNwkZ2,Chungking Express,Space Song
11104,1rtyfUUQeRDoiObPys8DMq,Chungking Express,Heartbeats
11104,4dyx5SzxPPaD8xQIid5Wjj,Chungking Express,Young Folks
11104,1LwP9g1Hjbs64jXM2Qsxry,Chungking Express,Just Like Honey
11104,5tR13oIwi5J3elcTZPTTIU,Chungking Express,Kelly Watch the Stars
11104,3FtYbEfBqAlGO46NUDQSAt,Chungking Express,Electric Feel
11104,6INLpBxo9F5QMer04VXEnd,Chungking Express,Sexy Boy
11104,6JRLFiX9NJSoRRKxowlBYr,Chungking Express,Is This Love
406,33ZXjLCpiINn8eQIDYEPTD,La Haine,"Shook Ones, Pt. II"
406,119c93MHjrDLJTApCVGpvx,La Haine,"C.R.E.A.M. (Cash Rules Everything Around Me) (feat. Method Man, Raekwon, Inspectah Deck & Buddha Monk)"
406,0trHOzAhNpGCsGBEu7dOJo,La Haine,N.Y. State of Mind
406,1ofhfV90EnYhEr7Un2fWiv,La Haine,Changes
406,59WN2psjkt1tyaxjspN8fp,La Haine,Killing In The Name
406,26PwuMotZqcczKLHi4Htz3,La Haine,Redemption Song
406,2GYHyAoLWpkxLVa4oYTVko,La Haine,Alors on danse - Radio Edit
406,1ixbwbeBi5ufN4noUKmW5a,La Haine,Paper Planes
406,5cZqsjVs6MevCnAkasbEOX,La Haine,Break Stuff
406,1DIXPcTDzTj8ZMHt3PDt8p,La Haine,Gangsta's Paradise
439,4nbILrYODP667b3d66ZMzI,La Dolce Vita,Sway (Quien Sera)
439,64MgjDp6ijaLvS3T83JHX9,La Dolce Vita,That's Amore - Remastered
439,3E5ndyOfO6vFDEIE42HA8o,La Dolce Vita,Mack the Knife
439,1YQWosTIljIvxAgHWTp7KP,La Dolce Vita,Take Five
439,3898C4AbdbptwYet6547e5,La Dolce Vita,The Girl From Ipanema
439,5EY6yQXMCtX5EbkC0ru0LV,La Dolce Vita,La vie en rose
439,33jt3kYWjQzqn3xyYQ5ZEh,La Dolce Vita,Cheek To Cheek
439,3KzgdYUlqV6TOG7JCmx2Wg,La Dolce Vita,Beyond the Sea
439,4QxDOjgpYtQDxxbWPuEJOy,La Dolce Vita,L-O-V-E
439,0sCeNwt8xRCMR4NhKpMyBe,La Dolce Vita,Cantaloupe Island - Remastered
429,4JLcAU2xY90qTkTSNM1lUa,"The Good, the Bad and the Ugly",Bang Bang (My Baby Shot Me Down)
429,4mn2kNTqiGLwaUR8JdhJ1l,"The Good, the Bad and the Ugly",House of the Rising Sun
429,6HSXNV0b4M4cLJ7ljgVVeh,"The Good, the Bad and the Ugly",Knockin' On Heaven's Door
429,14XWXWv5FoCbFzLksawpEe,"The Good, the Bad and the Ugly",Riders on the Storm
429,5KqldkCunQ2rWxruMEtGh0,"The Good, the Bad and the Ugly",The Gambler
429,28cnXtME493VX9NOw9cIUh,"The Good, the Bad and the Ugly",Hurt
429,63T7DJ1AFDD6Bn8VzG6JE8,"The Good, the Bad and the Ugly","Paint It, Black"
429,4YMQXzscifAREG0a7KNGhB,"The Good, the Bad and the Ugly",Black Magic Woman - Single Version
429,6Vjk8MNXpQpi0F4BefdTyq,"The Good, the Bad and the Ugly",Kashmir - Remaster
429,6s0NHplywwr1IjnQpUpWJk,"The Good, the Bad and the Ugly",Bad To The Bone
335,6HSXNV0b4M4cLJ7ljgVVeh,Once Upon a Time in the West,Knockin' On Heaven's Door
335,4mn2kNTqiGLwaUR8JdhJ1l,Once Upon a Time in the West,House of the Rising Sun
335,28cnXtME493VX9NOw9cIUh,Once Upon a Time in the West,Hurt
335,4JLcAU2xY90qTkTSNM1lUa,Once Upon a Time in the West,Bang Bang (My Baby Shot Me Down)
335,14XWXWv5FoCbFzLksawpEe,Once Upon a Time in the West,Riders on the Storm
335,7ijOLIYbAqtLsqMpjWYMfL,Once Upon a Time in the West,Meditation: Méditation from Thaïs
335,5UgT7w6zVZjP3oyawMzbiK,Once Upon a Time in the West,The End
335,6zeE5tKyr8Nu882DQhhSQI,Once Upon a Time in the West,Dust in the Wind
335,74WjYdm3Lvbwnds4thYPUU,Once Upon a Time in the West,"Turandot, SC 91 / Act III: ""Nessun dorma!"""
335,6mFkJmJqdDVQ1REhVfGgd1,Once Upon a Time in the West,Wish You Were Here
64682,3FAclTFfvUuQYnEsptbK8w,The Great Gatsby,Back To Black
64682,3uliGwmB52ZA7brgpZMzyH,The Great Gatsby,Love Is A Losing Game
64682,33jt3kYWjQzqn3xyYQ5ZEh,The Great Gatsby,Cheek To Cheek
64682,4nbILrYODP667b3d66ZMzI,The Great Gatsby,Sway (Quien Sera)
64682,6Rqn2GFlmvmV4w9Ala0I1e,The Great Gatsby,Feeling Good
64682,09mEdoA6zrmBPgTEN5qXmN,The Great Gatsby,Call Out My Name
64682,2gNjmvuQiEd2z9SqyYi8HH,The Great Gatsby,Summertime
64682,78MI7mu1LV1k4IA2HzKmHe,The Great Gatsby,Dream A Little Dream Of Me - Single Version
64682,7fBv7CLKzipRk6EC6TWHOB,The Great Gatsby,The Hills
64682,0VjIjW4GlUZAMYd2vXMi3b,The Great Gatsby,Blinding Lights
824,38zsOOcu31XbbYj9BIPUF1,Moulin Rouge!,Your Song
824,5EY6yQXMCtX5EbkC0ru0LV,Moulin Rouge!,La vie en rose
824,0H7LRye21kQjDfHVqnGoiM,Moulin Rouge!,Carmen Suite No. 2: 2. Habanera
824,44AyOl4qVkzS48vBsbNXaC,Moulin Rouge!,Can't Help Falling in Love
824,4u7EnebtmKWzUH433cf5Qv,Moulin Rouge!,Bohemian Rhapsody - Remastered 2011
824,4VrWlk8IQxevMvERoX08iC,Moulin Rouge!,Chandelier
824,7rIovIsXE6kMn629b7kDig,Moulin Rouge!,I Will Survive
824,3oEkrIfXfSh9zGnE7eBzSV,Moulin Rouge!,The Winner Takes It All
824,3vkQ5DAB1qQMYO4Mr9zJN6,Moulin Rouge!,Gimme! Gimme! Gimme! (A Man After Midnight)
424694,4u7EnebtmKWzUH433cf5Qv,Bohemian Rhapsody,Bohemian Rhapsody - Remastered 2011
424694,4pbJqGIASGPr0ZpGpnWkDn,Bohemian Rhapsody,We Will Rock You - Remastered 2011
424694,5T8EDUDqKcs6OSOwEsfqG7,Bohemian Rhapsody,Don't Stop Me Now - Remastered 2011
424694,7iAqvWLgZzXvH38lA06QZg,Bohemian Rhapsody,I Want To Break Free
424694,2fuCquhmrzHpu5xcA1ci9x,Bohemian Rhapsody,Under Pressure - Remastered 2011
424694,37ZJ0p5Jm13JPevGcx4SkF,Bohemian Rhapsody,Livin' On A Prayer
424694,5MxNLUsfh7uzROypsoO5qe,Bohemian Rhapsody,Dream On
424694,54X78diSLoUDI3joC2bjMz,Bohemian Rhapsody,Purple Rain
424694,7o2CTH4ctstm8TNelqjb51,Bohemian Rhapsody,Sweet Child O' Mine
504608,3gdewACMIVMEWVbyb8O9sY,Rocketman,"Rocket Man (I Think It's Going To Be A Long, Long Time)"
504608,38zsOOcu31XbbYj9BIPUF1,Rocketman,Your Song
504608,1jDJFeK9x3OZboIAHsY9k2,Rocketman,I'm Still Standing
504608,2TVxnKdb3tqe1nhQWwwZCO,Rocketman,Tiny Dancer
504608,70C4NyhjD5OZUMzvWZ3njJ,Rocketman,Piano Man
504608,4u7EnebtmKWzUH433cf5Qv,Rocketman,Bohemian Rhapsody - Remastered 2011
504608,5T8EDUDqKcs6OSOwEsfqG7,Rocketman,Don't Stop Me Now - Remastered 2011
504608,4U45aEWtQhrm8A5mxPaFZ7,Rocketman,Vienna
504608,7iN1s7xHE4ifF5povM6A48,Rocketman,Let It Be - Remastered 2009
504608,0aym2LBJBk9DAYuHHutrIl,Rocketman,Hey Jude - Remastered 2015
621,2QfiRTz5Yc8DdShCxG1tB2,Grease,Johnny B. Goode
621,452KBpASS5lZLeJWX9Ixub,Grease,Jailhouse Rock
621,2aEeghgUcnu75tzcolFMfs,Grease,La Bamba - Single Version
621,0S5cs4lAkx99tGjoWS4Jtk,Grease,Only You (And You Alone)
621,6FT83pFXKhDlXDsNJFAHWz,Grease,You Never Can Tell
621,4UDmDIqJIbrW0hMBQMFOsM,Grease,Stayin' Alive
621,48i055G1OT5KxGGftwFxWy,Grease,"Oh, Pretty Woman"
621,745H5CctFr12Mo7cqa1BMH,Grease,My Girl
621,0ikz6tENMONtK6qGkOrU3c,Grease,Wake Me Up Before You Go-Go
621,0GjEhVFGZW8afUYGChu3Rr,Grease,Dancing Queen
88,3SdTKo2uVsxFblQjpScoHy,Dirty Dancing,Stand by Me
88,745H5CctFr12Mo7cqa1BMH,Dirty Dancing,My Girl
88,2qhASBzpbFhPRtrnZ5lLnz,Dirty Dancing,Unchained Melody
88,4nbILrYODP667b3d66ZMzI,Dirty Dancing,Sway (Quien Sera)
88,2aEeghgUcnu75tzcolFMfs,Dirty Dancing,La Bamba - Single Version
88,44AyOl4qVkzS48vBsbNXaC,Dirty Dancing,Can't Help Falling in Love
88,7tqhbajSfrz2F7E1Z75ASX,Dirty Dancing,Ain't No Mountain High Enough
88,0S5cs4lAkx99tGjoWS4Jtk,Dirty Dancing,Only You (And You Alone)
88,5u6y4u5EgDv0peILf60H5t,Dirty Dancing,Oye Como Va
525,452KBpASS5lZLeJWX9Ixub,The Blues Brothers,Jailhouse Rock
525,2QfiRTz5Yc8DdShCxG1tB2,The Blues Brothers,Johnny B. Goode
525,6ek9SiEj5a65WIs2EV7qiM,The Blues Brothers,Son Of A Preacher Man
525,5K09WxKdlkroDyEVyOSySy,The Blues Brothers,(You Make Me Feel Like) A Natural Woman
525,3NfxSdJnVdon1axzloJgba,The Blues Brothers,I Say a Little Prayer
525,3SdTKo2uVsxFblQjpScoHy,The Blues Brothers,Stand by Me
525,7tqhbajSfrz2F7E1Z75ASX,The Blues Brothers,Ain't No Mountain High Enough
525,6Rqn2GFlmvmV4w9Ala0I1e,The Blues Brothers,Feeling Good
525,70YvYr2hGlS01bKRIho1HM,The Blues Brothers,La Grange - 2005 Remaster
525,5LxvwujISqiB8vpRYv887S,The Blues Brothers,I Want You Back
1584,78lgmZwycJ3nzsdgmPPGNx,The School of Rock,Immigrant Song - Remaster
1584,2zYzyRzz6pRmhPzyfMEC8s,The School of Rock,Highway to Hell
1584,08mG3Y1vljYA6bvDt4Wqkj,The School of Rock,Back In Black
1584,5MMnwYs0hIxkENRsbkWJ2G,The School of Rock,Smoke On The Water - Remastered 2012
1584,5CQ30WqJwcep0pYcV4AMNc,The School of Rock,Stairway to Heaven - Remaster
1584,57bgtoPSgt236HzfBOd8kj,The School of Rock,Thunderstruck
1584,0hCB0YR03f6AmQaHbwWDe8,The School of Rock,Whole Lotta Love - 1990 Remaster
1584,4KcH1ZRV2W1q7Flq0QqC76,The School of Rock,Blitzkrieg Bop - 2016 Remaster
1584,3QZ7uX97s82HFYSmQUAN1D,The School of Rock,Tom Sawyer
1584,4pbJqGIASGPr0ZpGpnWkDn,The School of Rock,We Will Rock You - Remastered 2011
1584,7ACxUo21jtTHzy7ZEV56vU,The School of Rock,Crazy Train
22538,1FTSo4v6BOZH9QxKc3MbVM,Scott Pilgrim vs. the World,Song 2 - 2012 Remaster
22538,7kzKAuUzOITUauHAhoMoxA,Scott Pilgrim vs. the World,Last Nite
22538,57Xjny5yNzAcsxnusKmAfA,Scott Pilgrim vs. the World,Reptilia
22538,20I8RduZC2PWMWTDCZuuAN,Scott Pilgrim vs. the World,Take Me Out
22538,4KcH1ZRV2W1q7Flq0QqC76,Scott Pilgrim vs. the World,Blitzkrieg Bop - 2016 Remaster
22538,3l9CW99AHtExIRV4hW2N5m,Scott Pilgrim vs. the World,Misery Business
22538,7j31rVgGX9Q2blT92VBEA0,Scott Pilgrim vs. the World,Teenagers
22538,003vvx7Niy0yvhvHt4a68B,Scott Pilgrim vs. the World,Mr. Brightside
22538,3dPQuX8Gs42Y7b454ybpMR,Scott Pilgrim vs. the World,Seven Nation Army
22538,2AT8iROs4FQueDv2c8q2KE,Scott Pilgrim vs. the World,R U Mine?
22538,1jJci4qxiYcOHhQR247rEU,Scott Pilgrim vs. the World,Kids
84892,0WQiDwKJclirSYG9v5tayI,The Perks of Being a Wallflower,There Is a Light That Never Goes Out - 2011 Remaster
84892,1FvDJ9KGxcqwv1utyPL3JZ,The Perks of Being a Wallflower,This Charming Man - 2011 Remaster
84892,1YrnDTqvcnUKxAIeXyaEmU,The Perks of Being a Wallflower,How Soon Is Now? - 2011 Remaster
84892,2o49Twc3qrNMOt8gq9W06L,The Perks of Being a Wallflower,Pictures Of You - Remastered
84892,4NnWuGQujzWUEg0uZokO5M,The Perks of Being a Wallflower,Just Like Heaven
84892,2EEinN4Zk8MUv4OQuLsTBj,The Perks of Being a Wallflower,Age of Consent - 2015 Remaster
84892,748yv6bb3l3CcKS45a6SZ8,The Perks of Being a Wallflower,Head Over Heels
84892,1LzNfuep1bnAUR9skqdHCK,The Perks of Being a Wallflower,Fade Into You
84892,7bu0znpSbTks0O6I98ij0W,The Perks of Being a Wallflower,"Tonight, Tonight - Remastered 2012"
8966,1ZLtE9tSJdaUiIJ9YoKHQe,Twilight,Decode
8966,5u5aVJKjSMJr4zesMPz7bL,Twilight,"Clair de Lune, L. 32"
8966,2agBDIr9MYDUducQPC1sFU,Twilight,River Flows In You
8966,0COqiPhxzoWICwFCS4eZcp,Twilight,Bring Me To Life
8966,6Qyc6fS4DsZjB2mRW9DsQs,Twilight,Iris
8966,3hRV0jL3vUpRrcy398teAU,Twilight,The Night We Met
8966,1AdYZ6X00nXmO613Y7GJOl,Twilight,I Miss You
8966,3B3eOgLJSqPEA0RfboIQVM,Twilight,Skinny Love
8966,5hnyJvgoWiQUYZttV4wXy6,Twilight,Chasing Cars
8966,1LzNfuep1bnAUR9skqdHCK,Twilight,Fade Into You
346698,5nujrmhLynf4yMoMtj8AQF,Barbie,Levitating (feat. DaBaby)
346698,3PfIrDoz19wz7qK7tYeu62,Barbie,Don't Start Now
346698,4y1LsJpmMti1PfRQV9AWWe,Barbie,Girls Just Want to Have Fun
346698,0GjEhVFGZW8afUYGChu3Rr,Barbie,Dancing Queen
346698,0ikz6tENMONtK6qGkOrU3c,Barbie,Wake Me Up Before You Go-Go
346698,1u8c2t2Cy7UBoG4ArRcF5g,Barbie,Blank Space
346698,7rIovIsXE6kMn629b7kDig,Barbie,I Will Survive
346698,7Kszjzps0xbQXyo1pO4KfE,Barbie,Le Freak - 2018 Remaster
346698,4qO03RMQm88DdpTJcxlglY,Barbie,Call Me
346698,7hDVYcQq6MxkdJGweuCtl9,Barbie,ocean eyes
361743,34x6hEJgGAOQvmlMql5Ige,Top Gun: Maverick,"Danger Zone - From ""Top Gun"" Original Soundtrack"
361743,15MJ5NThPjj6xhPcts8MiY,Top Gun: Maverick,"Take My Breath Away - Love Theme from ""Top Gun"""
361743,2KH16WveTQWT6KOG9Rg6e2,Top Gun: Maverick,Eye of the Tiger
361743,57bgtoPSgt236HzfBOd8kj,Top Gun: Maverick,Thunderstruck
361743,37ZJ0p5Jm13JPevGcx4SkF,Top Gun: Maverick,Livin' On A Prayer
361743,4bHsxqR3GMrXTxEPLuK5ue,Top Gun: Maverick,Don't Stop Believin'
361743,2VxeLyX666F8uXCJ0dZF8B,Top Gun: Maverick,Shallow
361743,08mG3Y1vljYA6bvDt4Wqkj,Top Gun: Maverick,Back In Black
11036,648TTtYB0bH0P8Hfy0FmkL,The Notebook,Unforgettable
11036,78MI7mu1LV1k4IA2HzKmHe,The Notebook,Dream A Little Dream Of Me - Single Version
11036,4Hhv2vrOTy89HFRcjU3QOx,The Notebook,At Last
11036,44AyOl4qVkzS48vBsbNXaC,The Notebook,Can't Help Falling in Love
11036,2qhASBzpbFhPRtrnZ5lLnz,The Notebook,Unchained Melody
11036,2agBDIr9MYDUducQPC1sFU,The Notebook,River Flows In You
11036,3weNRklVDqb4Rr5MhKBR3D,The Notebook,Nuvole Bianche
11036,0tgVpDi06FyKpA1z0VMD4v,The Notebook,Perfect
11036,33jt3kYWjQzqn3xyYQ5ZEh,The Notebook,Cheek To Cheek
11036,2gNjmvuQiEd2z9SqyYi8HH,The Notebook,Summertime
11036,2nekCvC9XRXQckWNnkIp2l,The Notebook,Harvest Moon
4348,1VNvsvEsUpuUCbHpVop1vo,Pride & Prejudice,"Nocturne No. 2 in E-Flat Major, Op. 9 No. 2"
4348,6nrWWTcOBmoLwcNrLRhY8n,Pride & Prejudice,"Deux Arabesques, L66: No. 1: Andantino con moto"
4348,5u5aVJKjSMJr4zesMPz7bL,Pride & Prejudice,"Clair de Lune, L. 32"
4348,429GaRIWKJ3EU1GAQPbLcr,Pride & Prejudice,"Piano Concerto No. 21 in C Major, K. 467: II. Andante"
4348,3zLTPuucd3e6TxZnu2dlVS,Pride & Prejudice,"Bagatelle No. 25 in A Minor, WoO 59 ""Für Elise"""
4348,5xbuJuQsTVheVZvX2AJVIv,Pride & Prejudice,Spring 1 - 2012
4348,2agBDIr9MYDUducQPC1sFU,Pride & Prejudice,River Flows In You
4348,0Dkibk70FDp6t7eOZNemNQ,Pride & Prejudice,Una Mattina
4348,0VLascXUZ2Ze2u5kUD5J1f,Pride & Prejudice,I Giorni
4348,7ijOLIYbAqtLsqMpjWYMfL,Pride & Prejudice,Meditation: Méditation from Thaïs
1018,6eLL7QTdMWdhhG4i3jHDR9,Mulholland Drive,Crying
1018,44pN9jfSqY3d3lrKuv3QeN,Mulholland Drive,In Dreams
1018,3WO8ZBnOtad3xMz46Z54pY,Mulholland Drive,Blue Velvet
1018,3Ty7OTBNSigGEpeW2PqcsC,Mulholland Drive,Glory Box
1018,0yc6Gst2xkRu0eMLeRMGCX,Mulholland Drive,Apocalypse
1018,67Hna13dNDkZvBpTXRIaOJ,Mulholland Drive,Teardrop
1018,7uv632EkfwYhXoqf8rhYrg,Mulholland Drive,Angel
1018,1FWsomP9StpCcXNWmJk8Cl,Mulholland Drive,K.
1018,052z2UsE2wPrHsBJ9tly0g,Mulholland Drive,Playground Love
1018,5fdp9rXfEixCGLM1Og4EN1,Mulholland Drive,Gnossienne No. 1
1018,1wl5b2lw3YagQtZiYZbQWP,Mulholland Drive,'Round Midnight
793,3WO8ZBnOtad3xMz46Z54pY,Blue Velvet,Blue Velvet
793,44pN9jfSqY3d3lrKuv3QeN,Blue Velvet,In Dreams
793,6eLL7QTdMWdhhG4i3jHDR9,Blue Velvet,Crying
793,0S5cs4lAkx99tGjoWS4Jtk,Blue Velvet,Only You (And You Alone)
793,0yc6Gst2xkRu0eMLeRMGCX,Blue Velvet,Apocalypse
793,3Ty7OTBNSigGEpeW2PqcsC,Blue Velvet,Glory Box
793,1Jmqubf9kGkWeYQXQKImL5,Blue Velvet,People Are Strange
793,0sjxRg1VlYfx4YG7uxurrq,Blue Velvet,I Put A Spell On You
793,14XWXWv5FoCbFzLksawpEe,Blue Velvet,Riders on the Storm
793,2qhASBzpbFhPRtrnZ5lLnz,Blue Velvet,Unchained Melody
965150,2fuCquhmrzHpu5xcA1ci9x,Aftersun,Under Pressure - Remastered 2011
965150,31AOj9sFz2gM0O3hMARRBx,Aftersun,Losing My Religion
965150,5qqabIl2vWzo9ApSC317sa,Aftersun,Wonderwall - Remastered
965150,57iDDD9N9tTWe75x6qhStw,Aftersun,Bitter Sweet Symphony
965150,0Qv7xi6uPSqH2k82tOkGSt,Aftersun,Mad World
965150,73CKjW3vsUXRpy3NnX4H7F,Aftersun,Fake Plastic Trees
965150,2a1iMaoWQ5MnvLFBDv4qkf,Aftersun,High and Dry
965150,3hRV0jL3vUpRrcy398teAU,Aftersun,The Night We Met
965150,1kgdslQYmeTR4thk9whoRw,Aftersun,Tears in Heaven
965150,7o9uu2GDtVDr9nsR7ZRN73,Aftersun,Time After Time
508442,0aWMVrwxPNYkKmFthzmpRi,Soul,Blue in Green (feat. John Coltrane & Bill Evans)
508442,1YQWosTIljIvxAgHWTp7KP,Soul,Take Five
508442,4vLYewWIvqHfKtJDk8c8tq,Soul,"So What (feat. John Coltrane, Cannonball Adderley & Bill Evans)"
508442,0sCeNwt8xRCMR4NhKpMyBe,Soul,Cantaloupe Island - Remastered
508442,0E8q2Fx2XuzXCO2NSAppkR,Soul,In A Sentimental Mood
508442,1wl5b2lw3YagQtZiYZbQWP,Soul,'Round Midnight
508442,1qCQTy0fTXerET4x8VHyr9,Soul,What A Wonderful World
508442,1ko2lVN0vKGUl9zrU0qSlT,Soul,Just the Two of Us (feat. Bill Withers)
508442,0bRXwKfigvpKZUurwqAlEh,Soul,Lovely Day
508442,6Rqn2GFlmvmV4w9Ala0I1e,Soul,Feeling Good
508442,2gNjmvuQiEd2z9SqyYi8HH,Soul,Summertime
5915,5vd1QZ0tdXOExiegC55IAS,Into the Wild,Heart Of Gold
5915,1ILEK6NRfxoseoPnolRcVA,Into the Wild,Holocene
5915,1ju7EsSGvRybSNEsRvc7qY,Into the Wild,Simple Man
5915,3B3eOgLJSqPEA0RfboIQVM,Into the Wild,Skinny Love
5915,1QbOvACeYanja5pbnJbAmk,Into the Wild,"Take Me Home, Country Roads"
5915,3xdjjKMcMOFgo1eQrfbogM,Into the Wild,Wagon Wheel
5915,2M9ro2krNb7nr7HSprkEgo,Into the Wild,Fast Car
5915,3RkQ3UwOyPqpIiIvGVewuU,Into the Wild,Mr. Tambourine Man
5915,18GiV1BaXzPVYpp9rmOg0E,Into the Wild,Blowin' in the Wind
5915,0P7DoyGrr4Wp9w5TotEtUC,Into the Wild,The Weight - Remastered 2000
5915,2nekCvC9XRXQckWNnkIp2l,Into the Wild,Harvest Moon
5915,5EWPGh7jbTNO2wakv8LjUI,Into the Wild,Free Bird
142,2nekCvC9XRXQckWNnkIp2l,Brokeback Mountain,Harvest Moon
142,3fqwjXwUGN6vbzIwvyFMhx,Brokeback Mountain,Tennessee Whiskey
142,2SpEHTbUuebeLkgs9QB7Ue,Brokeback Mountain,Jolene
142,5vd1QZ0tdXOExiegC55IAS,Brokeback Mountain,Heart Of Gold
142,28cnXtME493VX9NOw9cIUh,Brokeback Mountain,Hurt
142,11VwZwNF29HrqwalYUMitb,Brokeback Mountain,Pale Blue Eyes
142,3B3eOgLJSqPEA0RfboIQVM,Brokeback Mountain,Skinny Love
142,5KqldkCunQ2rWxruMEtGh0,Brokeback Mountain,The Gambler
142,1ju7EsSGvRybSNEsRvc7qY,Brokeback Mountain,Simple Man
142,4KROoGIaPaR1pBHPnR3bwC,Brokeback Mountain,Pink Moon
142,3PzsbWSQdLCKDLxn7YZfkM,Brokeback Mountain,I'm On Fire
619,1Yk0cQdMLx5RzzFTYwmuld,The Bodyguard,Hello
619,3bNv3VuUOKgrf5hu3YcuRo,The Bodyguard,Someone Like You
619,5K09WxKdlkroDyEVyOSySy,The Bodyguard,(You Make Me Feel Like) A Natural Woman
619,4Hhv2vrOTy89HFRcjU3QOx,The Bodyguard,At Last
619,2qhASBzpbFhPRtrnZ5lLnz,The Bodyguard,Unchained Melody
619,6lEuFGrUqR9Yc6hSsHPnYP,The Bodyguard,"I Don't Want to Miss a Thing - From ""Armageddon"" Soundtrack"
619,15MJ5NThPjj6xhPcts8MiY,The Bodyguard,"Take My Breath Away - Love Theme from ""Top Gun"""
619,3di5hcvxxciiqwMH1jarhY,The Bodyguard,Set Fire to the Rain
619,54X78diSLoUDI3joC2bjMz,The Bodyguard,Purple Rain
619,1kiNatIrwDusOZfR29W0LJ,The Bodyguard,Man in the Mirror - 2012 Remaster
101,67Hna13dNDkZvBpTXRIaOJ,Léon: The Professional,Teardrop
101,3Ty7OTBNSigGEpeW2PqcsC,Léon: The Professional,Glory Box
101,7uv632EkfwYhXoqf8rhYrg,Léon: The Professional,Angel
101,1kgdslQYmeTR4thk9whoRw,Léon: The Professional,Tears in Heaven
101,1JSTJqkT5qHq8MDJnJbRE1,Léon: The Professional,Every Breath You Take
101,28cnXtME493VX9NOw9cIUh,Léon: The Professional,Hurt
101,6mFkJmJqdDVQ1REhVfGgd1,Léon: The Professional,Wish You Were Here
101,0Qv7xi6uPSqH2k82tOkGSt,Léon: The Professional,Mad World
101,4JLcAU2xY90qTkTSNM1lUa,Léon: The Professional,Bang Bang (My Baby Shot Me Down)
101,5Xak5fmy089t0FYmh3VJiY,Léon: The Professional,Black
104,6Sy9BUbgFse0n0LPA5lwy5,Run Lola Run,Sandstorm
104,4wtR6HB3XekEengMX17cpc,Run Lola Run,Children
104,3dX6WDwnHwYzB5t754oB4T,Run Lola Run,Insomnia - Radio Edit
104,79CUrU5o2KAVDTNm4x3eGU,Run Lola Run,Firestarter
104,0Ja4hLKiUSw01E01pJ1yGr,Run Lola Run,Breathe
104,7g8cjrj0sXScNE727685JE,Run Lola Run,"Kernkraft 400 - DJ Gius Mix, Radio Edit"
104,7kXmJwrZGIhDaLT9sNo3ut,Run Lola Run,Hey Boy Hey Girl
104,2wPFy7SAFnt9Nj2TipWcqb,Run Lola Run,Block Rockin' Beats
104,6c9EGVj5CaOeoKd9ecMW1U,Run Lola Run,Strobe - Radio Edit
104,48vDCZIRmrFO33fH4QU4ij,Run Lola Run,Smack My Bitch Up
104,31MOjWj3CT3dCQsMV2b8Wu,Run Lola Run,Blue Monday '88
582,7xfSCgVOkQJhVxnqzepATH,The Lives of Others,"Moonlight Sonata (First Movement from Piano Sonata No. 14, Op. 27 No. 2)"
582,56oReVXIfUO9xkX7pHmEU0,The Lives of Others,On the Nature of Daylight
582,59gg6zQhSKGVnkT3hWAY3l,The Lives of Others,The Departure
582,5bu9A6uphPWg39RC3ZKeku,The Lives of Others,"Goldberg Variations, BWV 988: Aria"
582,17i5jLpzndlQhbS4SrTd0B,The Lives of Others,"Cello Suite No. 1 in G Major, BWV 1007: I. Prélude"
582,2ffwBvpsQhgXyU7zBUOhwP,The Lives of Others,Written on the Sky
582,6rodOIyxUXZrRfzoNL2vXx,The Lives of Others,Elegy For The Arctic - Remastered 2020
582,6a7vpKrVXdAyMItaQI9ZYS,The Lives of Others,Vladimir's Blues
582,1VNvsvEsUpuUCbHpVop1vo,The Lives of Others,"Nocturne No. 2 in E-Flat Major, Op. 9 No. 2"
582,5NGtFXVpXSvwunEIGeviY3,The Lives of Others,Gymnopédie No. 1
1438,33ZXjLCpiINn8eQIDYEPTD,The Wire,"Shook Ones, Pt. II"
1438,0trHOzAhNpGCsGBEu7dOJo,The Wire,N.Y. State of Mind
1438,119c93MHjrDLJTApCVGpvx,The Wire,"C.R.E.A.M. (Cash Rules Everything Around Me) (feat. Method Man, Raekwon, Inspectah Deck & Buddha Monk)"
1438,1ofhfV90EnYhEr7Un2fWiv,The Wire,Changes
1438,1DIXPcTDzTj8ZMHt3PDt8p,The Wire,Gangsta's Paradise
1438,6tDxrq4FxEL2q15y37tXT9,The Wire,Dear Mama
1438,5xRP5iyVdGglqlY4Vcjhkx,The Wire,Sinnerman
1438,551qy5vUgrUfEUc4dCNfht,The Wire,Where Did You Sleep Last Night
1438,2M9ro2krNb7nr7HSprkEgo,The Wire,Fast Car
1438,26PwuMotZqcczKLHi4Htz3,The Wire,Redemption Song
1104,2PzU4IB8Dr6mxV3lHuaG34,Mad Men,(I Can't Get No) Satisfaction - Mono Version
1104,4nbILrYODP667b3d66ZMzI,Mad Men,Sway (Quien Sera)
1104,33jt3kYWjQzqn3xyYQ5ZEh,Mad Men,Cheek To Cheek
1104,3898C4AbdbptwYet6547e5,Mad Men,The Girl From Ipanema
1104,1YQWosTIljIvxAgHWTp7KP,Mad Men,Take Five
1104,4QxDOjgpYtQDxxbWPuEJOy,Mad Men,L-O-V-E
1104,648TTtYB0bH0P8Hfy0FmkL,Mad Men,Unforgettable
1104,3E5ndyOfO6vFDEIE42HA8o,Mad Men,Mack the Knife
1104,4s6LhHAV5SEsOV0lC2tjvJ,Mad Men,California Dreamin' - Single Version
1104,4JLcAU2xY90qTkTSNM1lUa,Mad Men,Bang Bang (My Baby Shot Me Down)
1104,0hKRSZhUGEhKU6aNSPBACZ,Mad Men,A Day In The Life - Remastered 2009
1104,3KzgdYUlqV6TOG7JCmx2Wg,Mad Men,Beyond the Sea
2316,4w3tQBXhn5345eUXDGBWZG,The Office,9 to 5
2316,1QbOvACeYanja5pbnJbAmk,The Office,"Take Me Home, Country Roads"
2316,0bRXwKfigvpKZUurwqAlEh,The Office,Lovely Day
2316,6dGnYIeXmHdcikdzNNDMm2,The Office,Here Comes The Sun - Remastered 2009
2316,2TVxnKdb3tqe1nhQWwwZCO,The Office,Tiny Dancer
2316,0aym2LBJBk9DAYuHHutrIl,The Office,Hey Jude - Remastered 2015
2316,0cBPuDA3xUjR4Vh9o7CKy8,The Office,Home
2316,2374M0fQpWi3dLnB54qaLX,The Office,Africa
2316,1K3LRUEcUz5FMtPYyg0F45,The Office,Ho Hey
2316,32OlwWuMpZ6b0aN2RZOeMS,The Office,Uptown Funk (feat. Bruno Mars)
1668,0bRXwKfigvpKZUurwqAlEh,Friends,Lovely Day
1668,6dGnYIeXmHdcikdzNNDMm2,Friends,Here Comes The Sun - Remastered 2009
1668,3M8FzayQWtkvOhqMn2V4T2,Friends,Lean on Me
1668,5qqabIl2vWzo9ApSC317sa,Friends,Wonderwall - Remastered
1668,6Qyc6fS4DsZjB2mRW9DsQs,Friends,Iris
1668,6GG73Jik4jUlQCkKg9JuGO,Friends,The Middle
1668,3cfOd4CMv2snFaKAnMdnvK,Friends,All Star
1668,4y1LsJpmMti1PfRQV9AWWe,Friends,Girls Just Want to Have Fun
1668,3SdTKo2uVsxFblQjpScoHy,Friends,Stand by Me
1668,6txWz9UapYHVxEd7dDIHXT,Friends,No Rain
456,3cfOd4CMv2snFaKAnMdnvK,The Simpsons,All Star
456,569uHYIB0X324FZOBEhvit,The Simpsons,Ghostbusters
456,6Ac4NVYYl2U73QiTt11ZKd,The Simpsons,Hooked On A Feeling
456,2QfiRTz5Yc8DdShCxG1tB2,The Simpsons,Johnny B. Goode
456,5T8EDUDqKcs6OSOwEsfqG7,The Simpsons,Don't Stop Me Now - Remastered 2011
456,6s0NHplywwr1IjnQpUpWJk,The Simpsons,Bad To The Bone
456,452KBpASS5lZLeJWX9Ixub,The Simpsons,Jailhouse Rock
456,32OlwWuMpZ6b0aN2RZOeMS,The Simpsons,Uptown Funk (feat. Bruno Mars)
456,7Kszjzps0xbQXyo1pO4KfE,The Simpsons,Le Freak - 2018 Remaster
456,2374M0fQpWi3dLnB54qaLX,The Simpsons,Africa
60625,28cnXtME493VX9NOw9cIUh,Rick and Morty,Hurt
60625,7wCmS9TTVUcIhRalDYFgPy,Rick and Morty,Where Is My Mind? - Remastered
60625,1ujxjsoNvh4XgS2fUNwkZ2,Rick and Morty,Space Song
60625,6LgJvl0Xdtc73RJ1mmpotq,Rick and Morty,Paranoid Android
60625,60Pe9j2pCBa4Zp4ztf5nhd,Rick and Morty,Windowlicker
60625,0d28khcov6AiegSCpG5TuT,Rick and Morty,Feel Good Inc.
60625,1RKUoGiLEbcXN4GY4spQDx,Rick and Morty,Clint Eastwood
60625,3gdewACMIVMEWVbyb8O9sY,Rick and Morty,"Rocket Man (I Think It's Going To Be A Long, Long Time)"
60625,4iG2gAwKXsOcijVaVXzRPW,Rick and Morty,Time to Pretend
60625,1jJci4qxiYcOHhQR247rEU,Rick and Morty,Kids
61222,5xo8RrjJ9CVNrtRg2S3B1R,BoJack Horseman,Motion Sickness
61222,73CKjW3vsUXRpy3NnX4H7F,BoJack Horseman,Fake Plastic Trees
61222,70LcF31zb1H0PyJoS1Sx1r,BoJack Horseman,Creep
61222,10nyNJ6zNy2YVYLrcwLccB,BoJack Horseman,No Surprises
61222,3FAclTFfvUuQYnEsptbK8w,BoJack Horseman,Back To Black
61222,3N4DI1vuTSX1tz7fa2NQZw,BoJack Horseman,Rehab
61222,40riOy7x9W7GXjyGp4pjAv,BoJack Horseman,Hotel California - 2013 Remaster
61222,48UPSzbZjgc449aqz8bxox,BoJack Horseman,Californication
61222,3d9DChrdc6BOeFsbrZ3Is0,BoJack Horseman,Under the Bridge
61222,3uliGwmB52ZA7brgpZMzyH,BoJack Horseman,Love Is A Losing Game
61222,63OQupATfueTdZMWTxW03A,BoJack Horseman,Karma Police
61222,28cnXtME493VX9NOw9cIUh,BoJack Horseman,Hurt
4607,6ZFbXIJkuI1dVNWvzJzown,Lost,Time
4607,56oReVXIfUO9xkX7pHmEU0,Lost,On the Nature of Daylight
4607,59gg6zQhSKGVnkT3hWAY3l,Lost,The Departure
4607,3Sy6wgTNEp6vSgLs4EyXAf,Lost,Flight from the City
4607,6mFkJmJqdDVQ1REhVfGgd1,Lost,Wish You Were Here
4607,26PwuMotZqcczKLHi4Htz3,Lost,Redemption Song
4607,7wCmS9TTVUcIhRalDYFgPy,Lost,Where Is My Mind? - Remastered
4607,6zeE5tKyr8Nu882DQhhSQI,Lost,Dust in the Wind
4607,0Qv7xi6uPSqH2k82tOkGSt,Lost,Mad World
4607,5UgT7w6zVZjP3oyawMzbiK,Lost,The End
4087,7ERSQrRptZVM7q3VOdM7OL,The X-Files,Tubular Bells - Pt. I
4087,2XQSgmtEY2titXhfY414dy,The X-Files,Roygbiv
4087,3vBJYnujT3yxLjLEG1jtDS,The X-Files,Music Is Math
4087,2JoAbvKBwp2OlkiiANRBc5,The X-Files,Tick Of The Clock (Film Edit)
4087,2EoOZnxNgtmZaD8uUmz2nD,The X-Files,Black Hole Sun
4087,0Qv7xi6uPSqH2k82tOkGSt,The X-Files,Mad World
4087,1vgSaC0BPlL6LEm4Xsx59J,The X-Files,An Ending (Ascent) - Remastered 2005
4087,6kkwzB6hXLIONkEk9JciA6,The X-Files,Weightless
4087,14XWXWv5FoCbFzLksawpEe,The X-Files,Riders on the Storm
4087,63OQupATfueTdZMWTxW03A,The X-Files,Karma Police
4087,6LgJvl0Xdtc73RJ1mmpotq,The X-Files,Paranoid Android
19885,0ROMalDdNg3L2HoZP4qFyJ,Sherlock,"The Four Seasons - Winter in F Minor, RV. 297: I. Allegro non molto"
19885,5xbuJuQsTVheVZvX2AJVIv,Sherlock,Spring 1 - 2012
19885,2NGhKPZdZk2pPZinWphTzh,Sherlock,November
19885,4UDmDIqJIbrW0hMBQMFOsM,Sherlock,Stayin' Alive
19885,5xRP5iyVdGglqlY4Vcjhkx,Sherlock,Sinnerman
19885,3zLTPuucd3e6TxZnu2dlVS,Sherlock,"Bagatelle No. 25 in A Minor, WoO 59 ""Für Elise"""
19885,4oowGH3baaetOYlEVUglhU,Sherlock,"Fantaisie-Impromptu In C-Sharp Minor, Op. 66"
19885,5jzma6gCzYtKB1DbEwFZKH,Sherlock,London Calling - Remastered
19885,5bu9A6uphPWg39RC3ZKeku,Sherlock,"Goldberg Variations, BWV 988: Aria"
19885,1YQWosTIljIvxAgHWTp7KP,Sherlock,Take Five
65494,3oHSL6pt9LpNrQZuQGu9wL,The Crown,"Requiem, K. 626: Lacrimosa"
65494,17i5jLpzndlQhbS4SrTd0B,The Crown,"Cello Suite No. 1 in G Major, BWV 1007: I. Prélude"
65494,1VNvsvEsUpuUCbHpVop1vo,The Crown,"Nocturne No. 2 in E-Flat Major, Op. 9 No. 2"
65494,429GaRIWKJ3EU1GAQPbLcr,The Crown,"Piano Concerto No. 21 in C Major, K. 467: II. Andante"
65494,7xfSCgVOkQJhVxnqzepATH,The Crown,"Moonlight Sonata (First Movement from Piano Sonata No. 14, Op. 27 No. 2)"
65494,5bu9A6uphPWg39RC3ZKeku,The Crown,"Goldberg Variations, BWV 988: Aria"
65494,6ZFbXIJkuI1dVNWvzJzown,The Crown,Time
65494,1BncfTJAWxrsxyT9culBrj,The Crown,Experience
65494,2ffwBvpsQhgXyU7zBUOhwP,The Crown,Written on the Sky
65494,74WjYdm3Lvbwnds4thYPUU,The Crown,"Turandot, SC 91 / Act III: ""Nessun dorma!"""
63351,5u6y4u5EgDv0peILf60H5t,Narcos,Oye Como Va
63351,4YMQXzscifAREG0a7KNGhB,Narcos,Black Magic Woman - Single Version
63351,228BxWXUYQPJrJYHDLOHkj,Narcos,Gasolina
63351,0n2SEXB2qoRQg171q7XqeW,Narcos,Smooth (feat. Rob Thomas)
63351,2aEeghgUcnu75tzcolFMfs,Narcos,La Bamba - Single Version
63351,4nbILrYODP667b3d66ZMzI,Narcos,Sway (Quien Sera)
63351,6DXLO8LndZMVOHM0wNbpzg,Narcos,Danza Kuduro
63351,7KwZNVEaqikRSBSpyhXK2j,Narcos,Hypnotize - 2014 Remaster
63351,33ZXjLCpiINn8eQIDYEPTD,Narcos,"Shook Ones, Pt. II"
63351,0Ph6L4l8dYUuXFmb71Ajnd,Narcos,Livin' la Vida Loca
71446,3dPQuX8Gs42Y7b454ybpMR,Money Heist,Seven Nation Army
71446,0pqnGHJpmpxLKifKRmU6WP,Money Heist,Believer
71446,228BxWXUYQPJrJYHDLOHkj,Money Heist,Gasolina
71446,0n2SEXB2qoRQg171q7XqeW,Money Heist,Smooth (feat. Rob Thomas)
71446,63T7DJ1AFDD6Bn8VzG6JE8,Money Heist,"Paint It, Black"
71446,1Ud6moTC0KyXMq1Oxfien0,Money Heist,Sympathy For The Devil - 50th Anniversary Edition
71446,0TDLuuLlV54CkRRUOahJb4,Money Heist,Titanium (feat. Sia)
71446,1r9xUipOqoNwggBpENDsvJ,Money Heist,Enemy (with JID) - from the series Arcane League of Legends
71446,59WN2psjkt1tyaxjspN8fp,Money Heist,Killing In The Name
71446,4YMQXzscifAREG0a7KNGhB,Money Heist,Black Magic Woman - Single Version
100088,2WfaOiMkCvy7F5fcp2zZ8L,The Last of Us,Take on Me
100088,28cnXtME493VX9NOw9cIUh,The Last of Us,Hurt
100088,551qy5vUgrUfEUc4dCNfht,The Last of Us,Where Did You Sleep Last Night
100088,3hRV0jL3vUpRrcy398teAU,The Last of Us,The Night We Met
100088,6mFkJmJqdDVQ1REhVfGgd1,The Last of Us,Wish You Were Here
100088,5vd1QZ0tdXOExiegC55IAS,The Last of Us,Heart Of Gold
100088,56oReVXIfUO9xkX7pHmEU0,The Last of Us,On the Nature of Daylight
100088,6zeE5tKyr8Nu882DQhhSQI,The Last of Us,Dust in the Wind
100088,1ju7EsSGvRybSNEsRvc7qY,The Last of Us,Simple Man
100088,6HSXNV0b4M4cLJ7ljgVVeh,The Last of Us,Knockin' On Heaven's Door
100088,11VwZwNF29HrqwalYUMitb,The Last of Us,Pale Blue Eyes
82856,5KqldkCunQ2rWxruMEtGh0,The Mandalorian,The Gambler
82856,6HSXNV0b4M4cLJ7ljgVVeh,The Mandalorian,Knockin' On Heaven's Door
82856,4JLcAU2xY90qTkTSNM1lUa,The Mandalorian,Bang Bang (My Baby Shot Me Down)
82856,2q6fxAvSpqXR4jx9Ne7RGz,The Mandalorian,"Main Title - From The ""Game Of Thrones"" Soundtrack"
82856,6Vjk8MNXpQpi0F4BefdTyq,The Mandalorian,Kashmir - Remaster
82856,4mn2kNTqiGLwaUR8JdhJ1l,The Mandalorian,House of the Rising Sun
82856,3gdewACMIVMEWVbyb8O9sY,The Mandalorian,"Rocket Man (I Think It's Going To Be A Long, Long Time)"
82856,14XWXWv5FoCbFzLksawpEe,The Mandalorian,Riders on the Storm
82856,6pWgRkpqVfxnj3WuIcJ7WP,The Mandalorian,Cornfield Chase
82856,6s0NHplywwr1IjnQpUpWJk,The Mandalorian,Bad To The Bone
95,7EZC6E7UjZe63f1jRmkWxt,Buffy the Vampire Slayer,Zombie
95,0COqiPhxzoWICwFCS4eZcp,Buffy the Vampire Slayer,Bring Me To Life
95,1AdYZ6X00nXmO613Y7GJOl,Buffy the Vampire Slayer,I Miss You
95,11LmqTE2naFULdEP94AUBa,Buffy the Vampire Slayer,Heart-Shaped Box
95,1FTSo4v6BOZH9QxKc3MbVM,Buffy the Vampire Slayer,Song 2 - 2012 Remaster
95,70LcF31zb1H0PyJoS1Sx1r,Buffy the Vampire Slayer,Creep
95,3l9CW99AHtExIRV4hW2N5m,Buffy the Vampire Slayer,Misery Business
95,7azo4rpSUh8nXgtonC6Pkq,Buffy the Vampire Slayer,Thriller
95,2Y0iGXY6m6immVb2ktbseM,Buffy the Vampire Slayer,Little Dark Age
95,1YrnDTqvcnUKxAIeXyaEmU,Buffy the Vampire Slayer,How Soon Is Now? - 2011 Remaster
95,7j31rVgGX9Q2blT92VBEA0,Buffy the Vampire Slayer,Teenagers
900,1jJci4qxiYcOHhQR247rEU,Skins,Kids
900,4iG2gAwKXsOcijVaVXzRPW,Skins,Time to Pretend
900,3FtYbEfBqAlGO46NUDQSAt,Skins,Electric Feel
900,003vvx7Niy0yvhvHt4a68B,Skins,Mr. Brightside
900,7kzKAuUzOITUauHAhoMoxA,Skins,Last Nite
900,4dyx5SzxPPaD8xQIid5Wjj,Skins,Young Folks
900,7w87IxuO7BDcJ3YUqCyMTT,Skins,Pumped Up Kicks
900,1rtyfUUQeRDoiObPys8DMq,Skins,Heartbeats
900,20I8RduZC2PWMWTDCZuuAN,Skins,Take Me Out
900,73jVPicY2G9YHmzgjk69ae,Skins,Robbers
900,4m0q0xQ2BNl9SCAGKyfiGZ,Skins,Somebody Else
900,79CUrU5o2KAVDTNm4x3eGU,Skins,Firestarter
89905,3hRV0jL3vUpRrcy398teAU,Normal People,The Night We Met
89905,3B3eOgLJSqPEA0RfboIQVM,Normal People,Skinny Love
89905,1ILEK6NRfxoseoPnolRcVA,Normal People,Holocene
89905,5xo8RrjJ9CVNrtRg2S3B1R,Normal People,Motion Sickness
89905,46RNrAkGsqWTDrv2ZPOAbx,Normal People,Moon Song
89905,11X4Gw3T4hoktVruLgTnm1,Normal People,Heartbeats
89905,5GUYJTQap5F3RDQiCOJhrS,Normal People,Self Control
89905,2ZWlPOoWh0626oTaHrnl2a,Normal People,Ivy
89905,3JvKfv6T31zO0ini8iNItO,Normal People,Another Love
89905,6xGruZOHLs39ZbVccQTuPZ,Normal People,Glimpse of Us
89905,35PKfoynRpVFoAUE3D5Kc6,Normal People,Work Song
89905,34iOH7LY3vme5rQxsVILZ4,Normal People,Love Will Tear Us Apart - 2020 Remaster
87739,5fdp9rXfEixCGLM1Og4EN1,The Queen's Gambit,Gnossienne No. 1
87739,4oowGH3baaetOYlEVUglhU,The Queen's Gambit,"Fantaisie-Impromptu In C-Sharp Minor, Op. 66"
87739,5bu9A6uphPWg39RC3ZKeku,The Queen's Gambit,"Goldberg Variations, BWV 988: Aria"
87739,5xRP5iyVdGglqlY4Vcjhkx,The Queen's Gambit,Sinnerman
87739,6Rqn2GFlmvmV4w9Ala0I1e,The Queen's Gambit,Feeling Good
87739,0sjxRg1VlYfx4YG7uxurrq,The Queen's Gambit,I Put A Spell On You
87739,4JLcAU2xY90qTkTSNM1lUa,The Queen's Gambit,Bang Bang (My Baby Shot Me Down)
87739,4s6LhHAV5SEsOV0lC2tjvJ,The Queen's Gambit,California Dreamin' - Single Version
87739,1YQWosTIljIvxAgHWTp7KP,The Queen's Gambit,Take Five
87739,7M9pPyt8Gr41THLhbz4NSB,The Queen's Gambit,Don't Let Me Be Misunderstood
87739,1VNvsvEsUpuUCbHpVop1vo,The Queen's Gambit,"Nocturne No. 2 in E-Flat Major, Op. 9 No. 2"
97546,4bHsxqR3GMrXTxEPLuK5ue,Ted Lasso,Don't Stop Believin'
97546,0aym2LBJBk9DAYuHHutrIl,Ted Lasso,Hey Jude - Remastered 2015
97546,0bRXwKfigvpKZUurwqAlEh,Ted Lasso,Lovely Day
97546,75FYqcxt1YEAtqDLrOeIJn,Ted Lasso,Three Little Birds
97546,5qqabIl2vWzo9ApSC317sa,Ted Lasso,Wonderwall - Remastered
97546,0cBPuDA3xUjR4Vh9o7CKy8,Ted Lasso,Home
97546,6dGnYIeXmHdcikdzNNDMm2,Ted Lasso,Here Comes The Sun - Remastered 2009
97546,7iN1s7xHE4ifF5povM6A48,Ted Lasso,Let It Be - Remastered 2009
97546,4pbJqGIASGPr0ZpGpnWkDn,Ted Lasso,We Will Rock You - Remastered 2011
97546,3M8FzayQWtkvOhqMn2V4T2,Ted Lasso,Lean on Me
97546,2ixsaeFioXJmMgkkbd4uj1,Ted Lasso,Budapest
111803,74WjYdm3Lvbwnds4thYPUU,The White Lotus,"Turandot, SC 91 / Act III: ""Nessun dorma!"""
111803,18VNXlRteVgchjjqaTKZmm,The White Lotus,"Puccini: Gianni Schicchi, Act 1: ""O mio babbino caro"" (Lauretta)"
111803,50KVOLNNqft8SJr5ybrv8G,The White Lotus,"Rigoletto: ""La donna è mobile"""
111803,64MgjDp6ijaLvS3T83JHX9,The White Lotus,That's Amore - Remastered
111803,0H7LRye21kQjDfHVqnGoiM,The White Lotus,Carmen Suite No. 2: 2. Habanera
111803,4nbILrYODP667b3d66ZMzI,The White Lotus,Sway (Quien Sera)
111803,3898C4AbdbptwYet6547e5,The White Lotus,The Girl From Ipanema
111803,2Fxmhks0bxGSBdJ92vM42m,The White Lotus,bad guy
111803,1i6N76fftMZhijOzFQ5ZtL,The White Lotus,Psycho Killer - 2005 Remaster
111803,5fdp9rXfEixCGLM1Og4EN1,The White Lotus,Gnossienne No. 1
111803,2Y0iGXY6m6immVb2ktbseM,The White Lotus,Little Dark Age
65495,2xLMifQCjDGFmkHkpNLD9h,Atlanta,SICKO MODE
65495,6gBFPUFcJLzWGx4lenP6h2,Atlanta,goosebumps
65495,7eqoqGkKwgOaWNNHx90uEZ,Atlanta,Nights
65495,3xKsf9qdS1CyvXSMEid6g8,Atlanta,Pink + White
65495,7KXjTSCq5nL1LoYtL7XAwS,Atlanta,HUMBLE.
65495,5ByAIlEEnxYdvpnezg7HTX,Atlanta,Juicy - 2005 Remaster
65495,119c93MHjrDLJTApCVGpvx,Atlanta,"C.R.E.A.M. (Cash Rules Everything Around Me) (feat. Method Man, Raekwon, Inspectah Deck & Buddha Monk)"
65495,1ixbwbeBi5ufN4noUKmW5a,Atlanta,Paper Planes
65495,6DCZcSspjsKoFjzjrWoCdn,Atlanta,God's Plan
65495,0d28khcov6AiegSCpG5TuT,Atlanta,Feel Good Inc.
65495,2YpeDb67231RjR0MgVLzsG,Atlanta,Old Town Road - Remix
66788,3hRV0jL3vUpRrcy398teAU,13 Reasons Why,The Night We Met
66788,0u2P5u6lvoDfwTYjAADbn4,13 Reasons Why,lovely (with Khalid)
66788,34iOH7LY3vme5rQxsVILZ4,13 Reasons Why,Love Will Tear Us Apart - 2020 Remaster
66788,3JvKfv6T31zO0ini8iNItO,13 Reasons Why,Another Love
66788,7qEHsqek33rTcFNT9PFqLf,13 Reasons Why,Someone You Loved
66788,5fVZC9GiM4e8vu99W0Xf6J,13 Reasons Why,How to Save a Life
66788,6xGruZOHLs39ZbVccQTuPZ,13 Reasons Why,Glimpse of Us
66788,3ZCTVFBt2Brf31RLEnCkWJ,13 Reasons Why,everything i wanted
66788,3B3eOgLJSqPEA0RfboIQVM,13 Reasons Why,Skinny Love
66788,0Qv7xi6uPSqH2k82tOkGSt,13 Reasons Why,Mad World
66788,5wANPM4fQCJwkGd4rN57mH,13 Reasons Why,drivers license
91239,5xbuJuQsTVheVZvX2AJVIv,Bridgerton,Spring 1 - 2012
91239,1VNvsvEsUpuUCbHpVop1vo,Bridgerton,"Nocturne No. 2 in E-Flat Major, Op. 9 No. 2"
91239,6nrWWTcOBmoLwcNrLRhY8n,Bridgerton,"Deux Arabesques, L66: No. 1: Andantino con moto"
91239,429GaRIWKJ3EU1GAQPbLcr,Bridgerton,"Piano Concerto No. 21 in C Major, K. 467: II. Andante"
91239,1D4PL9B8gOg78jiHg3FvBb,Bridgerton,Love Story
91239,2Fxmhks0bxGSBdJ92vM42m,Bridgerton,bad guy
91239,5u5aVJKjSMJr4zesMPz7bL,Bridgerton,"Clair de Lune, L. 32"
91239,3zLTPuucd3e6TxZnu2dlVS,Bridgerton,"Bagatelle No. 25 in A Minor, WoO 59 ""Für Elise"""
91239,0tgVpDi06FyKpA1z0VMD4v,Bridgerton,Perfect
91239,0ROMalDdNg3L2HoZP4qFyJ,Bridgerton,"The Four Seasons - Winter in F Minor, RV. 297: I. Allegro non molto"
119051,63T7DJ1AFDD6Bn8VzG6JE8,Wednesday,"Paint It, Black"
119051,7ERSQrRptZVM7q3VOdM7OL,Wednesday,Tubular Bells - Pt. I
119051,7azo4rpSUh8nXgtonC6Pkq,Wednesday,Thriller
119051,2Y0iGXY6m6immVb2ktbseM,Wednesday,Little Dark Age
119051,4SSnFejRGlZikf02HLewEF,Wednesday,bury a friend
119051,2Fxmhks0bxGSBdJ92vM42m,Wednesday,bad guy
119051,0COqiPhxzoWICwFCS4eZcp,Wednesday,Bring Me To Life
119051,0ROMalDdNg3L2HoZP4qFyJ,Wednesday,"The Four Seasons - Winter in F Minor, RV. 297: I. Allegro non molto"
119051,5fdp9rXfEixCGLM1Og4EN1,Wednesday,Gnossienne No. 1
119051,1Jmqubf9kGkWeYQXQKImL5,Wednesday,People Are Strange
119051,0nLiqZ6A27jJri2VCalIUs,Wednesday,Nothing Else Matters
54344,59gg6zQhSKGVnkT3hWAY3l,The Leftovers,The Departure
54344,2NGhKPZdZk2pPZinWphTzh,The Leftovers,November
54344,56oReVXIfUO9xkX7pHmEU0,The Leftovers,On the Nature of Daylight
54344,2ffwBvpsQhgXyU7zBUOhwP,The Leftovers,Written on the Sky
54344,7wCmS9TTVUcIhRalDYFgPy,The Leftovers,Where Is My Mind? - Remastered
54344,6a7vpKrVXdAyMItaQI9ZYS,The Leftovers,Vladimir's Blues
54344,6rodOIyxUXZrRfzoNL2vXx,The Leftovers,Elegy For The Arctic - Remastered 2020
54344,7yzbimr8WVyAtBX3Eg6UL9,The Leftovers,Hallelujah
54344,7iN1s7xHE4ifF5povM6A48,The Leftovers,Let It Be - Remastered 2009
54344,6zeE5tKyr8Nu882DQhhSQI,The Leftovers,Dust in the Wind
1416,5hnyJvgoWiQUYZttV4wXy6,Grey's Anatomy,Chasing Cars
1416,5fVZC9GiM4e8vu99W0Xf6J,Grey's Anatomy,How to Save a Life
1416,1SKPmfSYaPsETbRHaiA18G,Grey's Anatomy,Somewhere Only We Know
1416,6Qyc6fS4DsZjB2mRW9DsQs,Grey's Anatomy,Iris
1416,3B3eOgLJSqPEA0RfboIQVM,Grey's Anatomy,Skinny Love
1416,7qEHsqek33rTcFNT9PFqLf,Grey's Anatomy,Someone You Loved
1416,2pUpNOgJBIBCcjyQZQ00qU,Grey's Anatomy,Let Her Go
1416,3hRV0jL3vUpRrcy398teAU,Grey's Anatomy,The Night We Met
1416,3JvKfv6T31zO0ini8iNItO,Grey's Anatomy,Another Love
1416,2M9ro2krNb7nr7HSprkEgo,Grey's Anatomy,Fast Car
30991,1YQWosTIljIvxAgHWTp7KP,Cowboy Bebop,Take Five
30991,4vLYewWIvqHfKtJDk8c8tq,Cowboy Bebop,"So What (feat. John Coltrane, Cannonball Adderley & Bill Evans)"
30991,0sCeNwt8xRCMR4NhKpMyBe,Cowboy Bebop,Cantaloupe Island - Remastered
30991,5xRP5iyVdGglqlY4Vcjhkx,Cowboy Bebop,Sinnerman
30991,0aWMVrwxPNYkKmFthzmpRi,Cowboy Bebop,Blue in Green (feat. John Coltrane & Bill Evans)
30991,1wl5b2lw3YagQtZiYZbQWP,Cowboy Bebop,'Round Midnight
30991,3E5ndyOfO6vFDEIE42HA8o,Cowboy Bebop,Mack the Knife
30991,6Rqn2GFlmvmV4w9Ala0I1e,Cowboy Bebop,Feeling Good
30991,0E8q2Fx2XuzXCO2NSAppkR,Cowboy Bebop,In A Sentimental Mood
30991,4JLcAU2xY90qTkTSNM1lUa,Cowboy Bebop,Bang Bang (My Baby Shot Me Down)
890,3oHSL6pt9LpNrQZuQGu9wL,Neon Genesis Evangelion,"Requiem, K. 626: Lacrimosa"
890,17i5jLpzndlQhbS4SrTd0B,Neon Genesis Evangelion,"Cello Suite No. 1 in G Major, BWV 1007: I. Prélude"
890,6LgJvl0Xdtc73RJ1mmpotq,Neon Genesis Evangelion,Paranoid Android
890,70LcF31zb1H0PyJoS1Sx1r,Neon Genesis Evangelion,Creep
890,2nLtzopw4rPReszdYBJU6h,Neon Genesis Evangelion,Numb
890,60a0Rd6pjrkxjPbaKzXjfq,Neon Genesis Evangelion,In the End
890,5bu9A6uphPWg39RC3ZKeku,Neon Genesis Evangelion,"Goldberg Variations, BWV 988: Aria"
890,7wCmS9TTVUcIhRalDYFgPy,Neon Genesis Evangelion,Where Is My Mind? - Remastered
890,28cnXtME493VX9NOw9cIUh,Neon Genesis Evangelion,Hurt
890,62Da3JOu9H9EIgmqV7DoLG,Neon Genesis Evangelion,Lux Aeterna
1429,2MuWTIM3b0YEAskbeeFE1i,Attack on Titan,Master Of Puppets
1429,4OROzZUy6gOWN4UGQVaZMF,Attack on Titan,The Trooper - 2015 Remaster
1429,61mWefnWQOLf90gepjOCb3,Attack on Titan,Duality
1429,0L7zm6afBEtrNKo6C6Gj08,Attack on Titan,Painkiller
1429,5awDvzxWfd53SSrsRZ8pXO,Attack on Titan,Du hast
1429,5wQnmLuC1W7ATsArWACrgW,Attack on Titan,Welcome to the Black Parade
1429,60a0Rd6pjrkxjPbaKzXjfq,Attack on Titan,In the End
1429,0COqiPhxzoWICwFCS4eZcp,Attack on Titan,Bring Me To Life
1429,6Vjk8MNXpQpi0F4BefdTyq,Attack on Titan,Kashmir - Remaster
1429,6p8eFfPw3nQkf37aT3AkmK,Attack on Titan,Fear of the Dark - 2015 Remaster
1429,1r9xUipOqoNwggBpENDsvJ,Attack on Titan,Enemy (with JID) - from the series Arcane League of Legends
1429,0pqnGHJpmpxLKifKRmU6WP,Attack on Titan,Believer
153,2usrT8QIbIk9y0NEtQwS4j,Lost in Translation,Intro
64690,2usrT8QIbIk9y0NEtQwS4j,Drive,Intro
89905,2usrT8QIbIk9y0NEtQwS4j,Normal People,Intro
965150,2usrT8QIbIk9y0NEtQwS4j,Aftersun,Intro
152601,2usrT8QIbIk9y0NEtQwS4j,Her,Intro
339403,3Wrjm47oTz2sjIgck11l5e,Baby Driver,Beggin'
22538,3Wrjm47oTz2sjIgck11l5e,Scott Pilgrim vs. the World,Beggin'
119051,3Wrjm47oTz2sjIgck11l5e,Wednesday,Beggin'
60574,3Wrjm47oTz2sjIgck11l5e,Peaky Blinders,Beggin'
900,3Wrjm47oTz2sjIgck11l5e,Skins,Beggin'
786,37Tmv4NnfQeb0ZgUC4fOJj,Almost Famous,Sultans Of Swing
8872,37Tmv4NnfQeb0ZgUC4fOJj,Wayne's World,Sultans Of Swing
624,37Tmv4NnfQeb0ZgUC4fOJj,Easy Rider,Sultans Of Swing
801,37Tmv4NnfQeb0ZgUC4fOJj,"Good Morning, Vietnam",Sultans Of Swing
525,37Tmv4NnfQeb0ZgUC4fOJj,The Blues Brothers,Sultans Of Swing
62560,2DlHlPMa4M17kufBvI2lEN,Mr. Robot,Chop Suey!
550,2DlHlPMa4M17kufBvI2lEN,Fight Club,Chop Suey!
76341,2DlHlPMa4M17kufBvI2lEN,Mad Max: Fury Road,Chop Suey!
1429,2DlHlPMa4M17kufBvI2lEN,Attack on Titan,Chop Suey!
24,2DlHlPMa4M17kufBvI2lEN,Kill Bill: Vol. 1,Chop Suey!
5915,0nrRP2bk19rLc0orkWPQk2,Into the Wild,Wake Me Up
97546,0nrRP2bk19rLc0orkWPQk2,Ted Lasso,Wake Me Up
773,0nrRP2bk19rLc0orkWPQk2,Little Miss Sunshine,Wake Me Up
391713,0nrRP2bk19rLc0orkWPQk2,Lady Bird,Wake Me Up
786,0nrRP2bk19rLc0orkWPQk2,Almost Famous,Wake Me Up
13,7pKfPomDEeI4TPT6EOYjn9,Forrest Gump,Imagine - Remastered 2010
207,7pKfPomDEeI4TPT6EOYjn9,Dead Poets Society,Imagine - Remastered 2010
801,7pKfPomDEeI4TPT6EOYjn9,"Good Morning, Vietnam",Imagine - Remastered 2010
637,7pKfPomDEeI4TPT6EOYjn9,Life Is Beautiful,Imagine - Remastered 2010
508442,7pKfPomDEeI4TPT6EOYjn9,Soul,Imagine - Remastered 2010
965150,4LRPiXqCikLlN15c3yImP7,Aftersun,As It Was
391713,4LRPiXqCikLlN15c3yImP7,Lady Bird,As It Was
89905,4LRPiXqCikLlN15c3yImP7,Normal People,As It Was
84892,4LRPiXqCikLlN15c3yImP7,The Perks of Being a Wallflower,As It Was
67070,4LRPiXqCikLlN15c3yImP7,Fleabag,As It Was
398818,6UelLqGlWMcVH1E5c4H7lY,Call Me by Your Name,Watermelon Sugar
19913,6UelLqGlWMcVH1E5c4H7lY,(500) Days of Summer,Watermelon Sugar
11631,6UelLqGlWMcVH1E5c4H7lY,Mamma Mia!,Watermelon Sugar
391713,6UelLqGlWMcVH1E5c4H7lY,Lady Bird,Watermelon Sugar
346698,6UelLqGlWMcVH1E5c4H7lY,Barbie,Watermelon Sugar
89905,5XeFesFbtLpXzIVDNQP22n,Normal People,I Wanna Be Yours
152601,5XeFesFbtLpXzIVDNQP22n,Her,I Wanna Be Yours
398818,5XeFesFbtLpXzIVDNQP22n,Call Me by Your Name,I Wanna Be Yours
843,5XeFesFbtLpXzIVDNQP22n,In the Mood for Love,I Wanna Be Yours
76,5XeFesFbtLpXzIVDNQP22n,Before Sunrise,I Wanna Be Yours
64690,0BxE4FqsDD1Ot4YuBXwAPp,Drive,505
60574,0BxE4FqsDD1Ot4YuBXwAPp,Peaky Blinders,505
242582,0BxE4FqsDD1Ot4YuBXwAPp,Nightcrawler,505
1104,0BxE4FqsDD1Ot4YuBXwAPp,Mad Men,505
60059,0BxE4FqsDD1Ot4YuBXwAPp,Better Call Saul,505
85552,02MWAaffLxlfxAUY7c5dvx,Euphoria,Heat Waves
398818,02MWAaffLxlfxAUY7c5dvx,Call Me by Your Name,Heat Waves
965150,02MWAaffLxlfxAUY7c5dvx,Aftersun,Heat Waves
89905,02MWAaffLxlfxAUY7c5dvx,Normal People,Heat Waves
19913,02MWAaffLxlfxAUY7c5dvx,(500) Days of Summer,Heat Waves
11631,7qiZfU4dY1lWllzX7mPBI3,Mamma Mia!,Shape of You
346698,7qiZfU4dY1lWllzX7mPBI3,Barbie,Shape of You
114,7qiZfU4dY1lWllzX7mPBI3,Pretty Woman,Shape of You
509,7qiZfU4dY1lWllzX7mPBI3,Notting Hill,Shape of You
97546,7qiZfU4dY1lWllzX7mPBI3,Ted Lasso,Shape of You
22538,6PwjJ58I4t7Mae9xfZ9l9v,Scott Pilgrim vs. the World,Somebody Told Me
900,6PwjJ58I4t7Mae9xfZ9l9v,Skins,Somebody Told Me
747,6PwjJ58I4t7Mae9xfZ9l9v,Shaun of the Dead,Somebody Told Me
10625,6PwjJ58I4t7Mae9xfZ9l9v,Mean Girls,Somebody Told Me
8872,6PwjJ58I4t7Mae9xfZ9l9v,Wayne's World,Somebody Told Me
786,70wYA8oYHoMzhRRkARoMhU,Almost Famous,When You Were Young
361743,70wYA8oYHoMzhRRkARoMhU,Top Gun: Maverick,When You Were Young
391713,70wYA8oYHoMzhRRkARoMhU,Lady Bird,When You Were Young
1668,70wYA8oYHoMzhRRkARoMhU,Friends,When You Were Young
624,70wYA8oYHoMzhRRkARoMhU,Easy Rider,When You Were Young
5915,1L94M3KIu7QluZe63g64rv,Into the Wild,Alive
786,1L94M3KIu7QluZe63g64rv,Almost Famous,Alive
84892,1L94M3KIu7QluZe63g64rv,The Perks of Being a Wallflower,Alive
550,1L94M3KIu7QluZe63g64rv,Fight Club,Alive
278,1L94M3KIu7QluZe63g64rv,The Shawshank Redemption,Alive
786,1G391cbiT3v3Cywg8T7DM1,Almost Famous,Scar Tissue
4607,1G391cbiT3v3Cywg8T7DM1,Lost,Scar Tissue
1396,1G391cbiT3v3Cywg8T7DM1,Breaking Bad,Scar Tissue
624,1G391cbiT3v3Cywg8T7DM1,Easy Rider,Scar Tissue
627,1G391cbiT3v3Cywg8T7DM1,Trainspotting,Scar Tissue
627,64BbK9SFKH2jk86U3dGj2P,Trainspotting,Otherside
641,64BbK9SFKH2jk86U3dGj2P,Requiem for a Dream,Otherside
1396,64BbK9SFKH2jk86U3dGj2P,Breaking Bad,Otherside
5915,64BbK9SFKH2jk86U3dGj2P,Into the Wild,Otherside
61222,64BbK9SFKH2jk86U3dGj2P,BoJack Horseman,Otherside
900,6L89mwZXSOwYl76YXfX13s,Skins,Basket Case
747,6L89mwZXSOwYl76YXfX13s,Shaun of the Dead,Basket Case
9377,6L89mwZXSOwYl76YXfX13s,Ferris Bueller's Day Off,Basket Case
10625,6L89mwZXSOwYl76YXfX13s,Mean Girls,Basket Case
2108,6L89mwZXSOwYl76YXfX13s,The Breakfast Club,Basket Case
62560,5GorCbAP4aL0EJ16frG2hd,Mr. Robot,Boulevard of Broken Dreams
103,5GorCbAP4aL0EJ16frG2hd,Taxi Driver,Boulevard of Broken Dreams
141,5GorCbAP4aL0EJ16frG2hd,Donnie Darko,Boulevard of Broken Dreams
210577,5GorCbAP4aL0EJ16frG2hd,Gone Girl,Boulevard of Broken Dreams
42009,5GorCbAP4aL0EJ16frG2hd,Black Mirror,Boulevard of Broken Dreams
62560,6nTiIhLmQ3FWhvrGafw2zj,Mr. Robot,American Idiot
42009,6nTiIhLmQ3FWhvrGafw2zj,Black Mirror,American Idiot
550,6nTiIhLmQ3FWhvrGafw2zj,Fight Club,American Idiot
475557,6nTiIhLmQ3FWhvrGafw2zj,Joker,American Idiot
22538,6nTiIhLmQ3FWhvrGafw2zj,Scott Pilgrim vs. the World,American Idiot
857,3ZffCQKLFLUvYM59XKLbVm,Saving Private Ryan,Wake Me up When September Ends
374720,3ZffCQKLFLUvYM59XKLbVm,Dunkirk,Wake Me up When September Ends
87108,3ZffCQKLFLUvYM59XKLbVm,Chernobyl,Wake Me up When September Ends
54344,3ZffCQKLFLUvYM59XKLbVm,The Leftovers,Wake Me up When September Ends
5915,3ZffCQKLFLUvYM59XKLbVm,Into the Wild,Wake Me up When September Ends
141,7A8caPxvrT8ZgLvQPPUCcj,Donnie Darko,Disarm - Remastered
1443,7A8caPxvrT8ZgLvQPPUCcj,The Virgin Suicides,Disarm - Remastered
1920,7A8caPxvrT8ZgLvQPPUCcj,Twin Peaks,Disarm - Remastered
44214,7A8caPxvrT8ZgLvQPPUCcj,Black Swan,Disarm - Remastered
38,7A8caPxvrT8ZgLvQPPUCcj,Eternal Sunshine of the Spotless Mind,Disarm - Remastered
550,6GtX0jaNL8IjVQfrDBx81z,Fight Club,Bullet With Butterfly Wings - Remastered 2012
141,6GtX0jaNL8IjVQfrDBx81z,Donnie Darko,Bullet With Butterfly Wings - Remastered 2012
603,6GtX0jaNL8IjVQfrDBx81z,The Matrix,Bullet With Butterfly Wings - Remastered 2012
62560,6GtX0jaNL8IjVQfrDBx81z,Mr. Robot,Bullet With Butterfly Wings - Remastered 2012
627,6GtX0jaNL8IjVQfrDBx81z,Trainspotting,Bullet With Butterfly Wings - Remastered 2012
361743,7x8dCjCr0x6x2lXKujYD34,Top Gun: Maverick,The Pretender
62560,7x8dCjCr0x6x2lXKujYD34,Mr. Robot,The Pretender
155,7x8dCjCr0x6x2lXKujYD34,The Dark Knight,The Pretender
93405,7x8dCjCr0x6x2lXKujYD34,Squid Game,The Pretender
71446,7x8dCjCr0x6x2lXKujYD34,Money Heist,The Pretender
1366,5FZxsHWIvUsmSK1IAvm2pp,Rocky,Best of You
244786,5FZxsHWIvUsmSK1IAvm2pp,Whiplash,Best of You
97546,5FZxsHWIvUsmSK1IAvm2pp,Ted Lasso,Best of You
361743,5FZxsHWIvUsmSK1IAvm2pp,Top Gun: Maverick,Best of You
1371,5FZxsHWIvUsmSK1IAvm2pp,Rocky III,Best of You
84892,2TfSHkHiFO4gRztVIkggkE,The Perks of Being a Wallflower,"Sugar, We're Goin Down"
900,2TfSHkHiFO4gRztVIkggkE,Skins,"Sugar, We're Goin Down"
8966,2TfSHkHiFO4gRztVIkggkE,Twilight,"Sugar, We're Goin Down"
66788,2TfSHkHiFO4gRztVIkggkE,13 Reasons Why,"Sugar, We're Goin Down"
22538,2TfSHkHiFO4gRztVIkggkE,Scott Pilgrim vs. the World,"Sugar, We're Goin Down"
207,4gMgiXfqyzZLMhsksGmbQV,Dead Poets Society,"Another Brick in the Wall, Pt. 2"
2108,4gMgiXfqyzZLMhsksGmbQV,The Breakfast Club,"Another Brick in the Wall, Pt. 2"
185,4gMgiXfqyzZLMhsksGmbQV,A Clockwork Orange,"Another Brick in the Wall, Pt. 2"
70523,4gMgiXfqyzZLMhsksGmbQV,Dark,"Another Brick in the Wall, Pt. 2"
900,4gMgiXfqyzZLMhsksGmbQV,Skins,"Another Brick in the Wall, Pt. 2"
62560,6W21LNLz9Sw7sUSNWMSHRu,Mr. Robot,Freak On a Leash
603,6W21LNLz9Sw7sUSNWMSHRu,The Matrix,Freak On a Leash
550,6W21LNLz9Sw7sUSNWMSHRu,Fight Club,Freak On a Leash
1429,6W21LNLz9Sw7sUSNWMSHRu,Attack on Titan,Freak On a Leash
890,6W21LNLz9Sw7sUSNWMSHRu,Neon Genesis Evangelion,Freak On a Leash
1429,5Bk1ArPcnMgeQzSqLjqaSW,Attack on Titan,Down with the Sickness
76341,5Bk1ArPcnMgeQzSqLjqaSW,Mad Max: Fury Road,Down with the Sickness
493922,5Bk1ArPcnMgeQzSqLjqaSW,Hereditary,Down with the Sickness
9552,5Bk1ArPcnMgeQzSqLjqaSW,The Exorcist,Down with the Sickness
670,5Bk1ArPcnMgeQzSqLjqaSW,Oldboy,Down with the Sickness
624,389QX9Q1eUOEZ19vtzzI9O,Easy Rider,While My Guitar Gently Weeps - Remastered 2009
786,389QX9Q1eUOEZ19vtzzI9O,Almost Famous,While My Guitar Gently Weeps - Remastered 2009
4607,389QX9Q1eUOEZ19vtzzI9O,Lost,While My Guitar Gently Weeps - Remastered 2009
5915,389QX9Q1eUOEZ19vtzzI9O,Into the Wild,While My Guitar Gently Weeps - Remastered 2009
54344,389QX9Q1eUOEZ19vtzzI9O,The Leftovers,While My Guitar Gently Weeps - Remastered 2009
786,1Eolhana7nKHYpcYpdVcT5,Almost Famous,Little Wing
624,1Eolhana7nKHYpcYpdVcT5,Easy Rider,Little Wing
1920,1Eolhana7nKHYpcYpdVcT5,Twin Peaks,Little Wing
13,1Eolhana7nKHYpcYpdVcT5,Forrest Gump,Little Wing
5915,1Eolhana7nKHYpcYpdVcT5,Into the Wild,Little Wing
66732,7FwBtcecmlpc1sLySPXeGE,Stranger Things,Dancing In the Dark
105,7FwBtcecmlpc1sLySPXeGE,Back to the Future,Dancing In the Dark
2108,7FwBtcecmlpc1sLySPXeGE,The Breakfast Club,Dancing In the Dark
9377,7FwBtcecmlpc1sLySPXeGE,Ferris Bueller's Day Off,Dancing In the Dark
900,7FwBtcecmlpc1sLySPXeGE,Skins,Dancing In the Dark
38,2mIrfke7vosXAEWfz6ucyo,Eternal Sunshine of the Spotless Mind,Lovesong - Remastered
152601,2mIrfke7vosXAEWfz6ucyo,Her,Lovesong - Remastered
398818,2mIrfke7vosXAEWfz6ucyo,Call Me by Your Name,Lovesong - Remastered
843,2mIrfke7vosXAEWfz6ucyo,In the Mood for Love,Lovesong - Remastered
76,2mIrfke7vosXAEWfz6ucyo,Before Sunrise,Lovesong - Remastered
2108,2gQaQUhDCNGfBVXTvxAmXQ,The Breakfast Club,Shout
141,2gQaQUhDCNGfBVXTvxAmXQ,Donnie Darko,Shout
66732,2gQaQUhDCNGfBVXTvxAmXQ,Stranger Things,Shout
9377,2gQaQUhDCNGfBVXTvxAmXQ,Ferris Bueller's Day Off,Shout
1359,2gQaQUhDCNGfBVXTvxAmXQ,American Psycho,Shout
11009,0a4agFmqHXxcZl1nho1BxM,Saturday Night Fever,Heart Of Glass - Special Mix
66732,0a4agFmqHXxcZl1nho1BxM,Stranger Things,Heart Of Glass - Special Mix
346698,0a4agFmqHXxcZl1nho1BxM,Barbie,Heart Of Glass - Special Mix
118340,0a4agFmqHXxcZl1nho1BxM,Guardians of the Galaxy,Heart Of Glass - Special Mix
85552,0a4agFmqHXxcZl1nho1BxM,Euphoria,Heart Of Glass - Special Mix
9799,7vKfym6hgeJxxyyVpiXBBX,The Fast and the Furious,Animals
76341,7vKfym6hgeJxxyyVpiXBBX,Mad Max: Fury Road,Animals
71446,7vKfym6hgeJxxyyVpiXBBX,Money Heist,Animals
63351,7vKfym6hgeJxxyyVpiXBBX,Narcos,Animals
106646,7vKfym6hgeJxxyyVpiXBBX,The Wolf of Wall Street,Animals
42009,698ItKASDavgwZ3WjaWjtz,Black Mirror,Faded
94605,698ItKASDavgwZ3WjaWjtz,Arcane,Faded
95396,698ItKASDavgwZ3WjaWjtz,Severance,Faded
70523,698ItKASDavgwZ3WjaWjtz,Dark,Faded
152601,698ItKASDavgwZ3WjaWjtz,Her,Faded
157336,59wlTaYOL5tDUgXnbBQ3my,Interstellar,A Moment Apart
329865,59wlTaYOL5tDUgXnbBQ3my,Arrival,A Moment Apart
438631,59wlTaYOL5tDUgXnbBQ3my,Dune,A Moment Apart
78,59wlTaYOL5tDUgXnbBQ3my,Blade Runner,A Moment Apart
63247,59wlTaYOL5tDUgXnbBQ3my,Westworld,A Moment Apart
335984,7sqii6BhIDpJChYpU3WjwS,Blade Runner 2049,Kiara
329865,7sqii6BhIDpJChYpU3WjwS,Arrival,Kiara
153,7sqii6BhIDpJChYpU3WjwS,Lost in Translation,Kiara
63247,7sqii6BhIDpJChYpU3WjwS,Westworld,Kiara
157336,7sqii6BhIDpJChYpU3WjwS,Interstellar,Kiara
62560,7Cg3F9ZsZ2TYUnlza49NYh,Mr. Robot,Kong
335984,7Cg3F9ZsZ2TYUnlza49NYh,Blade Runner 2049,Kong
64690,7Cg3F9ZsZ2TYUnlza49NYh,Drive,Kong
63247,7Cg3F9ZsZ2TYUnlza49NYh,Westworld,Kong
95396,7Cg3F9ZsZ2TYUnlza49NYh,Severance,Kong
5915,2lJ4d8MCT6ZlDRHKJ1br14,Into the Wild,Cirrus
157336,2lJ4d8MCT6ZlDRHKJ1br14,Interstellar,Cirrus
329865,2lJ4d8MCT6ZlDRHKJ1br14,Arrival,Cirrus
374720,2lJ4d8MCT6ZlDRHKJ1br14,Dunkirk,Cirrus
153,2lJ4d8MCT6ZlDRHKJ1br14,Lost in Translation,Cirrus
157336,4Y2W4zKa3q72ztbkA0r8Va,Interstellar,Dayvan Cowboy
5915,4Y2W4zKa3q72ztbkA0r8Va,Into the Wild,Dayvan Cowboy
438631,4Y2W4zKa3q72ztbkA0r8Va,Dune,Dayvan Cowboy
329865,4Y2W4zKa3q72ztbkA0r8Va,Arrival,Dayvan Cowboy
54344,4Y2W4zKa3q72ztbkA0r8Va,The Leftovers,Dayvan Cowboy
1443,4WpmwEdc4RBos8W8icSSxW,The Virgin Suicides,Moonlight Shadow
1920,4WpmwEdc4RBos8W8icSSxW,Twin Peaks,Moonlight Shadow
194,4WpmwEdc4RBos8W8icSSxW,Amélie,Moonlight Shadow
66732,4WpmwEdc4RBos8W8icSSxW,Stranger Things,Moonlight Shadow
671,4WpmwEdc4RBos8W8icSSxW,Harry Potter and the Philosopher's Stone,Moonlight Shadow
11009,1xNcBAoUw8Hz6LqK2jt4Ff,Saturday Night Fever,Call on Me - Radio Mix
85552,1xNcBAoUw8Hz6LqK2jt4Ff,Euphoria,Call on Me - Radio Mix
11631,1xNcBAoUw8Hz6LqK2jt4Ff,Mamma Mia!,Call on Me - Radio Mix
161,1xNcBAoUw8Hz6LqK2jt4Ff,Ocean's Eleven,Call on Me - Radio Mix
346698,1xNcBAoUw8Hz6LqK2jt4Ff,Barbie,Call on Me - Radio Mix
62560,5I2UElY0XPnPhQhBTxBcq3,Mr. Robot,Bloodstream
42009,5I2UElY0XPnPhQhBTxBcq3,Black Mirror,Bloodstream
63247,5I2UElY0XPnPhQhBTxBcq3,Westworld,Bloodstream
210577,5I2UElY0XPnPhQhBTxBcq3,Gone Girl,Bloodstream
273481,5I2UElY0XPnPhQhBTxBcq3,Sicario,Bloodstream
65,3yfqSUWxFvZELEM4PmlwIR,8 Mile,The Real Slim Shady
8872,3yfqSUWxFvZELEM4PmlwIR,Wayne's World,The Real Slim Shady
60625,3yfqSUWxFvZELEM4PmlwIR,Rick and Morty,The Real Slim Shady
456,3yfqSUWxFvZELEM4PmlwIR,The Simpsons,The Real Slim Shady
10625,3yfqSUWxFvZELEM4PmlwIR,Mean Girls,The Real Slim Shady
63351,6habFhsOp2NvshLv26DqMb,Narcos,Despacito
71446,6habFhsOp2NvshLv26DqMb,Money Heist,Despacito
11631,6habFhsOp2NvshLv26DqMb,Mamma Mia!,Despacito
354912,6habFhsOp2NvshLv26DqMb,Coco,Despacito
9799,6habFhsOp2NvshLv26DqMb,The Fast and the Furious,Despacito
509,4uOKFydzAejjSFqYbv1XPt,Notting Hill,Red Red Wine
627,4uOKFydzAejjSFqYbv1XPt,Trainspotting,Red Red Wine
680,4uOKFydzAejjSFqYbv1XPt,Pulp Fiction,Red Red Wine
900,4uOKFydzAejjSFqYbv1XPt,Skins,Red Red Wine
115,4uOKFydzAejjSFqYbv1XPt,The Big Lebowski,Red Red Wine
965150,25zykbJGBYXYjnq5VyhO3N,Aftersun,Ambre
157336,25zykbJGBYXYjnq5VyhO3N,Interstellar,Ambre
329865,25zykbJGBYXYjnq5VyhO3N,Arrival,Ambre
152601,25zykbJGBYXYjnq5VyhO3N,Her,Ambre
89905,25zykbJGBYXYjnq5VyhO3N,Normal People,Ambre
85552,3nqQXoyQOWXiESFLlDF1hG,Euphoria,Unholy (feat. Kim Petras)
44214,3nqQXoyQOWXiESFLlDF1hG,Black Swan,Unholy (feat. Kim Petras)
119051,3nqQXoyQOWXiESFLlDF1hG,Wednesday,Unholy (feat. Kim Petras)
1359,3nqQXoyQOWXiESFLlDF1hG,American Psycho,Unholy (feat. Kim Petras)
106646,3nqQXoyQOWXiESFLlDF1hG,The Wolf of Wall Street,Unholy (feat. Kim Petras)
63351,1IHWl5LamUGEuP4ozKQSXZ,Narcos,Tití Me Preguntó
71446,1IHWl5LamUGEuP4ozKQSXZ,Money Heist,Tití Me Preguntó
9799,1IHWl5LamUGEuP4ozKQSXZ,The Fast and the Furious,Tití Me Preguntó
346698,1IHWl5LamUGEuP4ozKQSXZ,Barbie,Tití Me Preguntó
85552,1IHWl5LamUGEuP4ozKQSXZ,Euphoria,Tití Me Preguntó
361743,4h9wh7iOZ0GGn8QVp4RAOB,Top Gun: Maverick,I Ain't Worried
744,4h9wh7iOZ0GGn8QVp4RAOB,Top Gun,I Ain't Worried
97546,4h9wh7iOZ0GGn8QVp4RAOB,Ted Lasso,I Ain't Worried
118340,4h9wh7iOZ0GGn8QVp4RAOB,Guardians of the Galaxy,I Ain't Worried
161,4h9wh7iOZ0GGn8QVp4RAOB,Ocean's Eleven,I Ain't Worried
346698,0WtM2NBVQNNJLh6scP13H8,Barbie,Calm Down (with Selena Gomez)
354912,0WtM2NBVQNNJLh6scP13H8,Coco,Calm Down (with Selena Gomez)
11631,0WtM2NBVQNNJLh6scP13H8,Mamma Mia!,Calm Down (with Selena Gomez)
97546,0WtM2NBVQNNJLh6scP13H8,Ted Lasso,Calm Down (with Selena Gomez)
284054,0WtM2NBVQNNJLh6scP13H8,Black Panther,Calm Down (with Selena Gomez)
89905,1Fid2jjqsHViMX6xNH70hE,Normal People,Atlantis
965150,1Fid2jjqsHViMX6xNH70hE,Aftersun,Atlantis
54344,1Fid2jjqsHViMX6xNH70hE,The Leftovers,Atlantis
66788,1Fid2jjqsHViMX6xNH70hE,13 Reasons Why,Atlantis
391713,1Fid2jjqsHViMX6xNH70hE,Lady Bird,Atlantis
62560,0HqZX76SFLDz2aW8aiqi7G,Mr. Robot,Bones
93405,0HqZX76SFLDz2aW8aiqi7G,Squid Game,Bones
60574,0HqZX76SFLDz2aW8aiqi7G,Peaky Blinders,Bones
94605,0HqZX76SFLDz2aW8aiqi7G,Arcane,Bones
71446,0HqZX76SFLDz2aW8aiqi7G,Money Heist,Bones
504608,72yP0DUlWPyH8P7IoxskwN,Rocketman,Hold Me Closer
346698,72yP0DUlWPyH8P7IoxskwN,Barbie,Hold Me Closer
11631,72yP0DUlWPyH8P7IoxskwN,Mamma Mia!,Hold Me Closer
424694,72yP0DUlWPyH8P7IoxskwN,Bohemian Rhapsody,Hold Me Closer
824,72yP0DUlWPyH8P7IoxskwN,Moulin Rouge!,Hold Me Closer
5915,3WMj8moIAXJhHsyLaqIIHI,Into the Wild,Something in the Orange
142,3WMj8moIAXJhHsyLaqIIHI,Brokeback Mountain,Something in the Orange
100088,3WMj8moIAXJhHsyLaqIIHI,The Last of Us,Something in the Orange
6977,3WMj8moIAXJhHsyLaqIIHI,No Country for Old Men,Something in the Orange
54344,3WMj8moIAXJhHsyLaqIIHI,The Leftovers,Something in the Orange
60574,086myS9r57YsLbJpU0TgK9,Peaky Blinders,Why'd You Only Call Me When You're High?
900,086myS9r57YsLbJpU0TgK9,Skins,Why'd You Only Call Me When You're High?
85552,086myS9r57YsLbJpU0TgK9,Euphoria,Why'd You Only Call Me When You're High?
210577,086myS9r57YsLbJpU0TgK9,Gone Girl,Why'd You Only Call Me When You're High?
339403,086myS9r57YsLbJpU0TgK9,Baby Driver,Why'd You Only Call Me When You're High?
89905,7795WJLVKJoAyVoOtCWqXN,Normal People,I'm Not The Only One
152601,7795WJLVKJoAyVoOtCWqXN,Her,I'm Not The Only One
67070,7795WJLVKJoAyVoOtCWqXN,Fleabag,I'm Not The Only One
210577,7795WJLVKJoAyVoOtCWqXN,Gone Girl,I'm Not The Only One
1416,7795WJLVKJoAyVoOtCWqXN,Grey's Anatomy,I'm Not The Only One
493922,2HZLXBOnaSRhXStMLrq9fD,Hereditary,Mary On A Cross
530385,2HZLXBOnaSRhXStMLrq9fD,Midsommar,Mary On A Cross
119051,2HZLXBOnaSRhXStMLrq9fD,Wednesday,Mary On A Cross
66732,2HZLXBOnaSRhXStMLrq9fD,Stranger Things,Mary On A Cross
9552,2HZLXBOnaSRhXStMLrq9fD,The Exorcist,Mary On A Cross
85552,3rmo8F54jFF8OgYsqTxm5d,Euphoria,Bad Habits
106646,3rmo8F54jFF8OgYsqTxm5d,The Wolf of Wall Street,Bad Habits
76331,3rmo8F54jFF8OgYsqTxm5d,Succession,Bad Habits
900,3rmo8F54jFF8OgYsqTxm5d,Skins,Bad Habits
60574,3rmo8F54jFF8OgYsqTxm5d,Peaky Blinders,Bad Habits
85552,2Ch7LmS7r2Gy2kc64wv3Bz,Euphoria,Die For You
89905,2Ch7LmS7r2Gy2kc64wv3Bz,Normal People,Die For You
152601,2Ch7LmS7r2Gy2kc64wv3Bz,Her,Die For You
42009,2Ch7LmS7r2Gy2kc64wv3Bz,Black Mirror,Die For You
335984,2Ch7LmS7r2Gy2kc64wv3Bz,Blade Runner 2049,Die For You
597,62ke5zFUJN6RvtXZgVH0F8,Titanic,Only Love Can Hurt Like This
11036,62ke5zFUJN6RvtXZgVH0F8,The Notebook,Only Love Can Hurt Like This
824,62ke5zFUJN6RvtXZgVH0F8,Moulin Rouge!,Only Love Can Hurt Like This
91239,62ke5zFUJN6RvtXZgVH0F8,Bridgerton,Only Love Can Hurt Like This
4348,62ke5zFUJN6RvtXZgVH0F8,Pride & Prejudice,Only Love Can Hurt Like This
391713,3hUxzQpSfdDqwM3ZTFQY0K,Lady Bird,august
89905,3hUxzQpSfdDqwM3ZTFQY0K,Normal People,august
965150,3hUxzQpSfdDqwM3ZTFQY0K,Aftersun,august
398818,3hUxzQpSfdDqwM3ZTFQY0K,Call Me by Your Name,august
1443,3hUxzQpSfdDqwM3ZTFQY0K,The Virgin Suicides,august
5915,0ct6r3EGTcMLPtrXHDvVjc,Into the Wild,The Nights
97546,0ct6r3EGTcMLPtrXHDvVjc,Ted Lasso,The Nights
786,0ct6r3EGTcMLPtrXHDvVjc,Almost Famous,The Nights
105,0ct6r3EGTcMLPtrXHDvVjc,Back to the Future,The Nights
13,0ct6r3EGTcMLPtrXHDvVjc,Forrest Gump,The Nights
12405,3RiPr603aXAoi4GHyXx0uy,Slumdog Millionaire,Hymn for the Weekend
11631,3RiPr603aXAoi4GHyXx0uy,Mamma Mia!,Hymn for the Weekend
346698,3RiPr603aXAoi4GHyXx0uy,Barbie,Hymn for the Weekend
354912,3RiPr603aXAoi4GHyXx0uy,Coco,Hymn for the Weekend
97546,3RiPr603aXAoi4GHyXx0uy,Ted Lasso,Hymn for the Weekend
89905,0gplL1WMoJ6iYaPgMCL0gX,Normal People,Easy On Me
1416,0gplL1WMoJ6iYaPgMCL0gX,Grey's Anatomy,Easy On Me
65494,0gplL1WMoJ6iYaPgMCL0gX,The Crown,Easy On Me
67070,0gplL1WMoJ6iYaPgMCL0gX,Fleabag,Easy On Me
391713,0gplL1WMoJ6iYaPgMCL0gX,Lady Bird,Easy On Me
324857,6RUKPb4LETWmmr3iAEQktW,Spider-Man: Into the Spider-Verse,Something Just Like This
299534,6RUKPb4LETWmmr3iAEQktW,Avengers: Endgame,Something Just Like This
118340,6RUKPb4LETWmmr3iAEQktW,Guardians of the Galaxy,Something Just Like This
97546,6RUKPb4LETWmmr3iAEQktW,Ted Lasso,Something Just Like This
66732,6RUKPb4LETWmmr3iAEQktW,Stranger Things,Something Just Like This
11036,3U4isOIWM3VvDubwSI3y7a,The Notebook,All of Me
4348,3U4isOIWM3VvDubwSI3y7a,Pride & Prejudice,All of Me
509,3U4isOIWM3VvDubwSI3y7a,Notting Hill,All of Me
114,3U4isOIWM3VvDubwSI3y7a,Pretty Woman,All of Me
619,3U4isOIWM3VvDubwSI3y7a,The Bodyguard,All of Me
11036,5uCax9HTNlzGybIStD3vDh,The Notebook,Say You Won't Let Go
89905,5uCax9HTNlzGybIStD3vDh,Normal People,Say You Won't Let Go
4348,5uCax9HTNlzGybIStD3vDh,Pride & Prejudice,Say You Won't Let Go
142,5uCax9HTNlzGybIStD3vDh,Brokeback Mountain,Say You Won't Let Go
91239,5uCax9HTNlzGybIStD3vDh,Bridgerton,Say You Won't Let Go
346698,6ocbgoVGwYJhOv1GgI9NsF,Barbie,7 rings
10625,6ocbgoVGwYJhOv1GgI9NsF,Mean Girls,7 rings
114,6ocbgoVGwYJhOv1GgI9NsF,Pretty Woman,7 rings
161,6ocbgoVGwYJhOv1GgI9NsF,Ocean's Eleven,7 rings
85552,6ocbgoVGwYJhOv1GgI9NsF,Euphoria,7 rings
22538,3jjsRKEsF42ccXf8kWR3nu,Scott Pilgrim vs. the World,Washing Machine Heart
38,3jjsRKEsF42ccXf8kWR3nu,Eternal Sunshine of the Spotless Mind,Washing Machine Heart
19913,3jjsRKEsF42ccXf8kWR3nu,(500) Days of Summer,Washing Machine Heart
67070,3jjsRKEsF42ccXf8kWR3nu,Fleabag,Washing Machine Heart
391713,3jjsRKEsF42ccXf8kWR3nu,Lady Bird,Washing Machine Heart
63351,0VgkVdmE4gld66l8iyGjgx,Narcos,Mask Off
65495,0VgkVdmE4gld66l8iyGjgx,Atlanta,Mask Off
106646,0VgkVdmE4gld66l8iyGjgx,The Wolf of Wall Street,Mask Off
111,0VgkVdmE4gld66l8iyGjgx,Scarface,Mask Off
71446,0VgkVdmE4gld66l8iyGjgx,Money Heist,Mask Off
118340,6Z8R6UsFuGXGtiIxiD8ISb,Guardians of the Galaxy,Safe And Sound
339403,6Z8R6UsFuGXGtiIxiD8ISb,Baby Driver,Safe And Sound
97546,6Z8R6UsFuGXGtiIxiD8ISb,Ted Lasso,Safe And Sound
346698,6Z8R6UsFuGXGtiIxiD8ISb,Barbie,Safe And Sound
66732,6Z8R6UsFuGXGtiIxiD8ISb,Stranger Things,Safe And Sound
66732,2GiJYvgVaD2HtM8GqD9EgQ,Stranger Things,Electric Love
346698,2GiJYvgVaD2HtM8GqD9EgQ,Barbie,Electric Love
85552,2GiJYvgVaD2HtM8GqD9EgQ,Euphoria,Electric Love
824,2GiJYvgVaD2HtM8GqD9EgQ,Moulin Rouge!,Electric Love
118340,2GiJYvgVaD2HtM8GqD9EgQ,Guardians of the Galaxy,Electric Love
1366,1yvMUkIOTeUNtNWlWRgANS,Rocky,Unstoppable
1371,1yvMUkIOTeUNtNWlWRgANS,Rocky III,Unstoppable
361743,1yvMUkIOTeUNtNWlWRgANS,Top Gun: Maverick,Unstoppable
87739,1yvMUkIOTeUNtNWlWRgANS,The Queen's Gambit,Unstoppable
244786,1yvMUkIOTeUNtNWlWRgANS,Whiplash,Unstoppable
11631,4HlFJV71xXKIGcU3kRyttv,Mamma Mia!,"Hey, Soul Sister"
77338,4HlFJV71xXKIGcU3kRyttv,The Intouchables,"Hey, Soul Sister"
97546,4HlFJV71xXKIGcU3kRyttv,Ted Lasso,"Hey, Soul Sister"
1668,4HlFJV71xXKIGcU3kRyttv,Friends,"Hey, Soul Sister"
509,4HlFJV71xXKIGcU3kRyttv,Notting Hill,"Hey, Soul Sister"
38,7H7NyZ3G075GqPx2evsfeb,Eternal Sunshine of the Spotless Mind,Chamber Of Reflection
152601,7H7NyZ3G075GqPx2evsfeb,Her,Chamber Of Reflection
153,7H7NyZ3G075GqPx2evsfeb,Lost in Translation,Chamber Of Reflection
141,7H7NyZ3G075GqPx2evsfeb,Donnie Darko,Chamber Of Reflection
1920,7H7NyZ3G075GqPx2evsfeb,Twin Peaks,Chamber Of Reflection
60625,64dLd6rVqDLtkXFYrEUHIU,Rick and Morty,New Gold (feat. Tame Impala and Bootie Brown)
22538,64dLd6rVqDLtkXFYrEUHIU,Scott Pilgrim vs. the World,New Gold (feat. Tame Impala and Bootie Brown)
324857,64dLd6rVqDLtkXFYrEUHIU,Spider-Man: Into the Spider-Verse,New Gold (feat. Tame Impala and Bootie Brown)
94605,64dLd6rVqDLtkXFYrEUHIU,Arcane,New Gold (feat. Tame Impala and Bootie Brown)
30991,64dLd6rVqDLtkXFYrEUHIU,Cowboy Bebop,New Gold (feat. Tame Impala and Bootie Brown)
398818,3afkJSKX0EAMsJXTZnDXXJ,Call Me by Your Name,Strawberries & Cigarettes
89905,3afkJSKX0EAMsJXTZnDXXJ,Normal People,Strawberries & Cigarettes
85552,3afkJSKX0EAMsJXTZnDXXJ,Euphoria,Strawberries & Cigarettes
142,3afkJSKX0EAMsJXTZnDXXJ,Brokeback Mountain,Strawberries & Cigarettes
84892,3afkJSKX0EAMsJXTZnDXXJ,The Perks of Being a Wallflower,Strawberries & Cigarettes
9799,2JzZzZUQj3Qff7wapcbKjc,The Fast and the Furious,See You Again (feat. Charlie Puth)
13,2JzZzZUQj3Qff7wapcbKjc,Forrest Gump,See You Again (feat. Charlie Puth)
857,2JzZzZUQj3Qff7wapcbKjc,Saving Private Ryan,See You Again (feat. Charlie Puth)
508442,2JzZzZUQj3Qff7wapcbKjc,Soul,See You Again (feat. Charlie Puth)
354912,2JzZzZUQj3Qff7wapcbKjc,Coco,See You Again (feat. Charlie Puth)
8966,6lanRgr6wXibZr8KgzXxBl,Twilight,A Thousand Years
11036,6lanRgr6wXibZr8KgzXxBl,The Notebook,A Thousand Years
4348,6lanRgr6wXibZr8KgzXxBl,Pride & Prejudice,A Thousand Years
91239,6lanRgr6wXibZr8KgzXxBl,Bridgerton,A Thousand Years
597,6lanRgr6wXibZr8KgzXxBl,Titanic,A Thousand Years
62560,6i0V12jOa3mr6uu4WYhUBr,Mr. Robot,Heathens
475557,6i0V12jOa3mr6uu4WYhUBr,Joker,Heathens
93405,6i0V12jOa3mr6uu4WYhUBr,Squid Game,Heathens
42009,6i0V12jOa3mr6uu4WYhUBr,Black Mirror,Heathens
63247,6i0V12jOa3mr6uu4WYhUBr,Westworld,Heathens
1366,1rqqCSm0Qe4I9rUvWncaom,Rocky,High Hopes
1371,1rqqCSm0Qe4I9rUvWncaom,Rocky III,High Hopes
97546,1rqqCSm0Qe4I9rUvWncaom,Ted Lasso,High Hopes
37799,1rqqCSm0Qe4I9rUvWncaom,The Social Network,High Hopes
244786,1rqqCSm0Qe4I9rUvWncaom,Whiplash,High Hopes
391713,7B3z0ySL9Rr0XvZEAjWZzM,Lady Bird,Sofia
19913,7B3z0ySL9Rr0XvZEAjWZzM,(500) Days of Summer,Sofia
67070,7B3z0ySL9Rr0XvZEAjWZzM,Fleabag,Sofia
65495,7B3z0ySL9Rr0XvZEAjWZzM,Atlanta,Sofia
965150,7B3z0ySL9Rr0XvZEAjWZzM,Aftersun,Sofia
5915,2P4OICZRVAQcYAV2JReRfj,Into the Wild,Waiting For Love
97546,2P4OICZRVAQcYAV2JReRfj,Ted Lasso,Waiting For Love
11631,2P4OICZRVAQcYAV2JReRfj,Mamma Mia!,Waiting For Love
12405,2P4OICZRVAQcYAV2JReRfj,Slumdog Millionaire,Waiting For Love
89905,2P4OICZRVAQcYAV2JReRfj,Normal People,Waiting For Love
1443,41zXlQxzTi6cGAjpOXyLYH,The Virgin Suicides,idontwannabeyouanymore
66788,41zXlQxzTi6cGAjpOXyLYH,13 Reasons Why,idontwannabeyouanymore
85552,41zXlQxzTi6cGAjpOXyLYH,Euphoria,idontwannabeyouanymore
44214,41zXlQxzTi6cGAjpOXyLYH,Black Swan,idontwannabeyouanymore
965150,41zXlQxzTi6cGAjpOXyLYH,Aftersun,idontwannabeyouanymore
8966,3zHq9ouUJQFQRf3cm1rRLu,Twilight,"Love Me Like You Do - From ""Fifty Shades Of Grey"""
11036,3zHq9ouUJQFQRf3cm1rRLu,The Notebook,"Love Me Like You Do - From ""Fifty Shades Of Grey"""
91239,3zHq9ouUJQFQRf3cm1rRLu,Bridgerton,"Love Me Like You Do - From ""Fifty Shades Of Grey"""
114,3zHq9ouUJQFQRf3cm1rRLu,Pretty Woman,"Love Me Like You Do - From ""Fifty Shades Of Grey"""
619,3zHq9ouUJQFQRf3cm1rRLu,The Bodyguard,"Love Me Like You Do - From ""Fifty Shades Of Grey"""
97546,5Hroj5K7vLpIG4FNCRIjbP,Ted Lasso,Best Day Of My Life
773,5Hroj5K7vLpIG4FNCRIjbP,Little Miss Sunshine,Best Day Of My Life
11631,5Hroj5K7vLpIG4FNCRIjbP,Mamma Mia!,Best Day Of My Life
14160,5Hroj5K7vLpIG4FNCRIjbP,Up,Best Day Of My Life
354912,5Hroj5K7vLpIG4FNCRIjbP,Coco,Best Day Of My Life
152601,01TyFEZu6mHbffsVfxgrFn,Her,Show Me How
843,01TyFEZu6mHbffsVfxgrFn,In the Mood for Love,Show Me How
89905,01TyFEZu6mHbffsVfxgrFn,Normal People,Show Me How
153,01TyFEZu6mHbffsVfxgrFn,Lost in Translation,Show Me How
965150,01TyFEZu6mHbffsVfxgrFn,Aftersun,Show Me How
63351,3Ofmpyhv5UAQ70mENzB277,Narcos,Astronaut In The Ocean
62560,3Ofmpyhv5UAQ70mENzB277,Mr. Robot,Astronaut In The Ocean
106646,3Ofmpyhv5UAQ70mENzB277,The Wolf of Wall Street,Astronaut In The Ocean
71446,3Ofmpyhv5UAQ70mENzB277,Money Heist,Astronaut In The Ocean
93405,3Ofmpyhv5UAQ70mENzB277,Squid Game,Astronaut In The Ocean
118340,5r5cp9IpziiIsR6b93vcnQ,Guardians of the Galaxy,Walking On A Dream
824,5r5cp9IpziiIsR6b93vcnQ,Moulin Rouge!,Walking On A Dream
346698,5r5cp9IpziiIsR6b93vcnQ,Barbie,Walking On A Dream
324857,5r5cp9IpziiIsR6b93vcnQ,Spider-Man: Into the Spider-Verse,Walking On A Dream
161,5r5cp9IpziiIsR6b93vcnQ,Ocean's Eleven,Walking On A Dream
391713,2IVsRhKrx8hlQBOWy4qebo,Lady Bird,Mr Loverman
19913,2IVsRhKrx8hlQBOWy4qebo,(500) Days of Summer,Mr Loverman
900,2IVsRhKrx8hlQBOWy4qebo,Skins,Mr Loverman
89905,2IVsRhKrx8hlQBOWy4qebo,Normal People,Mr Loverman
85552,2IVsRhKrx8hlQBOWy4qebo,Euphoria,Mr Loverman
14160,3DamFFqW32WihKkTVlwTYQ,Up,Fireflies
129,3DamFFqW32WihKkTVlwTYQ,Spirited Away,Fireflies
671,3DamFFqW32WihKkTVlwTYQ,Harry Potter and the Philosopher's Stone,Fireflies
194,3DamFFqW32WihKkTVlwTYQ,Amélie,Fireflies
8392,3DamFFqW32WihKkTVlwTYQ,My Neighbor Totoro,Fireflies
129,1v1oIWf2Xgh54kIWuKsDf6,Spirited Away,Runaway
128,1v1oIWf2Xgh54kIWuKsDf6,Princess Mononoke,Runaway
1417,1v1oIWf2Xgh54kIWuKsDf6,Pan's Labyrinth,Runaway
109445,1v1oIWf2Xgh54kIWuKsDf6,Frozen,Runaway
1399,1v1oIWf2Xgh54kIWuKsDf6,Game of Thrones,Runaway
391713,1170VohRSx6GwE6QDCHPPH,Lady Bird,Kilby Girl
84892,1170VohRSx6GwE6QDCHPPH,The Perks of Being a Wallflower,Kilby Girl
900,1170VohRSx6GwE6QDCHPPH,Skins,Kilby Girl
786,1170VohRSx6GwE6QDCHPPH,Almost Famous,Kilby Girl
89905,1170VohRSx6GwE6QDCHPPH,Normal People,Kilby Girl
89905,3p4hRhMcb6ch8OLtATMaLw,Normal People,Cry
965150,3p4hRhMcb6ch8OLtATMaLw,Aftersun,Cry
153,3p4hRhMcb6ch8OLtATMaLw,Lost in Translation,Cry
843,3p4hRhMcb6ch8OLtATMaLw,In the Mood for Love,Cry
152601,3p4hRhMcb6ch8OLtATMaLw,Her,Cry
98,6fNhZRFEkBfgW39W3wKARJ,Gladiator,Pompeii
1399,6fNhZRFEkBfgW39W3wKARJ,Game of Thrones,Pompeii
1429,6fNhZRFEkBfgW39W3wKARJ,Attack on Titan,Pompeii
361743,6fNhZRFEkBfgW39W3wKARJ,Top Gun: Maverick,Pompeii
299534,6fNhZRFEkBfgW39W3wKARJ,Avengers: Endgame,Pompeii
63247,1sTsuZTdANkiFd7T34H3nb,Westworld,Human
42009,1sTsuZTdANkiFd7T34H3nb,Black Mirror,Human
78,1sTsuZTdANkiFd7T34H3nb,Blade Runner,Human
264660,1sTsuZTdANkiFd7T34H3nb,Ex Machina,Human
152601,1sTsuZTdANkiFd7T34H3nb,Her,Human
62560,6SRWhUJcD2YKahCwHavz3X,Mr. Robot,Darkside
94605,6SRWhUJcD2YKahCwHavz3X,Arcane,Darkside
42009,6SRWhUJcD2YKahCwHavz3X,Black Mirror,Darkside
70523,6SRWhUJcD2YKahCwHavz3X,Dark,Darkside
414906,6SRWhUJcD2YKahCwHavz3X,The Batman,Darkside
85552,0rRjGruFonCGOt0S5zAJNQ,Euphoria,The Other Side Of Paradise
65495,0rRjGruFonCGOt0S5zAJNQ,Atlanta,The Other Side Of Paradise
19913,0rRjGruFonCGOt0S5zAJNQ,(500) Days of Summer,The Other Side Of Paradise
67070,0rRjGruFonCGOt0S5zAJNQ,Fleabag,The Other Side Of Paradise
965150,0rRjGruFonCGOt0S5zAJNQ,Aftersun,The Other Side Of Paradise
85552,1gk3FhAV07q9Jg77UxnVjX,Euphoria,Gooey
530385,1gk3FhAV07q9Jg77UxnVjX,Midsommar,Gooey
1920,1gk3FhAV07q9Jg77UxnVjX,Twin Peaks,Gooey
65495,1gk3FhAV07q9Jg77UxnVjX,Atlanta,Gooey
141,1gk3FhAV07q9Jg77UxnVjX,Donnie Darko,Gooey
85552,7JIIY2oDPFkURYMCLJuzhe,Euphoria,"Elliot's Song - From ""Euphoria"" An HBO Original Series"
89905,7JIIY2oDPFkURYMCLJuzhe,Normal People,"Elliot's Song - From ""Euphoria"" An HBO Original Series"
84892,7JIIY2oDPFkURYMCLJuzhe,The Perks of Being a Wallflower,"Elliot's Song - From ""Euphoria"" An HBO Original Series"
66788,7JIIY2oDPFkURYMCLJuzhe,13 Reasons Why,"Elliot's Song - From ""Euphoria"" An HBO Original Series"
965150,7JIIY2oDPFkURYMCLJuzhe,Aftersun,"Elliot's Song - From ""Euphoria"" An HBO Original Series"
109445,3Z0oQ8r78OUaHvGPiDBR3W,Frozen,Into the Unknown
129,3Z0oQ8r78OUaHvGPiDBR3W,Spirited Away,Into the Unknown
128,3Z0oQ8r78OUaHvGPiDBR3W,Princess Mononoke,Into the Unknown
120,3Z0oQ8r78OUaHvGPiDBR3W,The Lord of the Rings: The Fellowship of the Ring,Into the Unknown
1417,3Z0oQ8r78OUaHvGPiDBR3W,Pan's Labyrinth,Into the Unknown
109445,3IPnBzGRMg6BfViFxxa0Gq,Frozen,"Love Is an Open Door - From ""Frozen""/Soundtrack Version"
11631,3IPnBzGRMg6BfViFxxa0Gq,Mamma Mia!,"Love Is an Open Door - From ""Frozen""/Soundtrack Version"
824,3IPnBzGRMg6BfViFxxa0Gq,Moulin Rouge!,"Love Is an Open Door - From ""Frozen""/Soundtrack Version"
313369,3IPnBzGRMg6BfViFxxa0Gq,La La Land,"Love Is an Open Door - From ""Frozen""/Soundtrack Version"
346698,3IPnBzGRMg6BfViFxxa0Gq,Barbie,"Love Is an Open Door - From ""Frozen""/Soundtrack Version"
109445,2yi7HZrBOC4bMUSTcs4VK6,Frozen,"Do You Want to Build a Snowman? - From ""Frozen""/Soundtrack Version"
354912,2yi7HZrBOC4bMUSTcs4VK6,Coco,"Do You Want to Build a Snowman? - From ""Frozen""/Soundtrack Version"
14160,2yi7HZrBOC4bMUSTcs4VK6,Up,"Do You Want to Build a Snowman? - From ""Frozen""/Soundtrack Version"
150540,2yi7HZrBOC4bMUSTcs4VK6,Inside Out,"Do You Want to Build a Snowman? - From ""Frozen""/Soundtrack Version"
508442,2yi7HZrBOC4bMUSTcs4VK6,Soul,"Do You Want to Build a Snowman? - From ""Frozen""/Soundtrack Version"
109445,7tUSJY4nsDBJTjd1UXKRsT,Frozen,Part of Your World
12,7tUSJY4nsDBJTjd1UXKRsT,Finding Nemo,Part of Your World
129,7tUSJY4nsDBJTjd1UXKRsT,Spirited Away,Part of Your World
354912,7tUSJY4nsDBJTjd1UXKRsT,Coco,Part of Your World
150540,7tUSJY4nsDBJTjd1UXKRsT,Inside Out,Part of Your World
862,2stkLJ0JNcXkIRDNF3ld6c,Toy Story,"You've Got a Friend in Me - From ""Toy Story""/Soundtrack Version"
14160,2stkLJ0JNcXkIRDNF3ld6c,Up,"You've Got a Friend in Me - From ""Toy Story""/Soundtrack Version"
12,2stkLJ0JNcXkIRDNF3ld6c,Finding Nemo,"You've Got a Friend in Me - From ""Toy Story""/Soundtrack Version"
77338,2stkLJ0JNcXkIRDNF3ld6c,The Intouchables,"You've Got a Friend in Me - From ""Toy Story""/Soundtrack Version"
150540,2stkLJ0JNcXkIRDNF3ld6c,Inside Out,"You've Got a Friend in Me - From ""Toy Story""/Soundtrack Version"
8587,5k3U0OGYBccHdKJJu3HrUN,The Lion King,"Hakuna Matata - From ""The Lion King""/Soundtrack"
12,5k3U0OGYBccHdKJJu3HrUN,Finding Nemo,"Hakuna Matata - From ""The Lion King""/Soundtrack"
11631,5k3U0OGYBccHdKJJu3HrUN,Mamma Mia!,"Hakuna Matata - From ""The Lion King""/Soundtrack"
808,5k3U0OGYBccHdKJJu3HrUN,Shrek,"Hakuna Matata - From ""The Lion King""/Soundtrack"
862,5k3U0OGYBccHdKJJu3HrUN,Toy Story,"Hakuna Matata - From ""The Lion King""/Soundtrack"
65494,6OG1S805gIrH5nAQbEOPY3,The Crown,You'll Be Back
1399,6OG1S805gIrH5nAQbEOPY3,Game of Thrones,You'll Be Back
76331,6OG1S805gIrH5nAQbEOPY3,Succession,You'll Be Back
91239,6OG1S805gIrH5nAQbEOPY3,Bridgerton,You'll Be Back
824,6OG1S805gIrH5nAQbEOPY3,Moulin Rouge!,You'll Be Back
872585,4TTV7EcfroSLWzXRY6gLv6,Oppenheimer,Alexander Hamilton
37799,4TTV7EcfroSLWzXRY6gLv6,The Social Network,Alexander Hamilton
76331,4TTV7EcfroSLWzXRY6gLv6,Succession,Alexander Hamilton
91239,4TTV7EcfroSLWzXRY6gLv6,Bridgerton,Alexander Hamilton
65494,4TTV7EcfroSLWzXRY6gLv6,The Crown,Alexander Hamilton
109445,50WeOnXhM1H7AZEeIDoWfZ,Frozen,Show Yourself
128,50WeOnXhM1H7AZEeIDoWfZ,Princess Mononoke,Show Yourself
1417,50WeOnXhM1H7AZEeIDoWfZ,Pan's Labyrinth,Show Yourself
1399,50WeOnXhM1H7AZEeIDoWfZ,Game of Thrones,Show Yourself
129,50WeOnXhM1H7AZEeIDoWfZ,Spirited Away,Show Yourself
332562,45aBsnKRWUzhwbcqOJLwfe,A Star Is Born,This Is Me
504608,45aBsnKRWUzhwbcqOJLwfe,Rocketman,This Is Me
346698,45aBsnKRWUzhwbcqOJLwfe,Barbie,This Is Me
119051,45aBsnKRWUzhwbcqOJLwfe,Wednesday,This Is Me
824,45aBsnKRWUzhwbcqOJLwfe,Moulin Rouge!,This Is Me
824,4ylWMuGbMXNDgDd8lErEle,Moulin Rouge!,The Greatest Show
504608,4ylWMuGbMXNDgDd8lErEle,Rocketman,The Greatest Show
424694,4ylWMuGbMXNDgDd8lErEle,Bohemian Rhapsody,The Greatest Show
346698,4ylWMuGbMXNDgDd8lErEle,Barbie,The Greatest Show
64682,4ylWMuGbMXNDgDd8lErEle,The Great Gatsby,The Greatest Show
313369,0RoA7ObU6phWpqhlC9zH4Z,La La Land,A Million Dreams
14160,0RoA7ObU6phWpqhlC9zH4Z,Up,A Million Dreams
354912,0RoA7ObU6phWpqhlC9zH4Z,Coco,A Million Dreams
194,0RoA7ObU6phWpqhlC9zH4Z,Amélie,A Million Dreams
671,0RoA7ObU6phWpqhlC9zH4Z,Harry Potter and the Philosopher's Stone,A Million Dreams
313369,3IkWmgGsXbsafrunwPojXO,La La Land,From Now On
332562,3IkWmgGsXbsafrunwPojXO,A Star Is Born,From Now On
504608,3IkWmgGsXbsafrunwPojXO,Rocketman,From Now On
824,3IkWmgGsXbsafrunwPojXO,Moulin Rouge!,From Now On
424694,3IkWmgGsXbsafrunwPojXO,Bohemian Rhapsody,From Now On
313369,630sXRhIcfwr2e4RdNtjKN,La La Land,Rewrite The Stars
824,630sXRhIcfwr2e4RdNtjKN,Moulin Rouge!,Rewrite The Stars
454,630sXRhIcfwr2e4RdNtjKN,Romeo + Juliet,Rewrite The Stars
11036,630sXRhIcfwr2e4RdNtjKN,The Notebook,Rewrite The Stars
597,630sXRhIcfwr2e4RdNtjKN,Titanic,Rewrite The Stars
65495,68Dni7IE4VyPkTOH9mRWHr,Atlanta,No Role Modelz
65,68Dni7IE4VyPkTOH9mRWHr,8 Mile,No Role Modelz
376867,68Dni7IE4VyPkTOH9mRWHr,Moonlight,No Role Modelz
63351,68Dni7IE4VyPkTOH9mRWHr,Narcos,No Role Modelz
284054,68Dni7IE4VyPkTOH9mRWHr,Black Panther,No Role Modelz
65495,2qOm7ukLyHUXWyR4ZWLwxA,Atlanta,It Was A Good Day
1438,2qOm7ukLyHUXWyR4ZWLwxA,The Wire,It Was A Good Day
376867,2qOm7ukLyHUXWyR4ZWLwxA,Moonlight,It Was A Good Day
680,2qOm7ukLyHUXWyR4ZWLwxA,Pulp Fiction,It Was A Good Day
115,2qOm7ukLyHUXWyR4ZWLwxA,The Big Lebowski,It Was A Good Day
85552,2gam98EZKrF9XuOkU13ApN,Euphoria,Promiscuous
10625,2gam98EZKrF9XuOkU13ApN,Mean Girls,Promiscuous
11009,2gam98EZKrF9XuOkU13ApN,Saturday Night Fever,Promiscuous
346698,2gam98EZKrF9XuOkU13ApN,Barbie,Promiscuous
900,2gam98EZKrF9XuOkU13ApN,Skins,Promiscuous
65,4LwU4Vp6od3Sb08CsP99GC,8 Mile,The Next Episode
680,4LwU4Vp6od3Sb08CsP99GC,Pulp Fiction,The Next Episode
106646,4LwU4Vp6od3Sb08CsP99GC,The Wolf of Wall Street,The Next Episode
65495,4LwU4Vp6od3Sb08CsP99GC,Atlanta,The Next Episode
68718,4LwU4Vp6od3Sb08CsP99GC,Django Unchained,The Next Episode
85552,4osgfFTICMkcGbbigdsa53,Euphoria,Novacane
65495,4osgfFTICMkcGbbigdsa53,Atlanta,Novacane
376867,4osgfFTICMkcGbbigdsa53,Moonlight,Novacane
242582,4osgfFTICMkcGbbigdsa53,Nightcrawler,Novacane
42009,4osgfFTICMkcGbbigdsa53,Black Mirror,Novacane
65,0Z2J91b2iTGLVTZC4fKgxf,8 Mile,Hit 'Em Up - Single Version
111,0Z2J91b2iTGLVTZC4fKgxf,Scarface,Hit 'Em Up - Single Version
769,0Z2J91b2iTGLVTZC4fKgxf,GoodFellas,Hit 'Em Up - Single Version
1438,0Z2J91b2iTGLVTZC4fKgxf,The Wire,Hit 'Em Up - Single Version
598,0Z2J91b2iTGLVTZC4fKgxf,City of God,Hit 'Em Up - Single Version
9799,2kQuhkFX7uSVepCD3h29g5,The Fast and the Furious,Smack That
10625,2kQuhkFX7uSVepCD3h29g5,Mean Girls,Smack That
85552,2kQuhkFX7uSVepCD3h29g5,Euphoria,Smack That
900,2kQuhkFX7uSVepCD3h29g5,Skins,Smack That
65,2kQuhkFX7uSVepCD3h29g5,8 Mile,Smack That
85552,4v7DCN09hgXkKazefkznDQ,Euphoria,Lonely
66788,4v7DCN09hgXkKazefkznDQ,13 Reasons Why,Lonely
1416,4v7DCN09hgXkKazefkznDQ,Grey's Anatomy,Lonely
900,4v7DCN09hgXkKazefkznDQ,Skins,Lonely
10625,4v7DCN09hgXkKazefkznDQ,Mean Girls,Lonely
619,3XVBdLihbNbxUwZosxcGuJ,The Bodyguard,If I Ain't Got You
114,3XVBdLihbNbxUwZosxcGuJ,Pretty Woman,If I Ain't Got You
88,3XVBdLihbNbxUwZosxcGuJ,Dirty Dancing,If I Ain't Got You
1416,3XVBdLihbNbxUwZosxcGuJ,Grey's Anatomy,If I Ain't Got You
509,3XVBdLihbNbxUwZosxcGuJ,Notting Hill,If I Ain't Got You
42009,5BKKy9fIJL5uM9fz1SnqyP,Black Mirror,Chicago
210577,5BKKy9fIJL5uM9fz1SnqyP,Gone Girl,Chicago
65495,5BKKy9fIJL5uM9fz1SnqyP,Atlanta,Chicago
85552,5BKKy9fIJL5uM9fz1SnqyP,Euphoria,Chicago
376867,5BKKy9fIJL5uM9fz1SnqyP,Moonlight,Chicago
10625,4wH4dJgrsxONID6KS2tDQM,Mean Girls,Maneater
346698,4wH4dJgrsxONID6KS2tDQM,Barbie,Maneater
11009,4wH4dJgrsxONID6KS2tDQM,Saturday Night Fever,Maneater
1359,4wH4dJgrsxONID6KS2tDQM,American Psycho,Maneater
900,4wH4dJgrsxONID6KS2tDQM,Skins,Maneater
65495,2Ih217RCGAmyQR68Nn7Cqo,Atlanta,You Know How We Do It
9799,2Ih217RCGAmyQR68Nn7Cqo,The Fast and the Furious,You Know How We Do It
680,2Ih217RCGAmyQR68Nn7Cqo,Pulp Fiction,You Know How We Do It
339403,2Ih217RCGAmyQR68Nn7Cqo,Baby Driver,You Know How We Do It
500,2Ih217RCGAmyQR68Nn7Cqo,Reservoir Dogs,You Know How We Do It
63351,58q2HKrzhC3ozto2nDdN4z,Narcos,I Like It
346698,58q2HKrzhC3ozto2nDdN4z,Barbie,I Like It
71446,58q2HKrzhC3ozto2nDdN4z,Money Heist,I Like It
9799,58q2HKrzhC3ozto2nDdN4z,The Fast and the Furious,I Like It
65495,58q2HKrzhC3ozto2nDdN4z,Atlanta,I Like It
111,5g9lS8deSIxItFBmZRC4vN,Scarface,Ambitionz Az A Ridah
65,5g9lS8deSIxItFBmZRC4vN,8 Mile,Ambitionz Az A Ridah
769,5g9lS8deSIxItFBmZRC4vN,GoodFellas,Ambitionz Az A Ridah
63351,5g9lS8deSIxItFBmZRC4vN,Narcos,Ambitionz Az A Ridah
1438,5g9lS8deSIxItFBmZRC4vN,The Wire,Ambitionz Az A Ridah
1668,3WkibOpDF7cQ5xntM1epyf,Friends,It Wasn't Me
2316,3WkibOpDF7cQ5xntM1epyf,The Office,It Wasn't Me
10625,3WkibOpDF7cQ5xntM1epyf,Mean Girls,It Wasn't Me
8872,3WkibOpDF7cQ5xntM1epyf,Wayne's World,It Wasn't Me
900,3WkibOpDF7cQ5xntM1epyf,Skins,It Wasn't Me
900,5HQVUIKwCEXpe7JIHyY734,Skins,"Young, Wild & Free (feat. Bruno Mars)"
85552,5HQVUIKwCEXpe7JIHyY734,Euphoria,"Young, Wild & Free (feat. Bruno Mars)"
84892,5HQVUIKwCEXpe7JIHyY734,The Perks of Being a Wallflower,"Young, Wild & Free (feat. Bruno Mars)"
786,5HQVUIKwCEXpe7JIHyY734,Almost Famous,"Young, Wild & Free (feat. Bruno Mars)"
624,5HQVUIKwCEXpe7JIHyY734,Easy Rider,"Young, Wild & Free (feat. Bruno Mars)"
114,22UDw8rSfLbUsaAGTXQ4Z8,Pretty Woman,American Boy
11631,22UDw8rSfLbUsaAGTXQ4Z8,Mamma Mia!,American Boy
346698,22UDw8rSfLbUsaAGTXQ4Z8,Barbie,American Boy
161,22UDw8rSfLbUsaAGTXQ4Z8,Ocean's Eleven,American Boy
1668,22UDw8rSfLbUsaAGTXQ4Z8,Friends,American Boy
65495,6MdqqkQ8sSC0WB4i8PyRuQ,Atlanta,No Diggity
680,6MdqqkQ8sSC0WB4i8PyRuQ,Pulp Fiction,No Diggity
161,6MdqqkQ8sSC0WB4i8PyRuQ,Ocean's Eleven,No Diggity
9799,6MdqqkQ8sSC0WB4i8PyRuQ,The Fast and the Furious,No Diggity
10625,6MdqqkQ8sSC0WB4i8PyRuQ,Mean Girls,No Diggity
106646,0n4bITAu0Y0nigrz3MFJMb,The Wolf of Wall Street,Blurred Lines
1104,0n4bITAu0Y0nigrz3MFJMb,Mad Men,Blurred Lines
10625,0n4bITAu0Y0nigrz3MFJMb,Mean Girls,Blurred Lines
11009,0n4bITAu0Y0nigrz3MFJMb,Saturday Night Fever,Blurred Lines
346698,0n4bITAu0Y0nigrz3MFJMb,Barbie,Blurred Lines
115,1oTHteQbmJw15rPxPVXUTv,The Big Lebowski,Insane in the Brain
680,1oTHteQbmJw15rPxPVXUTv,Pulp Fiction,Insane in the Brain
627,1oTHteQbmJw15rPxPVXUTv,Trainspotting,Insane in the Brain
8872,1oTHteQbmJw15rPxPVXUTv,Wayne's World,Insane in the Brain
747,1oTHteQbmJw15rPxPVXUTv,Shaun of the Dead,Insane in the Brain
65,1SWVDBtw6h3tm9OehOkDhv,8 Mile,What's The Difference
63351,1SWVDBtw6h3tm9OehOkDhv,Narcos,What's The Difference
1438,1SWVDBtw6h3tm9OehOkDhv,The Wire,What's The Difference
111,1SWVDBtw6h3tm9OehOkDhv,Scarface,What's The Difference
68718,1SWVDBtw6h3tm9OehOkDhv,Django Unchained,What's The Difference
106646,4INDiWSKvqSKDEu7mh8HFz,The Wolf of Wall Street,Mo Money Mo Problems (feat. Puff Daddy & Mase) - 2014 Remaster
111,4INDiWSKvqSKDEu7mh8HFz,Scarface,Mo Money Mo Problems (feat. Puff Daddy & Mase) - 2014 Remaster
71446,4INDiWSKvqSKDEu7mh8HFz,Money Heist,Mo Money Mo Problems (feat. Puff Daddy & Mase) - 2014 Remaster
161,4INDiWSKvqSKDEu7mh8HFz,Ocean's Eleven,Mo Money Mo Problems (feat. Puff Daddy & Mase) - 2014 Remaster
65495,4INDiWSKvqSKDEu7mh8HFz,Atlanta,Mo Money Mo Problems (feat. Puff Daddy & Mase) - 2014 Remaster
1438,4IYKjN1DrYzxKXt0umJqsG,The Wire,I Got 5 On It
65495,4IYKjN1DrYzxKXt0umJqsG,Atlanta,I Got 5 On It
680,4IYKjN1DrYzxKXt0umJqsG,Pulp Fiction,I Got 5 On It
115,4IYKjN1DrYzxKXt0umJqsG,The Big Lebowski,I Got 5 On It
500,4IYKjN1DrYzxKXt0umJqsG,Reservoir Dogs,I Got 5 On It
509,3jDdpx9PMlfMBS5tOBHFm9,Notting Hill,Return of the Mack
1668,3jDdpx9PMlfMBS5tOBHFm9,Friends,Return of the Mack
11009,3jDdpx9PMlfMBS5tOBHFm9,Saturday Night Fever,Return of the Mack
106646,3jDdpx9PMlfMBS5tOBHFm9,The Wolf of Wall Street,Return of the Mack
680,3jDdpx9PMlfMBS5tOBHFm9,Pulp Fiction,Return of the Mack
9799,1zzxoZVylsna2BQB65Ppcb,The Fast and the Furious,X Gon' Give It To Ya
245891,1zzxoZVylsna2BQB65Ppcb,John Wick,X Gon' Give It To Ya
24,1zzxoZVylsna2BQB65Ppcb,Kill Bill: Vol. 1,X Gon' Give It To Ya
76341,1zzxoZVylsna2BQB65Ppcb,Mad Max: Fury Road,X Gon' Give It To Ya
263115,1zzxoZVylsna2BQB65Ppcb,Logan,X Gon' Give It To Ya
93405,03UrZgTINDqvnUMbbIMhql,Squid Game,Gangnam Style (강남스타일)
496243,03UrZgTINDqvnUMbbIMhql,Parasite,Gangnam Style (강남스타일)
11631,03UrZgTINDqvnUMbbIMhql,Mamma Mia!,Gangnam Style (강남스타일)
8872,03UrZgTINDqvnUMbbIMhql,Wayne's World,Gangnam Style (강남스타일)
60625,03UrZgTINDqvnUMbbIMhql,Rick and Morty,Gangnam Style (강남스타일)
8872,7L93GESzq43UkKUt5FsOCq,Wayne's World,Jump Around - 30 Years Remaster
747,7L93GESzq43UkKUt5FsOCq,Shaun of the Dead,Jump Around - 30 Years Remaster
456,7L93GESzq43UkKUt5FsOCq,The Simpsons,Jump Around - 30 Years Remaster
9377,7L93GESzq43UkKUt5FsOCq,Ferris Bueller's Day Off,Jump Around - 30 Years Remaster
525,7L93GESzq43UkKUt5FsOCq,The Blues Brothers,Jump Around - 30 Years Remaster
65495,1Mt7JLzBMXjTVKcdeD437t,Atlanta,Nuthin But A G'Thang
9799,1Mt7JLzBMXjTVKcdeD437t,The Fast and the Furious,Nuthin But A G'Thang
680,1Mt7JLzBMXjTVKcdeD437t,Pulp Fiction,Nuthin But A G'Thang
115,1Mt7JLzBMXjTVKcdeD437t,The Big Lebowski,Nuthin But A G'Thang
339403,1Mt7JLzBMXjTVKcdeD437t,Baby Driver,Nuthin But A G'Thang
65,6KIKRz9eSTXdNsGUnomdtW,8 Mile,Straight Outta Compton
111,6KIKRz9eSTXdNsGUnomdtW,Scarface,Straight Outta Compton
1438,6KIKRz9eSTXdNsGUnomdtW,The Wire,Straight Outta Compton
598,6KIKRz9eSTXdNsGUnomdtW,City of God,Straight Outta Compton
63351,6KIKRz9eSTXdNsGUnomdtW,Narcos,Straight Outta Compton
65,0LWkaEyQRkF0XAms8Bg1fC,8 Mile,Party Up
245891,0LWkaEyQRkF0XAms8Bg1fC,John Wick,Party Up
9799,0LWkaEyQRkF0XAms8Bg1fC,The Fast and the Furious,Party Up
76341,0LWkaEyQRkF0XAms8Bg1fC,Mad Max: Fury Road,Party Up
24,0LWkaEyQRkF0XAms8Bg1fC,Kill Bill: Vol. 1,Party Up
65495,0PV1TFUMTBrDETzW6KQulB,Atlanta,93 'Til Infinity
153,0PV1TFUMTBrDETzW6KQulB,Lost in Translation,93 'Til Infinity
680,0PV1TFUMTBrDETzW6KQulB,Pulp Fiction,93 'Til Infinity
115,0PV1TFUMTBrDETzW6KQulB,The Big Lebowski,93 'Til Infinity
22538,0PV1TFUMTBrDETzW6KQulB,Scott Pilgrim vs. the World,93 'Til Infinity
1438,7N1Vjtzr1lmmCW9iasQ8YO,The Wire,Survival of the Fittest
111,7N1Vjtzr1lmmCW9iasQ8YO,Scarface,Survival of the Fittest
63351,7N1Vjtzr1lmmCW9iasQ8YO,Narcos,Survival of the Fittest
598,7N1Vjtzr1lmmCW9iasQ8YO,City of God,Survival of the Fittest
273481,7N1Vjtzr1lmmCW9iasQ8YO,Sicario,Survival of the Fittest
1438,5n8Aro6j1bEGIy7Tpo7FV7,The Wire,Fuck Tha Police
419430,5n8Aro6j1bEGIy7Tpo7FV7,Get Out,Fuck Tha Police
68718,5n8Aro6j1bEGIy7Tpo7FV7,Django Unchained,Fuck Tha Police
598,5n8Aro6j1bEGIy7Tpo7FV7,City of God,Fuck Tha Police
406,5n8Aro6j1bEGIy7Tpo7FV7,La Haine,Fuck Tha Police
114,5fdNHVZHbWB1AaXk4RBGVD,Pretty Woman,Just the Two of Us
509,5fdNHVZHbWB1AaXk4RBGVD,Notting Hill,Just the Two of Us
77338,5fdNHVZHbWB1AaXk4RBGVD,The Intouchables,Just the Two of Us
1104,5fdNHVZHbWB1AaXk4RBGVD,Mad Men,Just the Two of Us
489,5fdNHVZHbWB1AaXk4RBGVD,Good Will Hunting,Just the Two of Us
106646,5PQmSHzWnlgG4EBuIqjac2,The Wolf of Wall Street,If I Ruled the World (Imagine That) (feat. Lauryn Hill)
111,5PQmSHzWnlgG4EBuIqjac2,Scarface,If I Ruled the World (Imagine That) (feat. Lauryn Hill)
65495,5PQmSHzWnlgG4EBuIqjac2,Atlanta,If I Ruled the World (Imagine That) (feat. Lauryn Hill)
12405,5PQmSHzWnlgG4EBuIqjac2,Slumdog Millionaire,If I Ruled the World (Imagine That) (feat. Lauryn Hill)
65,5PQmSHzWnlgG4EBuIqjac2,8 Mile,If I Ruled the World (Imagine That) (feat. Lauryn Hill)
111,6sCtddSFg3foJn4K2pIhfQ,Scarface,Hail Mary
1438,6sCtddSFg3foJn4K2pIhfQ,The Wire,Hail Mary
63351,6sCtddSFg3foJn4K2pIhfQ,Narcos,Hail Mary
598,6sCtddSFg3foJn4K2pIhfQ,City of God,Hail Mary
769,6sCtddSFg3foJn4K2pIhfQ,GoodFellas,Hail Mary
19913,4G3dZN9o3o2X4VKwt4CLts,(500) Days of Summer,Passin' Me By
76,4G3dZN9o3o2X4VKwt4CLts,Before Sunrise,Passin' Me By
65495,4G3dZN9o3o2X4VKwt4CLts,Atlanta,Passin' Me By
153,4G3dZN9o3o2X4VKwt4CLts,Lost in Translation,Passin' Me By
489,4G3dZN9o3o2X4VKwt4CLts,Good Will Hunting,Passin' Me By
65495,3Ti0GdlrotgwsAVBBugv0I,Atlanta,Can I Kick It?
8872,3Ti0GdlrotgwsAVBBugv0I,Wayne's World,Can I Kick It?
9377,3Ti0GdlrotgwsAVBBugv0I,Ferris Bueller's Day Off,Can I Kick It?
680,3Ti0GdlrotgwsAVBBugv0I,Pulp Fiction,Can I Kick It?
22538,3Ti0GdlrotgwsAVBBugv0I,Scott Pilgrim vs. the World,Can I Kick It?
8872,6qUEOWqOzu1rLPUPQ1ECpx,Wayne's World,Walk This Way (feat. Aerosmith)
105,6qUEOWqOzu1rLPUPQ1ECpx,Back to the Future,Walk This Way (feat. Aerosmith)
786,6qUEOWqOzu1rLPUPQ1ECpx,Almost Famous,Walk This Way (feat. Aerosmith)
9377,6qUEOWqOzu1rLPUPQ1ECpx,Ferris Bueller's Day Off,Walk This Way (feat. Aerosmith)
525,6qUEOWqOzu1rLPUPQ1ECpx,The Blues Brothers,Walk This Way (feat. Aerosmith)
22538,6VRhkROS2SZHGlp0pxndbJ,Scott Pilgrim vs. the World,Bangarang (feat. Sirah)
76341,6VRhkROS2SZHGlp0pxndbJ,Mad Max: Fury Road,Bangarang (feat. Sirah)
62560,6VRhkROS2SZHGlp0pxndbJ,Mr. Robot,Bangarang (feat. Sirah)
94605,6VRhkROS2SZHGlp0pxndbJ,Arcane,Bangarang (feat. Sirah)
324857,6VRhkROS2SZHGlp0pxndbJ,Spider-Man: Into the Spider-Verse,Bangarang (feat. Sirah)
1668,47BBI51FKFwOMlIiX6m8ya,Friends,I Want It That Way
1416,47BBI51FKFwOMlIiX6m8ya,Grey's Anatomy,I Want It That Way
11631,47BBI51FKFwOMlIiX6m8ya,Mamma Mia!,I Want It That Way
97546,47BBI51FKFwOMlIiX6m8ya,Ted Lasso,I Want It That Way
10625,47BBI51FKFwOMlIiX6m8ya,Mean Girls,I Want It That Way
1416,0gmbgwZ8iqyMPmXefof8Yf,Grey's Anatomy,How You Remind Me
900,0gmbgwZ8iqyMPmXefof8Yf,Skins,How You Remind Me
4607,0gmbgwZ8iqyMPmXefof8Yf,Lost,How You Remind Me
95,0gmbgwZ8iqyMPmXefof8Yf,Buffy the Vampire Slayer,How You Remind Me
2316,0gmbgwZ8iqyMPmXefof8Yf,The Office,How You Remind Me
155,6ZOBP3NvffbU4SZcrnt1k6,The Dark Knight,Kryptonite
263115,6ZOBP3NvffbU4SZcrnt1k6,Logan,Kryptonite
299534,6ZOBP3NvffbU4SZcrnt1k6,Avengers: Endgame,Kryptonite
324857,6ZOBP3NvffbU4SZcrnt1k6,Spider-Man: Into the Spider-Verse,Kryptonite
1416,6ZOBP3NvffbU4SZcrnt1k6,Grey's Anatomy,Kryptonite
13,3yrSvpt2l1xhsV9Em88Pul,Forrest Gump,Brown Eyed Girl
11631,3yrSvpt2l1xhsV9Em88Pul,Mamma Mia!,Brown Eyed Girl
786,3yrSvpt2l1xhsV9Em88Pul,Almost Famous,Brown Eyed Girl
88,3yrSvpt2l1xhsV9Em88Pul,Dirty Dancing,Brown Eyed Girl
801,3yrSvpt2l1xhsV9Em88Pul,"Good Morning, Vietnam",Brown Eyed Girl
63351,1rfofaqEpACxVEHIZBJe6W,Narcos,Havana (feat. Young Thug)
11631,1rfofaqEpACxVEHIZBJe6W,Mamma Mia!,Havana (feat. Young Thug)
88,1rfofaqEpACxVEHIZBJe6W,Dirty Dancing,Havana (feat. Young Thug)
71446,1rfofaqEpACxVEHIZBJe6W,Money Heist,Havana (feat. Young Thug)
111803,1rfofaqEpACxVEHIZBJe6W,The White Lotus,Havana (feat. Young Thug)
97546,2Cd9iWfcOpGDHLz6tVA3G4,Ted Lasso,Waka Waka (This Time for Africa) [The Official 2010 FIFA World Cup (TM) Song] (feat. Freshlyground)
354912,2Cd9iWfcOpGDHLz6tVA3G4,Coco,Waka Waka (This Time for Africa) [The Official 2010 FIFA World Cup (TM) Song] (feat. Freshlyground)
12405,2Cd9iWfcOpGDHLz6tVA3G4,Slumdog Millionaire,Waka Waka (This Time for Africa) [The Official 2010 FIFA World Cup (TM) Song] (feat. Freshlyground)
11631,2Cd9iWfcOpGDHLz6tVA3G4,Mamma Mia!,Waka Waka (This Time for Africa) [The Official 2010 FIFA World Cup (TM) Song] (feat. Freshlyground)
284054,2Cd9iWfcOpGDHLz6tVA3G4,Black Panther,Waka Waka (This Time for Africa) [The Official 2010 FIFA World Cup (TM) Song] (feat. Freshlyground)
621,5zA8vzDGqPl2AzZkEYQGKh,Grease,Uptown Girl
88,5zA8vzDGqPl2AzZkEYQGKh,Dirty Dancing,Uptown Girl
114,5zA8vzDGqPl2AzZkEYQGKh,Pretty Woman,Uptown Girl
105,5zA8vzDGqPl2AzZkEYQGKh,Back to the Future,Uptown Girl
11009,5zA8vzDGqPl2AzZkEYQGKh,Saturday Night Fever,Uptown Girl
509,1wb4P4F0sxAQ2KXrRvsx6n,Notting Hill,You're Still The One
11036,1wb4P4F0sxAQ2KXrRvsx6n,The Notebook,You're Still The One
114,1wb4P4F0sxAQ2KXrRvsx6n,Pretty Woman,You're Still The One
4348,1wb4P4F0sxAQ2KXrRvsx6n,Pride & Prejudice,You're Still The One
88,1wb4P4F0sxAQ2KXrRvsx6n,Dirty Dancing,You're Still The One
85552,49X0LAl6faAusYq02PRAY6,Euphoria,Lady - Hear Me Tonight
11009,49X0LAl6faAusYq02PRAY6,Saturday Night Fever,Lady - Hear Me Tonight
11631,49X0LAl6faAusYq02PRAY6,Mamma Mia!,Lady - Hear Me Tonight
161,49X0LAl6faAusYq02PRAY6,Ocean's Eleven,Lady - Hear Me Tonight
194,49X0LAl6faAusYq02PRAY6,Amélie,Lady - Hear Me Tonight
619,6IwKcFdiRQZOWeYNhUiWIv,The Bodyguard,No One
1416,6IwKcFdiRQZOWeYNhUiWIv,Grey's Anatomy,No One
114,6IwKcFdiRQZOWeYNhUiWIv,Pretty Woman,No One
376867,6IwKcFdiRQZOWeYNhUiWIv,Moonlight,No One
509,6IwKcFdiRQZOWeYNhUiWIv,Notting Hill,No One
114,6kvoHl80mfCVTv7XnZkjQn,Pretty Woman,"It Must Have Been Love - From the Film ""Pretty Woman"""
509,6kvoHl80mfCVTv7XnZkjQn,Notting Hill,"It Must Have Been Love - From the Film ""Pretty Woman"""
597,6kvoHl80mfCVTv7XnZkjQn,Titanic,"It Must Have Been Love - From the Film ""Pretty Woman"""
11036,6kvoHl80mfCVTv7XnZkjQn,The Notebook,"It Must Have Been Love - From the Film ""Pretty Woman"""
88,6kvoHl80mfCVTv7XnZkjQn,Dirty Dancing,"It Must Have Been Love - From the Film ""Pretty Woman"""
346698,6sxptembJVty4sNtcPMAVz,Barbie,Man! I Feel Like A Woman!
11631,6sxptembJVty4sNtcPMAVz,Mamma Mia!,Man! I Feel Like A Woman!
10625,6sxptembJVty4sNtcPMAVz,Mean Girls,Man! I Feel Like A Woman!
114,6sxptembJVty4sNtcPMAVz,Pretty Woman,Man! I Feel Like A Woman!
91239,6sxptembJVty4sNtcPMAVz,Bridgerton,Man! I Feel Like A Woman!
13,62AuGbAkt8Ox2IrFFb8GKV,Forrest Gump,Sweet Caroline
97546,62AuGbAkt8Ox2IrFFb8GKV,Ted Lasso,Sweet Caroline
801,62AuGbAkt8Ox2IrFFb8GKV,"Good Morning, Vietnam",Sweet Caroline
77338,62AuGbAkt8Ox2IrFFb8GKV,The Intouchables,Sweet Caroline
1668,62AuGbAkt8Ox2IrFFb8GKV,Friends,Sweet Caroline
744,3MrRksHupTVEQ7YbA0FsZK,Top Gun,The Final Countdown
1371,3MrRksHupTVEQ7YbA0FsZK,Rocky III,The Final Countdown
1366,3MrRksHupTVEQ7YbA0FsZK,Rocky,The Final Countdown
620,3MrRksHupTVEQ7YbA0FsZK,Ghostbusters,The Final Countdown
66732,3MrRksHupTVEQ7YbA0FsZK,Stranger Things,The Final Countdown
119051,4jbmgIyjGoXjY01XxatOx6,Wednesday,Dark Horse
85552,4jbmgIyjGoXjY01XxatOx6,Euphoria,Dark Horse
346698,4jbmgIyjGoXjY01XxatOx6,Barbie,Dark Horse
1399,4jbmgIyjGoXjY01XxatOx6,Game of Thrones,Dark Horse
44214,4jbmgIyjGoXjY01XxatOx6,Black Swan,Dark Horse
88,7Ewz6bJ97vUqk5HdkvguFQ,Dirty Dancing,Heaven
744,7Ewz6bJ97vUqk5HdkvguFQ,Top Gun,Heaven
66732,7Ewz6bJ97vUqk5HdkvguFQ,Stranger Things,Heaven
11036,7Ewz6bJ97vUqk5HdkvguFQ,The Notebook,Heaven
251,7Ewz6bJ97vUqk5HdkvguFQ,Ghost,Heaven
1366,37f4ITSlgPX81ad2EvmVQr,Rocky,Fight Song
97546,37f4ITSlgPX81ad2EvmVQr,Ted Lasso,Fight Song
244786,37f4ITSlgPX81ad2EvmVQr,Whiplash,Fight Song
361743,37f4ITSlgPX81ad2EvmVQr,Top Gun: Maverick,Fight Song
87739,37f4ITSlgPX81ad2EvmVQr,The Queen's Gambit,Fight Song
1668,4w1lzcaoZ1IC2K5TwjalRP,Friends,A Thousand Miles
10625,4w1lzcaoZ1IC2K5TwjalRP,Mean Girls,A Thousand Miles
1416,4w1lzcaoZ1IC2K5TwjalRP,Grey's Anatomy,A Thousand Miles
509,4w1lzcaoZ1IC2K5TwjalRP,Notting Hill,A Thousand Miles
391713,4w1lzcaoZ1IC2K5TwjalRP,Lady Bird,A Thousand Miles
744,4ByEFOBuLXpCqvO1kw8Wdm,Top Gun,(I Just) Died In Your Arms
66732,4ByEFOBuLXpCqvO1kw8Wdm,Stranger Things,(I Just) Died In Your Arms
105,4ByEFOBuLXpCqvO1kw8Wdm,Back to the Future,(I Just) Died In Your Arms
9377,4ByEFOBuLXpCqvO1kw8Wdm,Ferris Bueller's Day Off,(I Just) Died In Your Arms
2108,4ByEFOBuLXpCqvO1kw8Wdm,The Breakfast Club,(I Just) Died In Your Arms
1668,6urCAbunOQI4bLhmGpX7iS,Friends,Don't Speak
1416,6urCAbunOQI4bLhmGpX7iS,Grey's Anatomy,Don't Speak
251,6urCAbunOQI4bLhmGpX7iS,Ghost,Don't Speak
509,6urCAbunOQI4bLhmGpX7iS,Notting Hill,Don't Speak
900,6urCAbunOQI4bLhmGpX7iS,Skins,Don't Speak
786,4gvea7UlDkAvsJBPZAd4oB,Almost Famous,The Boys Of Summer
66732,4gvea7UlDkAvsJBPZAd4oB,Stranger Things,The Boys Of Summer
624,4gvea7UlDkAvsJBPZAd4oB,Easy Rider,The Boys Of Summer
105,4gvea7UlDkAvsJBPZAd4oB,Back to the Future,The Boys Of Summer
391713,4gvea7UlDkAvsJBPZAd4oB,Lady Bird,The Boys Of Summer
391713,2nGFzvICaeEWjIrBrL2RAx,Lady Bird,Put Your Records On
509,2nGFzvICaeEWjIrBrL2RAx,Notting Hill,Put Your Records On
194,2nGFzvICaeEWjIrBrL2RAx,Amélie,Put Your Records On
97546,2nGFzvICaeEWjIrBrL2RAx,Ted Lasso,Put Your Records On
19913,2nGFzvICaeEWjIrBrL2RAx,(500) Days of Summer,Put Your Records On
8966,7wuJGgpTNzbUyn26IOY6rj,Twilight,Total Eclipse of the Heart
251,7wuJGgpTNzbUyn26IOY6rj,Ghost,Total Eclipse of the Heart
597,7wuJGgpTNzbUyn26IOY6rj,Titanic,Total Eclipse of the Heart
88,7wuJGgpTNzbUyn26IOY6rj,Dirty Dancing,Total Eclipse of the Heart
824,7wuJGgpTNzbUyn26IOY6rj,Moulin Rouge!,Total Eclipse of the Heart
13,1fDsrQ23eTAVFElUMaf38X,Forrest Gump,American Pie
786,1fDsrQ23eTAVFElUMaf38X,Almost Famous,American Pie
1104,1fDsrQ23eTAVFElUMaf38X,Mad Men,American Pie
801,1fDsrQ23eTAVFElUMaf38X,"Good Morning, Vietnam",American Pie
84892,1fDsrQ23eTAVFElUMaf38X,The Perks of Being a Wallflower,American Pie
194,65uoaqX5qcjXZRheAj1qQT,Amélie,Dernière danse
71446,65uoaqX5qcjXZRheAj1qQT,Money Heist,Dernière danse
85552,65uoaqX5qcjXZRheAj1qQT,Euphoria,Dernière danse
843,65uoaqX5qcjXZRheAj1qQT,In the Mood for Love,Dernière danse
406,65uoaqX5qcjXZRheAj1qQT,La Haine,Dernière danse
13,1JO1xLtVc8mWhIoE3YaCL0,Forrest Gump,Happy Together
11631,1JO1xLtVc8mWhIoE3YaCL0,Mamma Mia!,Happy Together
1668,1JO1xLtVc8mWhIoE3YaCL0,Friends,Happy Together
624,1JO1xLtVc8mWhIoE3YaCL0,Easy Rider,Happy Together
801,1JO1xLtVc8mWhIoE3YaCL0,"Good Morning, Vietnam",Happy Together
744,4oDZ5L8izBals6jKBJDBcX,Top Gun,Your Love
9377,4oDZ5L8izBals6jKBJDBcX,Ferris Bueller's Day Off,Your Love
105,4oDZ5L8izBals6jKBJDBcX,Back to the Future,Your Love
2108,4oDZ5L8izBals6jKBJDBcX,The Breakfast Club,Your Love
66732,4oDZ5L8izBals6jKBJDBcX,Stranger Things,Your Love
85552,6lknMmJZALXxx7emwwZWLX,Euphoria,Frozen
63247,6lknMmJZALXxx7emwwZWLX,Westworld,Frozen
42009,6lknMmJZALXxx7emwwZWLX,Black Mirror,Frozen
76331,6lknMmJZALXxx7emwwZWLX,Succession,Frozen
210577,6lknMmJZALXxx7emwwZWLX,Gone Girl,Frozen
11009,1ChulFMnwxoD74Me8eX2TU,Saturday Night Fever,You Spin Me Round (Like a Record)
1359,1ChulFMnwxoD74Me8eX2TU,American Psycho,You Spin Me Round (Like a Record)
66732,1ChulFMnwxoD74Me8eX2TU,Stranger Things,You Spin Me Round (Like a Record)
346698,1ChulFMnwxoD74Me8eX2TU,Barbie,You Spin Me Round (Like a Record)
824,1ChulFMnwxoD74Me8eX2TU,Moulin Rouge!,You Spin Me Round (Like a Record)
354912,3QHMxEOAGD51PDlbFPHLyJ,Coco,Vivir Mi Vida
11631,3QHMxEOAGD51PDlbFPHLyJ,Mamma Mia!,Vivir Mi Vida
63351,3QHMxEOAGD51PDlbFPHLyJ,Narcos,Vivir Mi Vida
71446,3QHMxEOAGD51PDlbFPHLyJ,Money Heist,Vivir Mi Vida
12405,3QHMxEOAGD51PDlbFPHLyJ,Slumdog Millionaire,Vivir Mi Vida
624,54eZmuggBFJbV7k248bTTt,Easy Rider,A Horse with No Name
5915,54eZmuggBFJbV7k248bTTt,Into the Wild,A Horse with No Name
1396,54eZmuggBFJbV7k248bTTt,Breaking Bad,A Horse with No Name
6977,54eZmuggBFJbV7k248bTTt,No Country for Old Men,A Horse with No Name
76341,54eZmuggBFJbV7k248bTTt,Mad Max: Fury Road,A Horse with No Name
66732,3L7RtEcu1Hw3OXrpnthngx,Stranger Things,Don't You Want Me
11009,3L7RtEcu1Hw3OXrpnthngx,Saturday Night Fever,Don't You Want Me
42009,3L7RtEcu1Hw3OXrpnthngx,Black Mirror,Don't You Want Me
620,3L7RtEcu1Hw3OXrpnthngx,Ghostbusters,Don't You Want Me
2108,3L7RtEcu1Hw3OXrpnthngx,The Breakfast Club,Don't You Want Me
11036,6zC0mpGYwbNTpk9SKwh08f,The Notebook,Wonderful Tonight
4348,6zC0mpGYwbNTpk9SKwh08f,Pride & Prejudice,Wonderful Tonight
509,6zC0mpGYwbNTpk9SKwh08f,Notting Hill,Wonderful Tonight
238,6zC0mpGYwbNTpk9SKwh08f,The Godfather,Wonderful Tonight
88,6zC0mpGYwbNTpk9SKwh08f,Dirty Dancing,Wonderful Tonight
153,1zNXF2svmdlNxfS5XeNUgr,Lost in Translation,Don't Know Why
76,1zNXF2svmdlNxfS5XeNUgr,Before Sunrise,Don't Know Why
194,1zNXF2svmdlNxfS5XeNUgr,Amélie,Don't Know Why
843,1zNXF2svmdlNxfS5XeNUgr,In the Mood for Love,Don't Know Why
89905,1zNXF2svmdlNxfS5XeNUgr,Normal People,Don't Know Why
1920,1vxw6aYJls2oq3gW0DujAo,Twin Peaks,Crazy
680,1vxw6aYJls2oq3gW0DujAo,Pulp Fiction,Crazy
141,1vxw6aYJls2oq3gW0DujAo,Donnie Darko,Crazy
85552,1vxw6aYJls2oq3gW0DujAo,Euphoria,Crazy
115,1vxw6aYJls2oq3gW0DujAo,The Big Lebowski,Crazy
85552,51ODNNDZm21HU7wI7cccRr,Euphoria,Latch
89905,51ODNNDZm21HU7wI7cccRr,Normal People,Latch
64690,51ODNNDZm21HU7wI7cccRr,Drive,Latch
339403,51ODNNDZm21HU7wI7cccRr,Baby Driver,Latch
42009,51ODNNDZm21HU7wI7cccRr,Black Mirror,Latch
509,0vg4WnUWvze6pBOJDTq99k,Notting Hill,You're Beautiful
1416,0vg4WnUWvze6pBOJDTq99k,Grey's Anatomy,You're Beautiful
89905,0vg4WnUWvze6pBOJDTq99k,Normal People,You're Beautiful
11036,0vg4WnUWvze6pBOJDTq99k,The Notebook,You're Beautiful
1668,0vg4WnUWvze6pBOJDTq99k,Friends,You're Beautiful
8872,1HOMkjp0nHMaTnfAkslCQj,Wayne's World,My Sharona
9377,1HOMkjp0nHMaTnfAkslCQj,Ferris Bueller's Day Off,My Sharona
2108,1HOMkjp0nHMaTnfAkslCQj,The Breakfast Club,My Sharona
747,1HOMkjp0nHMaTnfAkslCQj,Shaun of the Dead,My Sharona
105,1HOMkjp0nHMaTnfAkslCQj,Back to the Future,My Sharona
509,6RNDeRnWsRMjPdNVgupZCs,Notting Hill,I Just Called To Say I Love You
114,6RNDeRnWsRMjPdNVgupZCs,Pretty Woman,I Just Called To Say I Love You
77338,6RNDeRnWsRMjPdNVgupZCs,The Intouchables,I Just Called To Say I Love You
1668,6RNDeRnWsRMjPdNVgupZCs,Friends,I Just Called To Say I Love You
801,6RNDeRnWsRMjPdNVgupZCs,"Good Morning, Vietnam",I Just Called To Say I Love You
8966,7wZUrN8oemZfsEd1CGkbXE,Twilight,Bleeding Love
1416,7wZUrN8oemZfsEd1CGkbXE,Grey's Anatomy,Bleeding Love
11036,7wZUrN8oemZfsEd1CGkbXE,The Notebook,Bleeding Love
597,7wZUrN8oemZfsEd1CGkbXE,Titanic,Bleeding Love
619,7wZUrN8oemZfsEd1CGkbXE,The Bodyguard,Bleeding Love
624,2Fs18NaCDuluPG1DHGw1XG,Easy Rider,Life is a Highway
5915,2Fs18NaCDuluPG1DHGw1XG,Into the Wild,Life is a Highway
773,2Fs18NaCDuluPG1DHGw1XG,Little Miss Sunshine,Life is a Highway
105,2Fs18NaCDuluPG1DHGw1XG,Back to the Future,Life is a Highway
525,2Fs18NaCDuluPG1DHGw1XG,The Blues Brothers,Life is a Highway
624,0qdQUeKVyevrbKhAo0ibxS,Easy Rider,My Sweet Lord - Remastered 2014
786,0qdQUeKVyevrbKhAo0ibxS,Almost Famous,My Sweet Lord - Remastered 2014
801,0qdQUeKVyevrbKhAo0ibxS,"Good Morning, Vietnam",My Sweet Lord - Remastered 2014
13,0qdQUeKVyevrbKhAo0ibxS,Forrest Gump,My Sweet Lord - Remastered 2014
5915,0qdQUeKVyevrbKhAo0ibxS,Into the Wild,My Sweet Lord - Remastered 2014
9377,5ZBeML7Lf3FMEVviTyvi8l,Ferris Bueller's Day Off,Twist And Shout - Remastered 2009
801,5ZBeML7Lf3FMEVviTyvi8l,"Good Morning, Vietnam",Twist And Shout - Remastered 2009
13,5ZBeML7Lf3FMEVviTyvi8l,Forrest Gump,Twist And Shout - Remastered 2009
105,5ZBeML7Lf3FMEVviTyvi8l,Back to the Future,Twist And Shout - Remastered 2009
525,5ZBeML7Lf3FMEVviTyvi8l,The Blues Brothers,Twist And Shout - Remastered 2009
77338,1JQ6Xm1JrvHfvAqhl5pwaA,The Intouchables,Easy
114,1JQ6Xm1JrvHfvAqhl5pwaA,Pretty Woman,Easy
1104,1JQ6Xm1JrvHfvAqhl5pwaA,Mad Men,Easy
489,1JQ6Xm1JrvHfvAqhl5pwaA,Good Will Hunting,Easy
509,1JQ6Xm1JrvHfvAqhl5pwaA,Notting Hill,Easy
11631,2wSAWEYUHkt92X4SBAPqZE,Mamma Mia!,Karma Chameleon - Remastered 2002
621,2wSAWEYUHkt92X4SBAPqZE,Grease,Karma Chameleon - Remastered 2002
66732,2wSAWEYUHkt92X4SBAPqZE,Stranger Things,Karma Chameleon - Remastered 2002
8872,2wSAWEYUHkt92X4SBAPqZE,Wayne's World,Karma Chameleon - Remastered 2002
824,2wSAWEYUHkt92X4SBAPqZE,Moulin Rouge!,Karma Chameleon - Remastered 2002
525,2dCmGcEOQrMQhMMS8Vj7Ca,The Blues Brothers,Super Freak
11009,2dCmGcEOQrMQhMMS8Vj7Ca,Saturday Night Fever,Super Freak
8872,2dCmGcEOQrMQhMMS8Vj7Ca,Wayne's World,Super Freak
10625,2dCmGcEOQrMQhMMS8Vj7Ca,Mean Girls,Super Freak
1359,2dCmGcEOQrMQhMMS8Vj7Ca,American Psycho,Super Freak
153,6jGnykaS6TkWp15utXSAeI,Lost in Translation,Come Away With Me
76,6jGnykaS6TkWp15utXSAeI,Before Sunrise,Come Away With Me
509,6jGnykaS6TkWp15utXSAeI,Notting Hill,Come Away With Me
194,6jGnykaS6TkWp15utXSAeI,Amélie,Come Away With Me
843,6jGnykaS6TkWp15utXSAeI,In the Mood for Love,Come Away With Me
414906,3YKptz29AsOlm7WAVnztBh,The Batman,Kiss from a Rose
824,3YKptz29AsOlm7WAVnztBh,Moulin Rouge!,Kiss from a Rose
8966,3YKptz29AsOlm7WAVnztBh,Twilight,Kiss from a Rose
597,3YKptz29AsOlm7WAVnztBh,Titanic,Kiss from a Rose
251,3YKptz29AsOlm7WAVnztBh,Ghost,Kiss from a Rose
1416,6Vc5wAMmXdKIAM7WUoEb7N,Grey's Anatomy,Say Something
11036,6Vc5wAMmXdKIAM7WUoEb7N,The Notebook,Say Something
89905,6Vc5wAMmXdKIAM7WUoEb7N,Normal People,Say Something
597,6Vc5wAMmXdKIAM7WUoEb7N,Titanic,Say Something
54344,6Vc5wAMmXdKIAM7WUoEb7N,The Leftovers,Say Something
11631,0IktbUcnAGrvD03AWnz3Q8,Mamma Mia!,Lucky
509,0IktbUcnAGrvD03AWnz3Q8,Notting Hill,Lucky
97546,0IktbUcnAGrvD03AWnz3Q8,Ted Lasso,Lucky
1668,0IktbUcnAGrvD03AWnz3Q8,Friends,Lucky
4348,0IktbUcnAGrvD03AWnz3Q8,Pride & Prejudice,Lucky
489,2DjWsDGgL1xNbhnr7f6t5F,Good Will Hunting,Baby Can I Hold You
89905,2DjWsDGgL1xNbhnr7f6t5F,Normal People,Baby Can I Hold You
142,2DjWsDGgL1xNbhnr7f6t5F,Brokeback Mountain,Baby Can I Hold You
67070,2DjWsDGgL1xNbhnr7f6t5F,Fleabag,Baby Can I Hold You
1416,2DjWsDGgL1xNbhnr7f6t5F,Grey's Anatomy,Baby Can I Hold You
289,0KMGxYKeUzK9wc5DZCt3HT,Casablanca,If You Leave Me Now
509,0KMGxYKeUzK9wc5DZCt3HT,Notting Hill,If You Leave Me Now
11036,0KMGxYKeUzK9wc5DZCt3HT,The Notebook,If You Leave Me Now
114,0KMGxYKeUzK9wc5DZCt3HT,Pretty Woman,If You Leave Me Now
1104,0KMGxYKeUzK9wc5DZCt3HT,Mad Men,If You Leave Me Now
89905,5GHY1DFWKz3Prg2V0Iodqo,Normal People,Nothing Compares 2 U
67070,5GHY1DFWKz3Prg2V0Iodqo,Fleabag,Nothing Compares 2 U
142,5GHY1DFWKz3Prg2V0Iodqo,Brokeback Mountain,Nothing Compares 2 U
65494,5GHY1DFWKz3Prg2V0Iodqo,The Crown,Nothing Compares 2 U
1416,5GHY1DFWKz3Prg2V0Iodqo,Grey's Anatomy,Nothing Compares 2 U
454,7aQjPecQdIuNd1sz3KCDhD,Romeo + Juliet,Lovefool
10625,7aQjPecQdIuNd1sz3KCDhD,Mean Girls,Lovefool
194,7aQjPecQdIuNd1sz3KCDhD,Amélie,Lovefool
900,7aQjPecQdIuNd1sz3KCDhD,Skins,Lovefool
391713,7aQjPecQdIuNd1sz3KCDhD,Lady Bird,Lovefool
509,3yUcJwYu7fXAfqMj9krY6l,Notting Hill,Thank You
1416,3yUcJwYu7fXAfqMj9krY6l,Grey's Anatomy,Thank You
77338,3yUcJwYu7fXAfqMj9krY6l,The Intouchables,Thank You
153,3yUcJwYu7fXAfqMj9krY6l,Lost in Translation,Thank You
1668,3yUcJwYu7fXAfqMj9krY6l,Friends,Thank You
808,3G7tRC24Uh09Hmp1KZ7LQ2,Shrek,I'm a Believer - 2006 Remaster
11631,3G7tRC24Uh09Hmp1KZ7LQ2,Mamma Mia!,I'm a Believer - 2006 Remaster
1668,3G7tRC24Uh09Hmp1KZ7LQ2,Friends,I'm a Believer - 2006 Remaster
13,3G7tRC24Uh09Hmp1KZ7LQ2,Forrest Gump,I'm a Believer - 2006 Remaster
8872,3G7tRC24Uh09Hmp1KZ7LQ2,Wayne's World,I'm a Believer - 2006 Remaster
9377,4d6eqRtpDX7tydHJGDZUBQ,Ferris Bueller's Day Off,She Drives Me Crazy
11009,4d6eqRtpDX7tydHJGDZUBQ,Saturday Night Fever,She Drives Me Crazy
105,4d6eqRtpDX7tydHJGDZUBQ,Back to the Future,She Drives Me Crazy
66732,4d6eqRtpDX7tydHJGDZUBQ,Stranger Things,She Drives Me Crazy
744,4d6eqRtpDX7tydHJGDZUBQ,Top Gun,She Drives Me Crazy
824,2ajUl8lBLAXOXNpG4NEPMz,Moulin Rouge!,Sway
88,2ajUl8lBLAXOXNpG4NEPMz,Dirty Dancing,Sway
289,2ajUl8lBLAXOXNpG4NEPMz,Casablanca,Sway
1104,2ajUl8lBLAXOXNpG4NEPMz,Mad Men,Sway
161,2ajUl8lBLAXOXNpG4NEPMz,Ocean's Eleven,Sway
71446,34dx8DACTJsc3rsJdaEIQw,Money Heist,Papaoutai
194,34dx8DACTJsc3rsJdaEIQw,Amélie,Papaoutai
42009,34dx8DACTJsc3rsJdaEIQw,Black Mirror,Papaoutai
70523,34dx8DACTJsc3rsJdaEIQw,Dark,Papaoutai
406,34dx8DACTJsc3rsJdaEIQw,La Haine,Papaoutai
1668,2FRnf9qhLbvw8fu4IBXx78,Friends,Last Christmas
2316,2FRnf9qhLbvw8fu4IBXx78,The Office,Last Christmas
97546,2FRnf9qhLbvw8fu4IBXx78,Ted Lasso,Last Christmas
66732,2FRnf9qhLbvw8fu4IBXx78,Stranger Things,Last Christmas
562,2FRnf9qhLbvw8fu4IBXx78,Die Hard,Last Christmas
88,1OppEieGNdItZbE14gLBEv,Dirty Dancing,You Can't Hurry Love
621,1OppEieGNdItZbE14gLBEv,Grease,You Can't Hurry Love
13,1OppEieGNdItZbE14gLBEv,Forrest Gump,You Can't Hurry Love
11631,1OppEieGNdItZbE14gLBEv,Mamma Mia!,You Can't Hurry Love
114,1OppEieGNdItZbE14gLBEv,Pretty Woman,You Can't Hurry Love
621,5BUq9bdtsm3LWw5laJeJ4R,Grease,Hopelessly Devoted To You - From “Grease”
88,5BUq9bdtsm3LWw5laJeJ4R,Dirty Dancing,Hopelessly Devoted To You - From “Grease”
11036,5BUq9bdtsm3LWw5laJeJ4R,The Notebook,Hopelessly Devoted To You - From “Grease”
114,5BUq9bdtsm3LWw5laJeJ4R,Pretty Woman,Hopelessly Devoted To You - From “Grease”
11631,5BUq9bdtsm3LWw5laJeJ4R,Mamma Mia!,Hopelessly Devoted To You - From “Grease”
744,5Hyr47BBGpvOfcykSCcaw9,Top Gun,"Holding Out for a Hero - From ""Footloose"" Soundtrack"
808,5Hyr47BBGpvOfcykSCcaw9,Shrek,"Holding Out for a Hero - From ""Footloose"" Soundtrack"
620,5Hyr47BBGpvOfcykSCcaw9,Ghostbusters,"Holding Out for a Hero - From ""Footloose"" Soundtrack"
1371,5Hyr47BBGpvOfcykSCcaw9,Rocky III,"Holding Out for a Hero - From ""Footloose"" Soundtrack"
11631,5Hyr47BBGpvOfcykSCcaw9,Mamma Mia!,"Holding Out for a Hero - From ""Footloose"" Soundtrack"
88,31H6au3jhblhr6MMJiXnCq,Dirty Dancing,"Hungry Eyes - From ""Dirty Dancing"" Soundtrack"
11009,31H6au3jhblhr6MMJiXnCq,Saturday Night Fever,"Hungry Eyes - From ""Dirty Dancing"" Soundtrack"
114,31H6au3jhblhr6MMJiXnCq,Pretty Woman,"Hungry Eyes - From ""Dirty Dancing"" Soundtrack"
744,31H6au3jhblhr6MMJiXnCq,Top Gun,"Hungry Eyes - From ""Dirty Dancing"" Soundtrack"
621,31H6au3jhblhr6MMJiXnCq,Grease,"Hungry Eyes - From ""Dirty Dancing"" Soundtrack"
11631,4euAGZTszWPrriggYK0HG9,Mamma Mia!,Lay All Your Love On Me
824,4euAGZTszWPrriggYK0HG9,Moulin Rouge!,Lay All Your Love On Me
11009,4euAGZTszWPrriggYK0HG9,Saturday Night Fever,Lay All Your Love On Me
504608,4euAGZTszWPrriggYK0HG9,Rocketman,Lay All Your Love On Me
346698,4euAGZTszWPrriggYK0HG9,Barbie,Lay All Your Love On Me
161,1AM8QdDFZMq6SrrqUnuQ9P,Ocean's Eleven,Feeling Good
1104,1AM8QdDFZMq6SrrqUnuQ9P,Mad Men,Feeling Good
36557,1AM8QdDFZMq6SrrqUnuQ9P,Casino Royale,Feeling Good
1396,1AM8QdDFZMq6SrrqUnuQ9P,Breaking Bad,Feeling Good
680,1AM8QdDFZMq6SrrqUnuQ9P,Pulp Fiction,Feeling Good
11036,1B5Tp2Ml9nLlmTSJx8xVfI,The Notebook,Always On My Mind
289,1B5Tp2Ml9nLlmTSJx8xVfI,Casablanca,Always On My Mind
13,1B5Tp2Ml9nLlmTSJx8xVfI,Forrest Gump,Always On My Mind
4348,1B5Tp2Ml9nLlmTSJx8xVfI,Pride & Prejudice,Always On My Mind
238,1B5Tp2Ml9nLlmTSJx8xVfI,The Godfather,Always On My Mind
744,5WwqdeavrQrbeAMDxGawse,Top Gun,Can't Fight This Feeling
88,5WwqdeavrQrbeAMDxGawse,Dirty Dancing,Can't Fight This Feeling
251,5WwqdeavrQrbeAMDxGawse,Ghost,Can't Fight This Feeling
2108,5WwqdeavrQrbeAMDxGawse,The Breakfast Club,Can't Fight This Feeling
597,5WwqdeavrQrbeAMDxGawse,Titanic,Can't Fight This Feeling
621,1hQFF33xi8ruavZNyovtUN,Grease,"December, 1963 (Oh What a Night!)"
11009,1hQFF33xi8ruavZNyovtUN,Saturday Night Fever,"December, 1963 (Oh What a Night!)"
11631,1hQFF33xi8ruavZNyovtUN,Mamma Mia!,"December, 1963 (Oh What a Night!)"
88,1hQFF33xi8ruavZNyovtUN,Dirty Dancing,"December, 1963 (Oh What a Night!)"
105,1hQFF33xi8ruavZNyovtUN,Back to the Future,"December, 1963 (Oh What a Night!)"
207,6mHOcVtsHLMuesJkswc0GZ,Dead Poets Society,The Logical Song - Remastered 2010
2108,6mHOcVtsHLMuesJkswc0GZ,The Breakfast Club,The Logical Song - Remastered 2010
9377,6mHOcVtsHLMuesJkswc0GZ,Ferris Bueller's Day Off,The Logical Song - Remastered 2010
786,6mHOcVtsHLMuesJkswc0GZ,Almost Famous,The Logical Song - Remastered 2010
13,6mHOcVtsHLMuesJkswc0GZ,Forrest Gump,The Logical Song - Remastered 2010
391713,5p9XWUdvbUzmPCukOmwoU3,Lady Bird,Suddenly I See
509,5p9XWUdvbUzmPCukOmwoU3,Notting Hill,Suddenly I See
346698,5p9XWUdvbUzmPCukOmwoU3,Barbie,Suddenly I See
10625,5p9XWUdvbUzmPCukOmwoU3,Mean Girls,Suddenly I See
1668,5p9XWUdvbUzmPCukOmwoU3,Friends,Suddenly I See
88,6b6IMqP565TbtFFZg9iFf3,Dirty Dancing,"I Can't Help Myself (Sugar Pie, Honey Bunch)"
621,6b6IMqP565TbtFFZg9iFf3,Grease,"I Can't Help Myself (Sugar Pie, Honey Bunch)"
13,6b6IMqP565TbtFFZg9iFf3,Forrest Gump,"I Can't Help Myself (Sugar Pie, Honey Bunch)"
801,6b6IMqP565TbtFFZg9iFf3,"Good Morning, Vietnam","I Can't Help Myself (Sugar Pie, Honey Bunch)"
11631,6b6IMqP565TbtFFZg9iFf3,Mamma Mia!,"I Can't Help Myself (Sugar Pie, Honey Bunch)"
398818,5vmRQ3zELMLUQPo2FLQ76x,Call Me by Your Name,Smalltown Boy
142,5vmRQ3zELMLUQPo2FLQ76x,Brokeback Mountain,Smalltown Boy
89905,5vmRQ3zELMLUQPo2FLQ76x,Normal People,Smalltown Boy
85552,5vmRQ3zELMLUQPo2FLQ76x,Euphoria,Smalltown Boy
900,5vmRQ3zELMLUQPo2FLQ76x,Skins,Smalltown Boy
66732,39lSeqnyjZJejRuaREfyLL,Stranger Things,Hungry Like the Wolf - 2009 Remaster
1359,39lSeqnyjZJejRuaREfyLL,American Psycho,Hungry Like the Wolf - 2009 Remaster
744,39lSeqnyjZJejRuaREfyLL,Top Gun,Hungry Like the Wolf - 2009 Remaster
85,39lSeqnyjZJejRuaREfyLL,Raiders of the Lost Ark,Hungry Like the Wolf - 2009 Remaster
620,39lSeqnyjZJejRuaREfyLL,Ghostbusters,Hungry Like the Wolf - 2009 Remaster
88,5JvsxPAHsGxwNq4xto2HtM,Dirty Dancing,Listen To Your Heart
251,5JvsxPAHsGxwNq4xto2HtM,Ghost,Listen To Your Heart
114,5JvsxPAHsGxwNq4xto2HtM,Pretty Woman,Listen To Your Heart
744,5JvsxPAHsGxwNq4xto2HtM,Top Gun,Listen To Your Heart
619,5JvsxPAHsGxwNq4xto2HtM,The Bodyguard,Listen To Your Heart
88,1HPJOoIVdUPuaebxzMrVaD,Dirty Dancing,Words - Original Version 1983
621,1HPJOoIVdUPuaebxzMrVaD,Grease,Words - Original Version 1983
509,1HPJOoIVdUPuaebxzMrVaD,Notting Hill,Words - Original Version 1983
194,1HPJOoIVdUPuaebxzMrVaD,Amélie,Words - Original Version 1983
289,1HPJOoIVdUPuaebxzMrVaD,Casablanca,Words - Original Version 1983
11009,0qemIQjSxcKyf42VPfZnfa,Saturday Night Fever,"Night Fever - From ""Saturday Night Fever"" Soundtrack"
621,0qemIQjSxcKyf42VPfZnfa,Grease,"Night Fever - From ""Saturday Night Fever"" Soundtrack"
66732,0qemIQjSxcKyf42VPfZnfa,Stranger Things,"Night Fever - From ""Saturday Night Fever"" Soundtrack"
11631,0qemIQjSxcKyf42VPfZnfa,Mamma Mia!,"Night Fever - From ""Saturday Night Fever"" Soundtrack"
680,0qemIQjSxcKyf42VPfZnfa,Pulp Fiction,"Night Fever - From ""Saturday Night Fever"" Soundtrack"
114,36lkJSDyMEZoWTqtRj8Q8q,Pretty Woman,You're the Inspiration - 2006 Remaster
88,36lkJSDyMEZoWTqtRj8Q8q,Dirty Dancing,You're the Inspiration - 2006 Remaster
619,36lkJSDyMEZoWTqtRj8Q8q,The Bodyguard,You're the Inspiration - 2006 Remaster
11036,36lkJSDyMEZoWTqtRj8Q8q,The Notebook,You're the Inspiration - 2006 Remaster
597,36lkJSDyMEZoWTqtRj8Q8q,Titanic,You're the Inspiration - 2006 Remaster
54344,0wokCRaKD0zPNhMRXAgVsr,The Leftovers,Ordinary World
153,0wokCRaKD0zPNhMRXAgVsr,Lost in Translation,Ordinary World
5915,0wokCRaKD0zPNhMRXAgVsr,Into the Wild,Ordinary World
1104,0wokCRaKD0zPNhMRXAgVsr,Mad Men,Ordinary World
278,0wokCRaKD0zPNhMRXAgVsr,The Shawshank Redemption,Ordinary World
85552,6T689Jvh5KrSXyaPtUWZtQ,Euphoria,Criminal
10625,6T689Jvh5KrSXyaPtUWZtQ,Mean Girls,Criminal
63351,6T689Jvh5KrSXyaPtUWZtQ,Narcos,Criminal
42009,6T689Jvh5KrSXyaPtUWZtQ,Black Mirror,Criminal
680,6T689Jvh5KrSXyaPtUWZtQ,Pulp Fiction,Criminal
68718,7BfW1eoDh27W69nxsmRicb,Django Unchained,Buffalo Soldier
419430,7BfW1eoDh27W69nxsmRicb,Get Out,Buffalo Soldier
624,7BfW1eoDh27W69nxsmRicb,Easy Rider,Buffalo Soldier
284054,7BfW1eoDh27W69nxsmRicb,Black Panther,Buffalo Soldier
65495,7BfW1eoDh27W69nxsmRicb,Atlanta,Buffalo Soldier
11009,3cbV252akVZInSvJk7jAYX,Saturday Night Fever,Flashdance...What a Feeling - Radio Edit
88,3cbV252akVZInSvJk7jAYX,Dirty Dancing,Flashdance...What a Feeling - Radio Edit
1366,3cbV252akVZInSvJk7jAYX,Rocky,Flashdance...What a Feeling - Radio Edit
621,3cbV252akVZInSvJk7jAYX,Grease,Flashdance...What a Feeling - Radio Edit
744,3cbV252akVZInSvJk7jAYX,Top Gun,Flashdance...What a Feeling - Radio Edit
786,2Gy7qnDwt8Z3MNxqat4CsK,Almost Famous,Wouldn't It Be Nice - Remastered 2000 / Stereo Mix
84892,2Gy7qnDwt8Z3MNxqat4CsK,The Perks of Being a Wallflower,Wouldn't It Be Nice - Remastered 2000 / Stereo Mix
13,2Gy7qnDwt8Z3MNxqat4CsK,Forrest Gump,Wouldn't It Be Nice - Remastered 2000 / Stereo Mix
105,2Gy7qnDwt8Z3MNxqat4CsK,Back to the Future,Wouldn't It Be Nice - Remastered 2000 / Stereo Mix
773,2Gy7qnDwt8Z3MNxqat4CsK,Little Miss Sunshine,Wouldn't It Be Nice - Remastered 2000 / Stereo Mix
71446,1w2Nnj1HEUgoOglVRWfZj8,Money Heist,Me cuesta tanto olvidarte
194,1w2Nnj1HEUgoOglVRWfZj8,Amélie,Me cuesta tanto olvidarte
11216,1w2Nnj1HEUgoOglVRWfZj8,Cinema Paradiso,Me cuesta tanto olvidarte
637,1w2Nnj1HEUgoOglVRWfZj8,Life Is Beautiful,Me cuesta tanto olvidarte
63351,1w2Nnj1HEUgoOglVRWfZj8,Narcos,Me cuesta tanto olvidarte
620,273uCXd7NPrInaiNqtkOrA,Ghostbusters,Tarzan Boy
66732,273uCXd7NPrInaiNqtkOrA,Stranger Things,Tarzan Boy
8872,273uCXd7NPrInaiNqtkOrA,Wayne's World,Tarzan Boy
105,273uCXd7NPrInaiNqtkOrA,Back to the Future,Tarzan Boy
744,273uCXd7NPrInaiNqtkOrA,Top Gun,Tarzan Boy
376867,3gsCAGsWr6pUm1Vy7CPPob,Moonlight,Killing Me Softly With His Song
89905,3gsCAGsWr6pUm1Vy7CPPob,Normal People,Killing Me Softly With His Song
114,3gsCAGsWr6pUm1Vy7CPPob,Pretty Woman,Killing Me Softly With His Song
1104,3gsCAGsWr6pUm1Vy7CPPob,Mad Men,Killing Me Softly With His Song
65494,3gsCAGsWr6pUm1Vy7CPPob,The Crown,Killing Me Softly With His Song
11631,3K7Q9PHUWPTaknlbFPThn2,Mamma Mia!,Celebration
11009,3K7Q9PHUWPTaknlbFPThn2,Saturday Night Fever,Celebration
525,3K7Q9PHUWPTaknlbFPThn2,The Blues Brothers,Celebration
97546,3K7Q9PHUWPTaknlbFPThn2,Ted Lasso,Celebration
9377,3K7Q9PHUWPTaknlbFPThn2,Ferris Bueller's Day Off,Celebration
11631,4czNORk5MjW5WOn98bki32,Mamma Mia!,All Night Long (All Night) - Single Version
354912,4czNORk5MjW5WOn98bki32,Coco,All Night Long (All Night) - Single Version
11009,4czNORk5MjW5WOn98bki32,Saturday Night Fever,All Night Long (All Night) - Single Version
97546,4czNORk5MjW5WOn98bki32,Ted Lasso,All Night Long (All Night) - Single Version
1668,4czNORk5MjW5WOn98bki32,Friends,All Night Long (All Night) - Single Version
11009,714hERk9U1W8FMYkoC83CO,Saturday Night Fever,You Sexy Thing
680,714hERk9U1W8FMYkoC83CO,Pulp Fiction,You Sexy Thing
11631,714hERk9U1W8FMYkoC83CO,Mamma Mia!,You Sexy Thing
114,714hERk9U1W8FMYkoC83CO,Pretty Woman,You Sexy Thing
8872,714hERk9U1W8FMYkoC83CO,Wayne's World,You Sexy Thing
509,0PCGfA36HrVPmsBZJ57zOU,Notting Hill,"Love Is All Around - From ""Four Weddings And A Funeral"""
114,0PCGfA36HrVPmsBZJ57zOU,Pretty Woman,"Love Is All Around - From ""Four Weddings And A Funeral"""
1668,0PCGfA36HrVPmsBZJ57zOU,Friends,"Love Is All Around - From ""Four Weddings And A Funeral"""
11631,0PCGfA36HrVPmsBZJ57zOU,Mamma Mia!,"Love Is All Around - From ""Four Weddings And A Funeral"""
4348,0PCGfA36HrVPmsBZJ57zOU,Pride & Prejudice,"Love Is All Around - From ""Four Weddings And A Funeral"""
105,0wz1LjDb9ZNEYwOmDJ3Q4b,Back to the Future,Surfin' U.S.A. - Remastered 2001
680,0wz1LjDb9ZNEYwOmDJ3Q4b,Pulp Fiction,Surfin' U.S.A. - Remastered 2001
13,0wz1LjDb9ZNEYwOmDJ3Q4b,Forrest Gump,Surfin' U.S.A. - Remastered 2001
624,0wz1LjDb9ZNEYwOmDJ3Q4b,Easy Rider,Surfin' U.S.A. - Remastered 2001
621,0wz1LjDb9ZNEYwOmDJ3Q4b,Grease,Surfin' U.S.A. - Remastered 2001
13,5qyq1H5OPMlfuvZQ1wQNo7,Forrest Gump,(Your Love Keeps Lifting Me) Higher & Higher
801,5qyq1H5OPMlfuvZQ1wQNo7,"Good Morning, Vietnam",(Your Love Keeps Lifting Me) Higher & Higher
88,5qyq1H5OPMlfuvZQ1wQNo7,Dirty Dancing,(Your Love Keeps Lifting Me) Higher & Higher
1366,5qyq1H5OPMlfuvZQ1wQNo7,Rocky,(Your Love Keeps Lifting Me) Higher & Higher
525,5qyq1H5OPMlfuvZQ1wQNo7,The Blues Brothers,(Your Love Keeps Lifting Me) Higher & Higher
105,7o7E1nrHWncYY7PY94gCiX,Back to the Future,Video Killed The Radio Star
66732,7o7E1nrHWncYY7PY94gCiX,Stranger Things,Video Killed The Radio Star
42009,7o7E1nrHWncYY7PY94gCiX,Black Mirror,Video Killed The Radio Star
8872,7o7E1nrHWncYY7PY94gCiX,Wayne's World,Video Killed The Radio Star
456,7o7E1nrHWncYY7PY94gCiX,The Simpsons,Video Killed The Radio Star
11009,2K22nUTdyr48JDwI5t906t,Saturday Night Fever,Relax
1359,2K22nUTdyr48JDwI5t906t,American Psycho,Relax
66732,2K22nUTdyr48JDwI5t906t,Stranger Things,Relax
85552,2K22nUTdyr48JDwI5t906t,Euphoria,Relax
627,2K22nUTdyr48JDwI5t906t,Trainspotting,Relax
744,1nmZ8yqKkfooOuYvtFctDp,Top Gun,Heat Of The Moment
66732,1nmZ8yqKkfooOuYvtFctDp,Stranger Things,Heat Of The Moment
1371,1nmZ8yqKkfooOuYvtFctDp,Rocky III,Heat Of The Moment
105,1nmZ8yqKkfooOuYvtFctDp,Back to the Future,Heat Of The Moment
2108,1nmZ8yqKkfooOuYvtFctDp,The Breakfast Club,Heat Of The Moment
66732,0pUVeEgZuNyFzIMKp67RbS,Stranger Things,Eyes Without A Face
1359,0pUVeEgZuNyFzIMKp67RbS,American Psycho,Eyes Without A Face
793,0pUVeEgZuNyFzIMKp67RbS,Blue Velvet,Eyes Without A Face
1443,0pUVeEgZuNyFzIMKp67RbS,The Virgin Suicides,Eyes Without A Face
141,0pUVeEgZuNyFzIMKp67RbS,Donnie Darko,Eyes Without A Face
2108,4S1VYqwfkLit9mKVY3MXoo,The Breakfast Club,Forever Young
66732,4S1VYqwfkLit9mKVY3MXoo,Stranger Things,Forever Young
9377,4S1VYqwfkLit9mKVY3MXoo,Ferris Bueller's Day Off,Forever Young
105,4S1VYqwfkLit9mKVY3MXoo,Back to the Future,Forever Young
141,4S1VYqwfkLit9mKVY3MXoo,Donnie Darko,Forever Young
289,27hhIs2fp6w06N5zx4Eaa5,Casablanca,Dream A Little Dream Of Me
194,27hhIs2fp6w06N5zx4Eaa5,Amélie,Dream A Little Dream Of Me
509,27hhIs2fp6w06N5zx4Eaa5,Notting Hill,Dream A Little Dream Of Me
637,27hhIs2fp6w06N5zx4Eaa5,Life Is Beautiful,Dream A Little Dream Of Me
11036,27hhIs2fp6w06N5zx4Eaa5,The Notebook,Dream A Little Dream Of Me
1104,1kPBT8S2wJFNAyBMnGVZgL,Mad Men,I'd Rather Go Blind
289,1kPBT8S2wJFNAyBMnGVZgL,Casablanca,I'd Rather Go Blind
824,1kPBT8S2wJFNAyBMnGVZgL,Moulin Rouge!,I'd Rather Go Blind
65494,1kPBT8S2wJFNAyBMnGVZgL,The Crown,I'd Rather Go Blind
793,1kPBT8S2wJFNAyBMnGVZgL,Blue Velvet,I'd Rather Go Blind
1443,5HQEmiV2lKnSO6qa2fsR7x,The Virgin Suicides,I'm Not In Love
38,5HQEmiV2lKnSO6qa2fsR7x,Eternal Sunshine of the Spotless Mind,I'm Not In Love
152601,5HQEmiV2lKnSO6qa2fsR7x,Her,I'm Not In Love
843,5HQEmiV2lKnSO6qa2fsR7x,In the Mood for Love,I'm Not In Love
153,5HQEmiV2lKnSO6qa2fsR7x,Lost in Translation,I'm Not In Love
5915,4J0DbyODwZJcmIAiTSJfMF,Into the Wild,Annie's Song
13,4J0DbyODwZJcmIAiTSJfMF,Forrest Gump,Annie's Song
11036,4J0DbyODwZJcmIAiTSJfMF,The Notebook,Annie's Song
207,4J0DbyODwZJcmIAiTSJfMF,Dead Poets Society,Annie's Song
8392,4J0DbyODwZJcmIAiTSJfMF,My Neighbor Totoro,Annie's Song
627,2AX5E86cn9n2dgioZEjirI,Trainspotting,Golden Brown
680,2AX5E86cn9n2dgioZEjirI,Pulp Fiction,Golden Brown
36557,2AX5E86cn9n2dgioZEjirI,Casino Royale,Golden Brown
115,2AX5E86cn9n2dgioZEjirI,The Big Lebowski,Golden Brown
1104,2AX5E86cn9n2dgioZEjirI,Mad Men,Golden Brown
619,3l3xTXsUXeWlkPqzMs7mPD,The Bodyguard,End Of The Road
1416,3l3xTXsUXeWlkPqzMs7mPD,Grey's Anatomy,End Of The Road
251,3l3xTXsUXeWlkPqzMs7mPD,Ghost,End Of The Road
597,3l3xTXsUXeWlkPqzMs7mPD,Titanic,End Of The Road
11036,3l3xTXsUXeWlkPqzMs7mPD,The Notebook,End Of The Road
744,78FHUZRbFDCG6VkRAQdFLm,Top Gun,Broken Wings
64690,78FHUZRbFDCG6VkRAQdFLm,Drive,Broken Wings
1416,78FHUZRbFDCG6VkRAQdFLm,Grey's Anatomy,Broken Wings
66732,78FHUZRbFDCG6VkRAQdFLm,Stranger Things,Broken Wings
624,78FHUZRbFDCG6VkRAQdFLm,Easy Rider,Broken Wings
66732,48p5E25cFPanxuwCTmTpuL,Stranger Things,The Promise
1359,48p5E25cFPanxuwCTmTpuL,American Psycho,The Promise
64690,48p5E25cFPanxuwCTmTpuL,Drive,The Promise
141,48p5E25cFPanxuwCTmTpuL,Donnie Darko,The Promise
42009,48p5E25cFPanxuwCTmTpuL,Black Mirror,The Promise
346698,3kMrazSvILsgcwtidZd1Qd,Barbie,Bulletproof
85552,3kMrazSvILsgcwtidZd1Qd,Euphoria,Bulletproof
10625,3kMrazSvILsgcwtidZd1Qd,Mean Girls,Bulletproof
22538,3kMrazSvILsgcwtidZd1Qd,Scott Pilgrim vs. the World,Bulletproof
42009,3kMrazSvILsgcwtidZd1Qd,Black Mirror,Bulletproof
10625,5YJtMNWKe55yr49cyJgxva,Mean Girls,Everytime We Touch
346698,5YJtMNWKe55yr49cyJgxva,Barbie,Everytime We Touch
900,5YJtMNWKe55yr49cyJgxva,Skins,Everytime We Touch
85552,5YJtMNWKe55yr49cyJgxva,Euphoria,Everytime We Touch
11009,5YJtMNWKe55yr49cyJgxva,Saturday Night Fever,Everytime We Touch
5915,76TZCvJ8GitQ2FA1q5dKu0,Into the Wild,The Boxer
37247,76TZCvJ8GitQ2FA1q5dKu0,The Graduate,The Boxer
13,76TZCvJ8GitQ2FA1q5dKu0,Forrest Gump,The Boxer
624,76TZCvJ8GitQ2FA1q5dKu0,Easy Rider,The Boxer
207,76TZCvJ8GitQ2FA1q5dKu0,Dead Poets Society,The Boxer
509,0gPQTLaqHDgdupKEok7J2x,Notting Hill,7 Days
1668,0gPQTLaqHDgdupKEok7J2x,Friends,7 Days
900,0gPQTLaqHDgdupKEok7J2x,Skins,7 Days
65495,0gPQTLaqHDgdupKEok7J2x,Atlanta,7 Days
11631,0gPQTLaqHDgdupKEok7J2x,Mamma Mia!,7 Days
11631,3TlIt0ReIxPsVZcOEivT5U,Mamma Mia!,It's Not Unusual
680,3TlIt0ReIxPsVZcOEivT5U,Pulp Fiction,It's Not Unusual
8872,3TlIt0ReIxPsVZcOEivT5U,Wayne's World,It's Not Unusual
161,3TlIt0ReIxPsVZcOEivT5U,Ocean's Eleven,It's Not Unusual
77338,3TlIt0ReIxPsVZcOEivT5U,The Intouchables,It's Not Unusual
11036,7DFawVSjI88xR9mjnWwURg,The Notebook,If You Don't Know Me by Now - 2008 Remaster
89905,7DFawVSjI88xR9mjnWwURg,Normal People,If You Don't Know Me by Now - 2008 Remaster
1416,7DFawVSjI88xR9mjnWwURg,Grey's Anatomy,If You Don't Know Me by Now - 2008 Remaster
67070,7DFawVSjI88xR9mjnWwURg,Fleabag,If You Don't Know Me by Now - 2008 Remaster
509,7DFawVSjI88xR9mjnWwURg,Notting Hill,If You Don't Know Me by Now - 2008 Remaster
67070,7MDfN1ldfTMtuXXdVz2Pzc,Fleabag,Tears Dry On Their Own
89905,7MDfN1ldfTMtuXXdVz2Pzc,Normal People,Tears Dry On Their Own
391713,7MDfN1ldfTMtuXXdVz2Pzc,Lady Bird,Tears Dry On Their Own
1104,7MDfN1ldfTMtuXXdVz2Pzc,Mad Men,Tears Dry On Their Own
65495,7MDfN1ldfTMtuXXdVz2Pzc,Atlanta,Tears Dry On Their Own
11036,6HPLeKiNm92RbykX2BDTUB,The Notebook,Stuck On You
13,6HPLeKiNm92RbykX2BDTUB,Forrest Gump,Stuck On You
509,6HPLeKiNm92RbykX2BDTUB,Notting Hill,Stuck On You
114,6HPLeKiNm92RbykX2BDTUB,Pretty Woman,Stuck On You
597,6HPLeKiNm92RbykX2BDTUB,Titanic,Stuck On You
11036,0vB4Vd6PtkJSEnWsmqATnZ,The Notebook,Nothing's Gonna Change My Love for You
114,0vB4Vd6PtkJSEnWsmqATnZ,Pretty Woman,Nothing's Gonna Change My Love for You
289,0vB4Vd6PtkJSEnWsmqATnZ,Casablanca,Nothing's Gonna Change My Love for You
509,0vB4Vd6PtkJSEnWsmqATnZ,Notting Hill,Nothing's Gonna Change My Love for You
4348,0vB4Vd6PtkJSEnWsmqATnZ,Pride & Prejudice,Nothing's Gonna Change My Love for You
114,4kOfxxnW1ukZdsNbCKY9br,Pretty Woman,What's Love Got to Do with It
1104,4kOfxxnW1ukZdsNbCKY9br,Mad Men,What's Love Got to Do with It
1416,4kOfxxnW1ukZdsNbCKY9br,Grey's Anatomy,What's Love Got to Do with It
65494,4kOfxxnW1ukZdsNbCKY9br,The Crown,What's Love Got to Do with It
619,4kOfxxnW1ukZdsNbCKY9br,The Bodyguard,What's Love Got to Do with It
11631,5IKLwqBQG6KU6MP2zP80Nu,Mamma Mia!,We Are Family - 1995 Remaster
97546,5IKLwqBQG6KU6MP2zP80Nu,Ted Lasso,We Are Family - 1995 Remaster
11009,5IKLwqBQG6KU6MP2zP80Nu,Saturday Night Fever,We Are Family - 1995 Remaster
525,5IKLwqBQG6KU6MP2zP80Nu,The Blues Brothers,We Are Family - 1995 Remaster
773,5IKLwqBQG6KU6MP2zP80Nu,Little Miss Sunshine,We Are Family - 1995 Remaster
13,7MF7QAodbGzNYav5ZfIhAY,Forrest Gump,Midnight Train to Georgia
624,7MF7QAodbGzNYav5ZfIhAY,Easy Rider,Midnight Train to Georgia
801,7MF7QAodbGzNYav5ZfIhAY,"Good Morning, Vietnam",Midnight Train to Georgia
289,7MF7QAodbGzNYav5ZfIhAY,Casablanca,Midnight Train to Georgia
525,7MF7QAodbGzNYav5ZfIhAY,The Blues Brothers,Midnight Train to Georgia
11009,3qI94hINNNeb4S7xQi18lS,Saturday Night Fever,Blame It on the Boogie
11631,3qI94hINNNeb4S7xQi18lS,Mamma Mia!,Blame It on the Boogie
680,3qI94hINNNeb4S7xQi18lS,Pulp Fiction,Blame It on the Boogie
66732,3qI94hINNNeb4S7xQi18lS,Stranger Things,Blame It on the Boogie
346698,3qI94hINNNeb4S7xQi18lS,Barbie,Blame It on the Boogie
11009,5uuJruktM9fMdN9Va0DUMl,Saturday Night Fever,Play That Funky Music
680,5uuJruktM9fMdN9Va0DUMl,Pulp Fiction,Play That Funky Music
8872,5uuJruktM9fMdN9Va0DUMl,Wayne's World,Play That Funky Music
11631,5uuJruktM9fMdN9Va0DUMl,Mamma Mia!,Play That Funky Music
118340,5uuJruktM9fMdN9Va0DUMl,Guardians of the Galaxy,Play That Funky Music
597,6Hu6dzwlvoyg3zBUC8k4BK,Titanic,Sailing
37165,6Hu6dzwlvoyg3zBUC8k4BK,The Truman Show,Sailing
509,6Hu6dzwlvoyg3zBUC8k4BK,Notting Hill,Sailing
13,6Hu6dzwlvoyg3zBUC8k4BK,Forrest Gump,Sailing
22,6Hu6dzwlvoyg3zBUC8k4BK,Pirates of the Caribbean: The Curse of the Black Pearl,Sailing
562,2EjXfH91m7f8HiJN1yQg97,Die Hard,Rockin' Around The Christmas Tree
1668,2EjXfH91m7f8HiJN1yQg97,Friends,Rockin' Around The Christmas Tree
2316,2EjXfH91m7f8HiJN1yQg97,The Office,Rockin' Around The Christmas Tree
456,2EjXfH91m7f8HiJN1yQg97,The Simpsons,Rockin' Around The Christmas Tree
97546,2EjXfH91m7f8HiJN1yQg97,Ted Lasso,Rockin' Around The Christmas Tree
525,5dUMh0ugelpKfoFp3qChuK,The Blues Brothers,Hit the Road Jack
801,5dUMh0ugelpKfoFp3qChuK,"Good Morning, Vietnam",Hit the Road Jack
13,5dUMh0ugelpKfoFp3qChuK,Forrest Gump,Hit the Road Jack
1104,5dUMh0ugelpKfoFp3qChuK,Mad Men,Hit the Road Jack
36557,5dUMh0ugelpKfoFp3qChuK,Casino Royale,Hit the Road Jack
13,7uEcCGtM1FBBGIhPozhJjv,Forrest Gump,Daydream Believer
1668,7uEcCGtM1FBBGIhPozhJjv,Friends,Daydream Believer
624,7uEcCGtM1FBBGIhPozhJjv,Easy Rider,Daydream Believer
786,7uEcCGtM1FBBGIhPozhJjv,Almost Famous,Daydream Believer
11631,7uEcCGtM1FBBGIhPozhJjv,Mamma Mia!,Daydream Believer
786,1udKn1oNKYQSQ9OmiIWCMu,Almost Famous,Do You Believe in Magic?
13,1udKn1oNKYQSQ9OmiIWCMu,Forrest Gump,Do You Believe in Magic?
671,1udKn1oNKYQSQ9OmiIWCMu,Harry Potter and the Philosopher's Stone,Do You Believe in Magic?
624,1udKn1oNKYQSQ9OmiIWCMu,Easy Rider,Do You Believe in Magic?
105,1udKn1oNKYQSQ9OmiIWCMu,Back to the Future,Do You Believe in Magic?
1104,1zusIxNqJu8i4g6P6hJ2Qa,Mad Men,Mercy
60574,1zusIxNqJu8i4g6P6hJ2Qa,Peaky Blinders,Mercy
680,1zusIxNqJu8i4g6P6hJ2Qa,Pulp Fiction,Mercy
161,1zusIxNqJu8i4g6P6hJ2Qa,Ocean's Eleven,Mercy
10625,1zusIxNqJu8i4g6P6hJ2Qa,Mean Girls,Mercy
1104,1Hv1VTm8zeOeybub15mA2R,Mad Men,Smooth Operator - Single Version
36557,1Hv1VTm8zeOeybub15mA2R,Casino Royale,Smooth Operator - Single Version
161,1Hv1VTm8zeOeybub15mA2R,Ocean's Eleven,Smooth Operator - Single Version
1359,1Hv1VTm8zeOeybub15mA2R,American Psycho,Smooth Operator - Single Version
114,1Hv1VTm8zeOeybub15mA2R,Pretty Woman,Smooth Operator - Single Version
13,064SVQsmWl5EF0zahmzkQk,Forrest Gump,Let Your Love Flow
624,064SVQsmWl5EF0zahmzkQk,Easy Rider,Let Your Love Flow
11631,064SVQsmWl5EF0zahmzkQk,Mamma Mia!,Let Your Love Flow
786,064SVQsmWl5EF0zahmzkQk,Almost Famous,Let Your Love Flow
5915,064SVQsmWl5EF0zahmzkQk,Into the Wild,Let Your Love Flow
153,7H3ojI1BsVy0dEJENqMt1k,Lost in Translation,By Your Side
843,7H3ojI1BsVy0dEJENqMt1k,In the Mood for Love,By Your Side
152601,7H3ojI1BsVy0dEJENqMt1k,Her,By Your Side
1104,7H3ojI1BsVy0dEJENqMt1k,Mad Men,By Your Side
89905,7H3ojI1BsVy0dEJENqMt1k,Normal People,By Your Side
141,4jhsuQCUCJKA5f0bXb6XdJ,Donnie Darko,It's My Life - 1997 Remaster
66732,4jhsuQCUCJKA5f0bXb6XdJ,Stranger Things,It's My Life - 1997 Remaster
64690,4jhsuQCUCJKA5f0bXb6XdJ,Drive,It's My Life - 1997 Remaster
1359,4jhsuQCUCJKA5f0bXb6XdJ,American Psycho,It's My Life - 1997 Remaster
42009,4jhsuQCUCJKA5f0bXb6XdJ,Black Mirror,It's My Life - 1997 Remaster
10625,2hHLbkatPwOOmrNxTiD41L,Mean Girls,I Really Like You
346698,2hHLbkatPwOOmrNxTiD41L,Barbie,I Really Like You
1668,2hHLbkatPwOOmrNxTiD41L,Friends,I Really Like You
900,2hHLbkatPwOOmrNxTiD41L,Skins,I Really Like You
391713,2hHLbkatPwOOmrNxTiD41L,Lady Bird,I Really Like You
509,7ojJ4XvqBhBcteM0zjMebT,Notting Hill,(I Can't Help) Falling In Love With You
11631,7ojJ4XvqBhBcteM0zjMebT,Mamma Mia!,(I Can't Help) Falling In Love With You
13,7ojJ4XvqBhBcteM0zjMebT,Forrest Gump,(I Can't Help) Falling In Love With You
11036,7ojJ4XvqBhBcteM0zjMebT,The Notebook,(I Can't Help) Falling In Love With You
114,7ojJ4XvqBhBcteM0zjMebT,Pretty Woman,(I Can't Help) Falling In Love With You
1416,05fHQeRbCSjKVS6z0WbQKJ,Grey's Anatomy,Every Time You Go Away - Radio Edit
88,05fHQeRbCSjKVS6z0WbQKJ,Dirty Dancing,Every Time You Go Away - Radio Edit
114,05fHQeRbCSjKVS6z0WbQKJ,Pretty Woman,Every Time You Go Away - Radio Edit
89905,05fHQeRbCSjKVS6z0WbQKJ,Normal People,Every Time You Go Away - Radio Edit
597,05fHQeRbCSjKVS6z0WbQKJ,Titanic,Every Time You Go Away - Radio Edit
194,2d8D7uk3tbAThjRkdfrx9c,Amélie,Voyage voyage
71446,2d8D7uk3tbAThjRkdfrx9c,Money Heist,Voyage voyage
66732,2d8D7uk3tbAThjRkdfrx9c,Stranger Things,Voyage voyage
824,2d8D7uk3tbAThjRkdfrx9c,Moulin Rouge!,Voyage voyage
11009,2d8D7uk3tbAThjRkdfrx9c,Saturday Night Fever,Voyage voyage
509,0bfvHnWWOeU1U5XeKyVLbW,Notting Hill,Can't Take My Eyes off You
114,0bfvHnWWOeU1U5XeKyVLbW,Pretty Woman,Can't Take My Eyes off You
11631,0bfvHnWWOeU1U5XeKyVLbW,Mamma Mia!,Can't Take My Eyes off You
1668,0bfvHnWWOeU1U5XeKyVLbW,Friends,Can't Take My Eyes off You
88,0bfvHnWWOeU1U5XeKyVLbW,Dirty Dancing,Can't Take My Eyes off You
11631,5lWSa1rmuSL6OBPOnkAqoa,Mamma Mia!,Rasputin
824,5lWSa1rmuSL6OBPOnkAqoa,Moulin Rouge!,Rasputin
8872,5lWSa1rmuSL6OBPOnkAqoa,Wayne's World,Rasputin
11009,5lWSa1rmuSL6OBPOnkAqoa,Saturday Night Fever,Rasputin
71446,5lWSa1rmuSL6OBPOnkAqoa,Money Heist,Rasputin
744,4U6mBgGP8FXN6UH4T3AJhu,Top Gun,"Up Where We Belong - From ""An Officer And A Gentleman"""
597,4U6mBgGP8FXN6UH4T3AJhu,Titanic,"Up Where We Belong - From ""An Officer And A Gentleman"""
88,4U6mBgGP8FXN6UH4T3AJhu,Dirty Dancing,"Up Where We Belong - From ""An Officer And A Gentleman"""
114,4U6mBgGP8FXN6UH4T3AJhu,Pretty Woman,"Up Where We Belong - From ""An Officer And A Gentleman"""
619,4U6mBgGP8FXN6UH4T3AJhu,The Bodyguard,"Up Where We Belong - From ""An Officer And A Gentleman"""
744,7b4yGtR0rujvLi5EBfKKJ2,Top Gun,Take Me Home Tonight
9377,7b4yGtR0rujvLi5EBfKKJ2,Ferris Bueller's Day Off,Take Me Home Tonight
105,7b4yGtR0rujvLi5EBfKKJ2,Back to the Future,Take Me Home Tonight
66732,7b4yGtR0rujvLi5EBfKKJ2,Stranger Things,Take Me Home Tonight
88,7b4yGtR0rujvLi5EBfKKJ2,Dirty Dancing,Take Me Home Tonight
289,0zGLlXbHlrAyBN1x6sY0rb,Casablanca,A Sunday Kind Of Love
1104,0zGLlXbHlrAyBN1x6sY0rb,Mad Men,A Sunday Kind Of Love
824,0zGLlXbHlrAyBN1x6sY0rb,Moulin Rouge!,A Sunday Kind Of Love
509,0zGLlXbHlrAyBN1x6sY0rb,Notting Hill,A Sunday Kind Of Love
11036,0zGLlXbHlrAyBN1x6sY0rb,The Notebook,A Sunday Kind Of Love
11009,4GhtDORJiSRYxj6M1bv0vX,Saturday Night Fever,Love Really Hurts Without You
621,4GhtDORJiSRYxj6M1bv0vX,Grease,Love Really Hurts Without You
11631,4GhtDORJiSRYxj6M1bv0vX,Mamma Mia!,Love Really Hurts Without You
88,4GhtDORJiSRYxj6M1bv0vX,Dirty Dancing,Love Really Hurts Without You
114,4GhtDORJiSRYxj6M1bv0vX,Pretty Woman,Love Really Hurts Without You
1416,3TwtrR1yNLY1PMPsrGQpOp,Grey's Anatomy,Superman (It's Not Easy)
324857,3TwtrR1yNLY1PMPsrGQpOp,Spider-Man: Into the Spider-Verse,Superman (It's Not Easy)
299534,3TwtrR1yNLY1PMPsrGQpOp,Avengers: Endgame,Superman (It's Not Easy)
4607,3TwtrR1yNLY1PMPsrGQpOp,Lost,Superman (It's Not Easy)
54344,3TwtrR1yNLY1PMPsrGQpOp,The Leftovers,Superman (It's Not Easy)
105,1YGZyfvdgZxzipWoWYVKxi,Back to the Future,Kids In America
66732,1YGZyfvdgZxzipWoWYVKxi,Stranger Things,Kids In America
2108,1YGZyfvdgZxzipWoWYVKxi,The Breakfast Club,Kids In America
9377,1YGZyfvdgZxzipWoWYVKxi,Ferris Bueller's Day Off,Kids In America
744,1YGZyfvdgZxzipWoWYVKxi,Top Gun,Kids In America
11009,1cU34sZG9kF4FYHCoAD0Ib,Saturday Night Fever,Some Kind Of Wonderful - Remastered 1999
621,1cU34sZG9kF4FYHCoAD0Ib,Grease,Some Kind Of Wonderful - Remastered 1999
13,1cU34sZG9kF4FYHCoAD0Ib,Forrest Gump,Some Kind Of Wonderful - Remastered 1999
786,1cU34sZG9kF4FYHCoAD0Ib,Almost Famous,Some Kind Of Wonderful - Remastered 1999
88,1cU34sZG9kF4FYHCoAD0Ib,Dirty Dancing,Some Kind Of Wonderful - Remastered 1999
13,28285KFbyCq8sJofn58qlD,Forrest Gump,Love Train
11631,28285KFbyCq8sJofn58qlD,Mamma Mia!,Love Train
97546,28285KFbyCq8sJofn58qlD,Ted Lasso,Love Train
801,28285KFbyCq8sJofn58qlD,"Good Morning, Vietnam",Love Train
77338,28285KFbyCq8sJofn58qlD,The Intouchables,Love Train
11009,3SnGymj6ijE2iuUfWxLo1q,Saturday Night Fever,I'm Coming Out
346698,3SnGymj6ijE2iuUfWxLo1q,Barbie,I'm Coming Out
85552,3SnGymj6ijE2iuUfWxLo1q,Euphoria,I'm Coming Out
11631,3SnGymj6ijE2iuUfWxLo1q,Mamma Mia!,I'm Coming Out
824,3SnGymj6ijE2iuUfWxLo1q,Moulin Rouge!,I'm Coming Out
114,3ZYO0HGRFFdAGeb8o7F9KC,Pretty Woman,"You're The First, The Last, My Everything - Single Version"
11009,3ZYO0HGRFFdAGeb8o7F9KC,Saturday Night Fever,"You're The First, The Last, My Everything - Single Version"
1104,3ZYO0HGRFFdAGeb8o7F9KC,Mad Men,"You're The First, The Last, My Everything - Single Version"
88,3ZYO0HGRFFdAGeb8o7F9KC,Dirty Dancing,"You're The First, The Last, My Everything - Single Version"
619,3ZYO0HGRFFdAGeb8o7F9KC,The Bodyguard,"You're The First, The Last, My Everything - Single Version"
207,2A6yzRGMgSQCUapR2ptm6A,Dead Poets Society,True Colors
773,2A6yzRGMgSQCUapR2ptm6A,Little Miss Sunshine,True Colors
1416,2A6yzRGMgSQCUapR2ptm6A,Grey's Anatomy,True Colors
97546,2A6yzRGMgSQCUapR2ptm6A,Ted Lasso,True Colors
77338,2A6yzRGMgSQCUapR2ptm6A,The Intouchables,True Colors
11036,52VIdyKqp1pJRSyUQaxKUA,The Notebook,Everything I Own
13,52VIdyKqp1pJRSyUQaxKUA,Forrest Gump,Everything I Own
5915,52VIdyKqp1pJRSyUQaxKUA,Into the Wild,Everything I Own
1416,52VIdyKqp1pJRSyUQaxKUA,Grey's Anatomy,Everything I Own
4348,52VIdyKqp1pJRSyUQaxKUA,Pride & Prejudice,Everything I Own
744,0rmGAIH9LNJewFw7nKzZnc,Top Gun,You Give Love A Bad Name
8872,0rmGAIH9LNJewFw7nKzZnc,Wayne's World,You Give Love A Bad Name
1371,0rmGAIH9LNJewFw7nKzZnc,Rocky III,You Give Love A Bad Name
66732,0rmGAIH9LNJewFw7nKzZnc,Stranger Things,You Give Love A Bad Name
620,0rmGAIH9LNJewFw7nKzZnc,Ghostbusters,You Give Love A Bad Name
66732,0GONea6G2XdnHWjNZd6zt3,Stranger Things,Summer Of '69
786,0GONea6G2XdnHWjNZd6zt3,Almost Famous,Summer Of '69
105,0GONea6G2XdnHWjNZd6zt3,Back to the Future,Summer Of '69
13,0GONea6G2XdnHWjNZd6zt3,Forrest Gump,Summer Of '69
624,0GONea6G2XdnHWjNZd6zt3,Easy Rider,Summer Of '69
391713,4EchqUKQ3qAQuRNKmeIpnf,Lady Bird,The Kids Aren't Alright
84892,4EchqUKQ3qAQuRNKmeIpnf,The Perks of Being a Wallflower,The Kids Aren't Alright
900,4EchqUKQ3qAQuRNKmeIpnf,Skins,The Kids Aren't Alright
66732,4EchqUKQ3qAQuRNKmeIpnf,Stranger Things,The Kids Aren't Alright
207,4EchqUKQ3qAQuRNKmeIpnf,Dead Poets Society,The Kids Aren't Alright
1416,77loZpT5Y5PRP1S451P9Yz,Grey's Anatomy,The Reason
11036,77loZpT5Y5PRP1S451P9Yz,The Notebook,The Reason
1668,77loZpT5Y5PRP1S451P9Yz,Friends,The Reason
8966,77loZpT5Y5PRP1S451P9Yz,Twilight,The Reason
900,77loZpT5Y5PRP1S451P9Yz,Skins,The Reason
1429,0WSa1sucoNRcEeULlZVQXj,Attack on Titan,Can You Feel My Heart
94605,0WSa1sucoNRcEeULlZVQXj,Arcane,Can You Feel My Heart
62560,0WSa1sucoNRcEeULlZVQXj,Mr. Robot,Can You Feel My Heart
70523,0WSa1sucoNRcEeULlZVQXj,Dark,Can You Feel My Heart
890,0WSa1sucoNRcEeULlZVQXj,Neon Genesis Evangelion,Can You Feel My Heart
22538,6TfBA04WJ3X1d1wXhaCFVT,Scott Pilgrim vs. the World,"You're Gonna Go Far, Kid"
747,6TfBA04WJ3X1d1wXhaCFVT,Shaun of the Dead,"You're Gonna Go Far, Kid"
900,6TfBA04WJ3X1d1wXhaCFVT,Skins,"You're Gonna Go Far, Kid"
9377,6TfBA04WJ3X1d1wXhaCFVT,Ferris Bueller's Day Off,"You're Gonna Go Far, Kid"
8872,6TfBA04WJ3X1d1wXhaCFVT,Wayne's World,"You're Gonna Go Far, Kid"
346698,1yjY7rpaAQvKwpdUliHx0d,Barbie,Still into You
97546,1yjY7rpaAQvKwpdUliHx0d,Ted Lasso,Still into You
391713,1yjY7rpaAQvKwpdUliHx0d,Lady Bird,Still into You
11631,1yjY7rpaAQvKwpdUliHx0d,Mamma Mia!,Still into You
19913,1yjY7rpaAQvKwpdUliHx0d,(500) Days of Summer,Still into You
67070,7z84Fwf1R3Z2BwHCP620CI,Fleabag,This Is Why
95396,7z84Fwf1R3Z2BwHCP620CI,Severance,This Is Why
76331,7z84Fwf1R3Z2BwHCP620CI,Succession,This Is Why
391713,7z84Fwf1R3Z2BwHCP620CI,Lady Bird,This Is Why
65495,7z84Fwf1R3Z2BwHCP620CI,Atlanta,This Is Why
786,2aibwv5hGXSgw7Yru8IYTO,Almost Famous,Snow (Hey Oh)
1396,2aibwv5hGXSgw7Yru8IYTO,Breaking Bad,Snow (Hey Oh)
624,2aibwv5hGXSgw7Yru8IYTO,Easy Rider,Snow (Hey Oh)
76341,2aibwv5hGXSgw7Yru8IYTO,Mad Max: Fury Road,Snow (Hey Oh)
5915,2aibwv5hGXSgw7Yru8IYTO,Into the Wild,Snow (Hey Oh)
8872,4LJhJ6DQS7NwE7UKtvcM52,Wayne's World,What's My Age Again?
747,4LJhJ6DQS7NwE7UKtvcM52,Shaun of the Dead,What's My Age Again?
9377,4LJhJ6DQS7NwE7UKtvcM52,Ferris Bueller's Day Off,What's My Age Again?
10625,4LJhJ6DQS7NwE7UKtvcM52,Mean Girls,What's My Age Again?
900,4LJhJ6DQS7NwE7UKtvcM52,Skins,What's My Age Again?
60625,1foMv2HQwfQ2vntFf9HFeG,Rick and Morty,Rhinestone Eyes
30991,1foMv2HQwfQ2vntFf9HFeG,Cowboy Bebop,Rhinestone Eyes
22538,1foMv2HQwfQ2vntFf9HFeG,Scott Pilgrim vs. the World,Rhinestone Eyes
118340,1foMv2HQwfQ2vntFf9HFeG,Guardians of the Galaxy,Rhinestone Eyes
42009,1foMv2HQwfQ2vntFf9HFeG,Black Mirror,Rhinestone Eyes
624,20OFwXhEXf12DzwXmaV7fj,Easy Rider,Bad Moon Rising
13,20OFwXhEXf12DzwXmaV7fj,Forrest Gump,Bad Moon Rising
801,20OFwXhEXf12DzwXmaV7fj,"Good Morning, Vietnam",Bad Moon Rising
115,20OFwXhEXf12DzwXmaV7fj,The Big Lebowski,Bad Moon Rising
28,20OFwXhEXf12DzwXmaV7fj,Apocalypse Now,Bad Moon Rising
10625,3Zwu2K0Qa5sT6teCCHPShP,Mean Girls,Thnks fr th Mmrs
22538,3Zwu2K0Qa5sT6teCCHPShP,Scott Pilgrim vs. the World,Thnks fr th Mmrs
900,3Zwu2K0Qa5sT6teCCHPShP,Skins,Thnks fr th Mmrs
8872,3Zwu2K0Qa5sT6teCCHPShP,Wayne's World,Thnks fr th Mmrs
1359,3Zwu2K0Qa5sT6teCCHPShP,American Psycho,Thnks fr th Mmrs
87108,3ovjw5HZZv43SxTwApooCM,Chernobyl,Wind Of Change
582,3ovjw5HZZv43SxTwApooCM,The Lives of Others,Wind Of Change
801,3ovjw5HZZv43SxTwApooCM,"Good Morning, Vietnam",Wind Of Change
13,3ovjw5HZZv43SxTwApooCM,Forrest Gump,Wind Of Change
374720,3ovjw5HZZv43SxTwApooCM,Dunkirk,Wind Of Change
744,1JLn8RhQzHz3qDqsChcmBl,Top Gun,I Want to Know What Love Is - 1999 Remaster
88,1JLn8RhQzHz3qDqsChcmBl,Dirty Dancing,I Want to Know What Love Is - 1999 Remaster
1371,1JLn8RhQzHz3qDqsChcmBl,Rocky III,I Want to Know What Love Is - 1999 Remaster
597,1JLn8RhQzHz3qDqsChcmBl,Titanic,I Want to Know What Love Is - 1999 Remaster
619,1JLn8RhQzHz3qDqsChcmBl,The Bodyguard,I Want to Know What Love Is - 1999 Remaster
624,4JiEyzf0Md7KEFFGWDDdCr,Easy Rider,Knockin' On Heaven's Door
857,4JiEyzf0Md7KEFFGWDDdCr,Saving Private Ryan,Knockin' On Heaven's Door
28,4JiEyzf0Md7KEFFGWDDdCr,Apocalypse Now,Knockin' On Heaven's Door
1396,4JiEyzf0Md7KEFFGWDDdCr,Breaking Bad,Knockin' On Heaven's Door
335,4JiEyzf0Md7KEFFGWDDdCr,Once Upon a Time in the West,Knockin' On Heaven's Door
786,10Nmj3JCNoMeBQ87uw5j8k,Almost Famous,Dani California
624,10Nmj3JCNoMeBQ87uw5j8k,Easy Rider,Dani California
1396,10Nmj3JCNoMeBQ87uw5j8k,Breaking Bad,Dani California
773,10Nmj3JCNoMeBQ87uw5j8k,Little Miss Sunshine,Dani California
4607,10Nmj3JCNoMeBQ87uw5j8k,Lost,Dani California
744,7N3PAbqfTjSEU1edb2tY8j,Top Gun,Jump - 2015 Remaster
9377,7N3PAbqfTjSEU1edb2tY8j,Ferris Bueller's Day Off,Jump - 2015 Remaster
66732,7N3PAbqfTjSEU1edb2tY8j,Stranger Things,Jump - 2015 Remaster
8872,7N3PAbqfTjSEU1edb2tY8j,Wayne's World,Jump - 2015 Remaster
105,7N3PAbqfTjSEU1edb2tY8j,Back to the Future,Jump - 2015 Remaster
1584,7LRMbd3LEoV5wZJvXT1Lwb,The School of Rock,T.N.T.
8872,7LRMbd3LEoV5wZJvXT1Lwb,Wayne's World,T.N.T.
10138,7LRMbd3LEoV5wZJvXT1Lwb,Iron Man 2,T.N.T.
118340,7LRMbd3LEoV5wZJvXT1Lwb,Guardians of the Galaxy,T.N.T.
76341,7LRMbd3LEoV5wZJvXT1Lwb,Mad Max: Fury Road,T.N.T.
62560,3YuaBvuZqcwN3CEAyyoaei,Mr. Robot,Like a Stone
1396,3YuaBvuZqcwN3CEAyyoaei,Breaking Bad,Like a Stone
54344,3YuaBvuZqcwN3CEAyyoaei,The Leftovers,Like a Stone
210577,3YuaBvuZqcwN3CEAyyoaei,Gone Girl,Like a Stone
273481,3YuaBvuZqcwN3CEAyyoaei,Sicario,Like a Stone
680,2hnMS47jN0etwvFPzYk11f,Pulp Fiction,Santeria
624,2hnMS47jN0etwvFPzYk11f,Easy Rider,Santeria
115,2hnMS47jN0etwvFPzYk11f,The Big Lebowski,Santeria
627,2hnMS47jN0etwvFPzYk11f,Trainspotting,Santeria
1396,2hnMS47jN0etwvFPzYk11f,Breaking Bad,Santeria
773,4ofwffwvvnbSkrMSCKQDaC,Little Miss Sunshine,Shotgun
5915,4ofwffwvvnbSkrMSCKQDaC,Into the Wild,Shotgun
97546,4ofwffwvvnbSkrMSCKQDaC,Ted Lasso,Shotgun
11631,4ofwffwvvnbSkrMSCKQDaC,Mamma Mia!,Shotgun
786,4ofwffwvvnbSkrMSCKQDaC,Almost Famous,Shotgun
11631,2MLHyLy5z5l5YRp7momlgw,Mamma Mia!,Island In The Sun
97546,2MLHyLy5z5l5YRp7momlgw,Ted Lasso,Island In The Sun
624,2MLHyLy5z5l5YRp7momlgw,Easy Rider,Island In The Sun
111803,2MLHyLy5z5l5YRp7momlgw,The White Lotus,Island In The Sun
773,2MLHyLy5z5l5YRp7momlgw,Little Miss Sunshine,Island In The Sun
62560,0EYOdF5FCkgOJJla8DI2Md,Mr. Robot,B.Y.O.B.
550,0EYOdF5FCkgOJJla8DI2Md,Fight Club,B.Y.O.B.
1429,0EYOdF5FCkgOJJla8DI2Md,Attack on Titan,B.Y.O.B.
42009,0EYOdF5FCkgOJJla8DI2Md,Black Mirror,B.Y.O.B.
76341,0EYOdF5FCkgOJJla8DI2Md,Mad Max: Fury Road,B.Y.O.B.
624,4yugZvBYaoREkJKtbG08Qr,Easy Rider,Take It Easy - 2013 Remaster
773,4yugZvBYaoREkJKtbG08Qr,Little Miss Sunshine,Take It Easy - 2013 Remaster
786,4yugZvBYaoREkJKtbG08Qr,Almost Famous,Take It Easy - 2013 Remaster
115,4yugZvBYaoREkJKtbG08Qr,The Big Lebowski,Take It Easy - 2013 Remaster
13,4yugZvBYaoREkJKtbG08Qr,Forrest Gump,Take It Easy - 2013 Remaster
8872,6KTv0Z8BmVqM7DPxbGzpVC,Wayne's World,Rock And Roll All Nite
1584,6KTv0Z8BmVqM7DPxbGzpVC,The School of Rock,Rock And Roll All Nite
786,6KTv0Z8BmVqM7DPxbGzpVC,Almost Famous,Rock And Roll All Nite
620,6KTv0Z8BmVqM7DPxbGzpVC,Ghostbusters,Rock And Roll All Nite
1371,6KTv0Z8BmVqM7DPxbGzpVC,Rocky III,Rock And Roll All Nite
89905,65gLJGey4u4KFFqoC5fzFJ,Normal People,Brother
60574,65gLJGey4u4KFFqoC5fzFJ,Peaky Blinders,Brother
900,65gLJGey4u4KFFqoC5fzFJ,Skins,Brother
54344,65gLJGey4u4KFFqoC5fzFJ,The Leftovers,Brother
76331,65gLJGey4u4KFFqoC5fzFJ,Succession,Brother
106646,7HKez549fwJQDzx3zLjHKC,The Wolf of Wall Street,Start Me Up - Remastered 2009
8872,7HKez549fwJQDzx3zLjHKC,Wayne's World,Start Me Up - Remastered 2009
1422,7HKez549fwJQDzx3zLjHKC,The Departed,Start Me Up - Remastered 2009
769,7HKez549fwJQDzx3zLjHKC,GoodFellas,Start Me Up - Remastered 2009
161,7HKez549fwJQDzx3zLjHKC,Ocean's Eleven,Start Me Up - Remastered 2009
62560,51c94ac31swyDQj9B3Lzs3,Mr. Robot,Change (In the House of Flies)
141,51c94ac31swyDQj9B3Lzs3,Donnie Darko,Change (In the House of Flies)
1920,51c94ac31swyDQj9B3Lzs3,Twin Peaks,Change (In the House of Flies)
44214,51c94ac31swyDQj9B3Lzs3,Black Swan,Change (In the House of Flies)
493922,51c94ac31swyDQj9B3Lzs3,Hereditary,Change (In the House of Flies)
84892,1xaTREM89RbIxkcjlpf4Uw,The Perks of Being a Wallflower,Heaven Knows I'm Miserable Now - 2011 Remaster
89905,1xaTREM89RbIxkcjlpf4Uw,Normal People,Heaven Knows I'm Miserable Now - 2011 Remaster
391713,1xaTREM89RbIxkcjlpf4Uw,Lady Bird,Heaven Knows I'm Miserable Now - 2011 Remaster
67070,1xaTREM89RbIxkcjlpf4Uw,Fleabag,Heaven Knows I'm Miserable Now - 2011 Remaster
900,1xaTREM89RbIxkcjlpf4Uw,Skins,Heaven Knows I'm Miserable Now - 2011 Remaster
361743,5OQsiBsky2k2kDKy2bX2eT,Top Gun: Maverick,Learn to Fly
744,5OQsiBsky2k2kDKy2bX2eT,Top Gun,Learn to Fly
49047,5OQsiBsky2k2kDKy2bX2eT,Gravity,Learn to Fly
14160,5OQsiBsky2k2kDKy2bX2eT,Up,Learn to Fly
97546,5OQsiBsky2k2kDKy2bX2eT,Ted Lasso,Learn to Fly
8872,2Cdvbe2G4hZsnhNMKyGrie,Wayne's World,I Love Rock 'N Roll
621,2Cdvbe2G4hZsnhNMKyGrie,Grease,I Love Rock 'N Roll
1584,2Cdvbe2G4hZsnhNMKyGrie,The School of Rock,I Love Rock 'N Roll
66732,2Cdvbe2G4hZsnhNMKyGrie,Stranger Things,I Love Rock 'N Roll
105,2Cdvbe2G4hZsnhNMKyGrie,Back to the Future,I Love Rock 'N Roll
900,6VoIBz0VhCyz7OdEoRYDiA,Skins,Say It Ain't So
391713,6VoIBz0VhCyz7OdEoRYDiA,Lady Bird,Say It Ain't So
84892,6VoIBz0VhCyz7OdEoRYDiA,The Perks of Being a Wallflower,Say It Ain't So
22538,6VoIBz0VhCyz7OdEoRYDiA,Scott Pilgrim vs. the World,Say It Ain't So
76331,6VoIBz0VhCyz7OdEoRYDiA,Succession,Say It Ain't So
84892,6ORqU0bHbVCRjXm9AjyHyZ,The Perks of Being a Wallflower,Good Riddance (Time of Your Life)
1668,6ORqU0bHbVCRjXm9AjyHyZ,Friends,Good Riddance (Time of Your Life)
207,6ORqU0bHbVCRjXm9AjyHyZ,Dead Poets Society,Good Riddance (Time of Your Life)
1416,6ORqU0bHbVCRjXm9AjyHyZ,Grey's Anatomy,Good Riddance (Time of Your Life)
391713,6ORqU0bHbVCRjXm9AjyHyZ,Lady Bird,Good Riddance (Time of Your Life)
11631,3Fzlg5r1IjhLk2qRw667od,Mamma Mia!,Dancing in the Moonlight
509,3Fzlg5r1IjhLk2qRw667od,Notting Hill,Dancing in the Moonlight
97546,3Fzlg5r1IjhLk2qRw667od,Ted Lasso,Dancing in the Moonlight
1668,3Fzlg5r1IjhLk2qRw667od,Friends,Dancing in the Moonlight
77338,3Fzlg5r1IjhLk2qRw667od,The Intouchables,Dancing in the Moonlight
890,42qNWdLKCI41S4uzfamhFM,Neon Genesis Evangelion,Duvet
30991,42qNWdLKCI41S4uzfamhFM,Cowboy Bebop,Duvet
62560,42qNWdLKCI41S4uzfamhFM,Mr. Robot,Duvet
149,42qNWdLKCI41S4uzfamhFM,Akira,Duvet
42009,42qNWdLKCI41S4uzfamhFM,Black Mirror,Duvet
786,5tVA6TkbaAH9QMITTQRrNv,Almost Famous,Free Fallin'
5915,5tVA6TkbaAH9QMITTQRrNv,Into the Wild,Free Fallin'
624,5tVA6TkbaAH9QMITTQRrNv,Easy Rider,Free Fallin'
115,5tVA6TkbaAH9QMITTQRrNv,The Big Lebowski,Free Fallin'
1104,5tVA6TkbaAH9QMITTQRrNv,Mad Men,Free Fallin'
900,1Dr1fXbc2IxaK1Mu8P8Khz,Skins,When I Come Around
747,1Dr1fXbc2IxaK1Mu8P8Khz,Shaun of the Dead,When I Come Around
9377,1Dr1fXbc2IxaK1Mu8P8Khz,Ferris Bueller's Day Off,When I Come Around
22538,1Dr1fXbc2IxaK1Mu8P8Khz,Scott Pilgrim vs. the World,When I Come Around
8872,1Dr1fXbc2IxaK1Mu8P8Khz,Wayne's World,When I Come Around
550,3IV4swNduIRunHREK80owz,Fight Club,Rollin' (Air Raid Vehicle)
62560,3IV4swNduIRunHREK80owz,Mr. Robot,Rollin' (Air Raid Vehicle)
603,3IV4swNduIRunHREK80owz,The Matrix,Rollin' (Air Raid Vehicle)
1359,3IV4swNduIRunHREK80owz,American Psycho,Rollin' (Air Raid Vehicle)
627,3IV4swNduIRunHREK80owz,Trainspotting,Rollin' (Air Raid Vehicle)
493922,6Nm8h73ycDG2saCnZV8poF,Hereditary,Dragula
9552,6Nm8h73ycDG2saCnZV8poF,The Exorcist,Dragula
948,6Nm8h73ycDG2saCnZV8poF,Halloween,Dragula
95,6Nm8h73ycDG2saCnZV8poF,Buffy the Vampire Slayer,Dragula
66732,6Nm8h73ycDG2saCnZV8poF,Stranger Things,Dragula
786,3qiyyUfYe7CRYLucrPmulD,Almost Famous,Baba O'Riley
28,3qiyyUfYe7CRYLucrPmulD,Apocalypse Now,Baba O'Riley
801,3qiyyUfYe7CRYLucrPmulD,"Good Morning, Vietnam",Baba O'Riley
1104,3qiyyUfYe7CRYLucrPmulD,Mad Men,Baba O'Riley
13,3qiyyUfYe7CRYLucrPmulD,Forrest Gump,Baba O'Riley
22538,46gSk82duJtX3TTA182ruG,Scott Pilgrim vs. the World,This fffire - New Version
900,46gSk82duJtX3TTA182ruG,Skins,This fffire - New Version
339403,46gSk82duJtX3TTA182ruG,Baby Driver,This fffire - New Version
62560,46gSk82duJtX3TTA182ruG,Mr. Robot,This fffire - New Version
747,46gSk82duJtX3TTA182ruG,Shaun of the Dead,This fffire - New Version
8966,0lP4HYLmvowOKdsQ7CVkuq,Twilight,The Kill
42009,0lP4HYLmvowOKdsQ7CVkuq,Black Mirror,The Kill
62560,0lP4HYLmvowOKdsQ7CVkuq,Mr. Robot,The Kill
475557,0lP4HYLmvowOKdsQ7CVkuq,Joker,The Kill
63247,0lP4HYLmvowOKdsQ7CVkuq,Westworld,The Kill
1429,3RAFcUBrCNaboRXoP3S5t1,Attack on Titan,Psychosocial
493922,3RAFcUBrCNaboRXoP3S5t1,Hereditary,Psychosocial
9552,3RAFcUBrCNaboRXoP3S5t1,The Exorcist,Psychosocial
76341,3RAFcUBrCNaboRXoP3S5t1,Mad Max: Fury Road,Psychosocial
670,3RAFcUBrCNaboRXoP3S5t1,Oldboy,Psychosocial
60574,43DeSV93pJPT4lCZaWZ6b1,Peaky Blinders,The Boys Are Back In Town
1398,43DeSV93pJPT4lCZaWZ6b1,The Sopranos,The Boys Are Back In Town
118340,43DeSV93pJPT4lCZaWZ6b1,Guardians of the Galaxy,The Boys Are Back In Town
106646,43DeSV93pJPT4lCZaWZ6b1,The Wolf of Wall Street,The Boys Are Back In Town
8872,43DeSV93pJPT4lCZaWZ6b1,Wayne's World,The Boys Are Back In Town
361743,4dVbhS6OiYvFikshyaQaCN,Top Gun: Maverick,My Hero
1366,4dVbhS6OiYvFikshyaQaCN,Rocky,My Hero
299534,4dVbhS6OiYvFikshyaQaCN,Avengers: Endgame,My Hero
857,4dVbhS6OiYvFikshyaQaCN,Saving Private Ryan,My Hero
87108,4dVbhS6OiYvFikshyaQaCN,Chernobyl,My Hero
339403,305WCRhhS10XUcH6AEwZk6,Baby Driver,Are You Gonna Be My Girl
22538,305WCRhhS10XUcH6AEwZk6,Scott Pilgrim vs. the World,Are You Gonna Be My Girl
900,305WCRhhS10XUcH6AEwZk6,Skins,Are You Gonna Be My Girl
76341,305WCRhhS10XUcH6AEwZk6,Mad Max: Fury Road,Are You Gonna Be My Girl
8872,305WCRhhS10XUcH6AEwZk6,Wayne's World,Are You Gonna Be My Girl
786,7Ar4G7Ci11gpt6sfH9Cgz5,Almost Famous,Listen to the Music
624,7Ar4G7Ci11gpt6sfH9Cgz5,Easy Rider,Listen to the Music
13,7Ar4G7Ci11gpt6sfH9Cgz5,Forrest Gump,Listen to the Music
801,7Ar4G7Ci11gpt6sfH9Cgz5,"Good Morning, Vietnam",Listen to the Music
773,7Ar4G7Ci11gpt6sfH9Cgz5,Little Miss Sunshine,Listen to the Music
597,2RChe0r2cMoyOvuKobZy44,Titanic,Always
11036,2RChe0r2cMoyOvuKobZy44,The Notebook,Always
8966,2RChe0r2cMoyOvuKobZy44,Twilight,Always
1416,2RChe0r2cMoyOvuKobZy44,Grey's Anatomy,Always
619,2RChe0r2cMoyOvuKobZy44,The Bodyguard,Always
414906,4gHnSNHs8RyVukKoWdS99f,The Batman,Something In The Way
475557,4gHnSNHs8RyVukKoWdS99f,Joker,Something In The Way
627,4gHnSNHs8RyVukKoWdS99f,Trainspotting,Something In The Way
641,4gHnSNHs8RyVukKoWdS99f,Requiem for a Dream,Something In The Way
42009,4gHnSNHs8RyVukKoWdS99f,Black Mirror,Something In The Way
900,14dJexYlvd3t3XAtD1pYW1,Skins,Oh Caroline
85552,14dJexYlvd3t3XAtD1pYW1,Euphoria,Oh Caroline
339403,14dJexYlvd3t3XAtD1pYW1,Baby Driver,Oh Caroline
391713,14dJexYlvd3t3XAtD1pYW1,Lady Bird,Oh Caroline
89905,14dJexYlvd3t3XAtD1pYW1,Normal People,Oh Caroline
857,3NLrRZoMF0Lx6zTlYqeIo4,Saving Private Ryan,Here Without You
1416,3NLrRZoMF0Lx6zTlYqeIo4,Grey's Anatomy,Here Without You
374720,3NLrRZoMF0Lx6zTlYqeIo4,Dunkirk,Here Without You
89905,3NLrRZoMF0Lx6zTlYqeIo4,Normal People,Here Without You
4607,3NLrRZoMF0Lx6zTlYqeIo4,Lost,Here Without You
361743,0fYVliAYKHuPmECRs1pbRf,Top Gun: Maverick,Renegades
76341,0fYVliAYKHuPmECRs1pbRf,Mad Max: Fury Road,Renegades
93405,0fYVliAYKHuPmECRs1pbRf,Squid Game,Renegades
94605,0fYVliAYKHuPmECRs1pbRf,Arcane,Renegades
339403,0fYVliAYKHuPmECRs1pbRf,Baby Driver,Renegades
948,5QTxFnGygVM4jFQiBovmRo,Halloween,(Don't Fear) The Reaper
493922,5QTxFnGygVM4jFQiBovmRo,Hereditary,(Don't Fear) The Reaper
66732,5QTxFnGygVM4jFQiBovmRo,Stranger Things,(Don't Fear) The Reaper
95,5QTxFnGygVM4jFQiBovmRo,Buffy the Vampire Slayer,(Don't Fear) The Reaper
9552,5QTxFnGygVM4jFQiBovmRo,The Exorcist,(Don't Fear) The Reaper
786,6QewNVIDKdSl8Y3ycuHIei,Almost Famous,Even Flow
550,6QewNVIDKdSl8Y3ycuHIei,Fight Club,Even Flow
5915,6QewNVIDKdSl8Y3ycuHIei,Into the Wild,Even Flow
62560,6QewNVIDKdSl8Y3ycuHIei,Mr. Robot,Even Flow
624,6QewNVIDKdSl8Y3ycuHIei,Easy Rider,Even Flow
1399,5anCkDvJ17aznvK5TED5uo,Game of Thrones,Hail to the King
155,5anCkDvJ17aznvK5TED5uo,The Dark Knight,Hail to the King
76341,5anCkDvJ17aznvK5TED5uo,Mad Max: Fury Road,Hail to the King
1429,5anCkDvJ17aznvK5TED5uo,Attack on Titan,Hail to the King
98,5anCkDvJ17aznvK5TED5uo,Gladiator,Hail to the King
493922,5dTHtzHFPyi8TlTtzoz1J9,Hereditary,Helena
119051,5dTHtzHFPyi8TlTtzoz1J9,Wednesday,Helena
8966,5dTHtzHFPyi8TlTtzoz1J9,Twilight,Helena
66788,5dTHtzHFPyi8TlTtzoz1J9,13 Reasons Why,Helena
44214,5dTHtzHFPyi8TlTtzoz1J9,Black Swan,Helena
807,6gZVQvQZOFpzIy3HblJ20F,Se7en,Man in the Box
62560,6gZVQvQZOFpzIy3HblJ20F,Mr. Robot,Man in the Box
274,6gZVQvQZOFpzIy3HblJ20F,The Silence of the Lambs,Man in the Box
103,6gZVQvQZOFpzIy3HblJ20F,Taxi Driver,Man in the Box
475557,6gZVQvQZOFpzIy3HblJ20F,Joker,Man in the Box
1416,6PypGyiu0Y2lCDBN1XZEnP,Grey's Anatomy,Everybody Hurts
66788,6PypGyiu0Y2lCDBN1XZEnP,13 Reasons Why,Everybody Hurts
54344,6PypGyiu0Y2lCDBN1XZEnP,The Leftovers,Everybody Hurts
89905,6PypGyiu0Y2lCDBN1XZEnP,Normal People,Everybody Hurts
489,6PypGyiu0Y2lCDBN1XZEnP,Good Will Hunting,Everybody Hurts
62560,1vcxF91pWs9uNwDROuiCPB,Mr. Robot,Savior
603,1vcxF91pWs9uNwDROuiCPB,The Matrix,Savior
1429,1vcxF91pWs9uNwDROuiCPB,Attack on Titan,Savior
76341,1vcxF91pWs9uNwDROuiCPB,Mad Max: Fury Road,Savior
93405,1vcxF91pWs9uNwDROuiCPB,Squid Game,Savior
603,0tZ3mElWcr74OOhKEiNz1x,The Matrix,Bulls On Parade
550,0tZ3mElWcr74OOhKEiNz1x,Fight Club,Bulls On Parade
62560,0tZ3mElWcr74OOhKEiNz1x,Mr. Robot,Bulls On Parade
68718,0tZ3mElWcr74OOhKEiNz1x,Django Unchained,Bulls On Parade
93405,0tZ3mElWcr74OOhKEiNz1x,Squid Game,Bulls On Parade
2108,1hlveB9M6ijHZRbzZ2teyh,The Breakfast Club,We're Not Gonna Take It
9377,1hlveB9M6ijHZRbzZ2teyh,Ferris Bueller's Day Off,We're Not Gonna Take It
207,1hlveB9M6ijHZRbzZ2teyh,Dead Poets Society,We're Not Gonna Take It
8872,1hlveB9M6ijHZRbzZ2teyh,Wayne's World,We're Not Gonna Take It
1584,1hlveB9M6ijHZRbzZ2teyh,The School of Rock,We're Not Gonna Take It
141,5gRcv46AMTrosmTOqrOV3Q,Donnie Darko,Dumb
900,5gRcv46AMTrosmTOqrOV3Q,Skins,Dumb
84892,5gRcv46AMTrosmTOqrOV3Q,The Perks of Being a Wallflower,Dumb
1920,5gRcv46AMTrosmTOqrOV3Q,Twin Peaks,Dumb
153,5gRcv46AMTrosmTOqrOV3Q,Lost in Translation,Dumb
900,28IEbk5a7twNTbUEvWslUb,Skins,Paralyzer
85552,28IEbk5a7twNTbUEvWslUb,Euphoria,Paralyzer
339403,28IEbk5a7twNTbUEvWslUb,Baby Driver,Paralyzer
22538,28IEbk5a7twNTbUEvWslUb,Scott Pilgrim vs. the World,Paralyzer
10625,28IEbk5a7twNTbUEvWslUb,Mean Girls,Paralyzer
62560,4eAwB5pnKFTmsgc3zWoYO0,Mr. Robot,Fake It
550,4eAwB5pnKFTmsgc3zWoYO0,Fight Club,Fake It
475557,4eAwB5pnKFTmsgc3zWoYO0,Joker,Fake It
210577,4eAwB5pnKFTmsgc3zWoYO0,Gone Girl,Fake It
76331,4eAwB5pnKFTmsgc3zWoYO0,Succession,Fake It
1668,42et6fnHCw1HIPSrdPprMl,Friends,Semi-Charmed Life
786,42et6fnHCw1HIPSrdPprMl,Almost Famous,Semi-Charmed Life
627,42et6fnHCw1HIPSrdPprMl,Trainspotting,Semi-Charmed Life
9377,42et6fnHCw1HIPSrdPprMl,Ferris Bueller's Day Off,Semi-Charmed Life
84892,42et6fnHCw1HIPSrdPprMl,The Perks of Being a Wallflower,Semi-Charmed Life
62560,3o7TMr6RmIusYH7Kkg7ujR,Mr. Robot,Coming Undone
550,3o7TMr6RmIusYH7Kkg7ujR,Fight Club,Coming Undone
1429,3o7TMr6RmIusYH7Kkg7ujR,Attack on Titan,Coming Undone
76341,3o7TMr6RmIusYH7Kkg7ujR,Mad Max: Fury Road,Coming Undone
670,3o7TMr6RmIusYH7Kkg7ujR,Oldboy,Coming Undone
299534,37sINbJZcFdHFAsVNsPq1i,Avengers: Endgame,Superheroes
324857,37sINbJZcFdHFAsVNsPq1i,Spider-Man: Into the Spider-Verse,Superheroes
97546,37sINbJZcFdHFAsVNsPq1i,Ted Lasso,Superheroes
361743,37sINbJZcFdHFAsVNsPq1i,Top Gun: Maverick,Superheroes
94605,37sINbJZcFdHFAsVNsPq1i,Arcane,Superheroes
60574,2R6UrJ8uWbSIiHWmvRQvN8,Peaky Blinders,Whiskey In The Jar
118340,2R6UrJ8uWbSIiHWmvRQvN8,Guardians of the Galaxy,Whiskey In The Jar
1422,2R6UrJ8uWbSIiHWmvRQvN8,The Departed,Whiskey In The Jar
769,2R6UrJ8uWbSIiHWmvRQvN8,GoodFellas,Whiskey In The Jar
22,2R6UrJ8uWbSIiHWmvRQvN8,Pirates of the Caribbean: The Curse of the Black Pearl,Whiskey In The Jar
744,54b8qPFqYqIndfdxiLApea,Top Gun,Alone
88,54b8qPFqYqIndfdxiLApea,Dirty Dancing,Alone
597,54b8qPFqYqIndfdxiLApea,Titanic,Alone
619,54b8qPFqYqIndfdxiLApea,The Bodyguard,Alone
1416,54b8qPFqYqIndfdxiLApea,Grey's Anatomy,Alone
1429,5fpq1wF8xa5tSSlcKHdmGQ,Attack on Titan,sTraNgeRs
493922,5fpq1wF8xa5tSSlcKHdmGQ,Hereditary,sTraNgeRs
94605,5fpq1wF8xa5tSSlcKHdmGQ,Arcane,sTraNgeRs
62560,5fpq1wF8xa5tSSlcKHdmGQ,Mr. Robot,sTraNgeRs
42009,5fpq1wF8xa5tSSlcKHdmGQ,Black Mirror,sTraNgeRs
76341,7CpbhqKUedOIrcvc94p60Y,Mad Max: Fury Road,Bodies
245891,7CpbhqKUedOIrcvc94p60Y,John Wick,Bodies
24,7CpbhqKUedOIrcvc94p60Y,Kill Bill: Vol. 1,Bodies
670,7CpbhqKUedOIrcvc94p60Y,Oldboy,Bodies
9799,7CpbhqKUedOIrcvc94p60Y,The Fast and the Furious,Bodies
786,6XUHsYE38CEbYunT983O9G,Almost Famous,Give A Little Bit
13,6XUHsYE38CEbYunT983O9G,Forrest Gump,Give A Little Bit
624,6XUHsYE38CEbYunT983O9G,Easy Rider,Give A Little Bit
801,6XUHsYE38CEbYunT983O9G,"Good Morning, Vietnam",Give A Little Bit
77338,6XUHsYE38CEbYunT983O9G,The Intouchables,Give A Little Bit
62560,56sk7jBpZV0CD31G9hEU3b,Mr. Robot,Animal I Have Become
475557,56sk7jBpZV0CD31G9hEU3b,Joker,Animal I Have Become
550,56sk7jBpZV0CD31G9hEU3b,Fight Club,Animal I Have Become
414906,56sk7jBpZV0CD31G9hEU3b,The Batman,Animal I Have Become
44214,56sk7jBpZV0CD31G9hEU3b,Black Swan,Animal I Have Become
13,3KfbEIOC7YIv90FIfNSZpo,Forrest Gump,In My Life - Remastered 2009
207,3KfbEIOC7YIv90FIfNSZpo,Dead Poets Society,In My Life - Remastered 2009
786,3KfbEIOC7YIv90FIfNSZpo,Almost Famous,In My Life - Remastered 2009
4348,3KfbEIOC7YIv90FIfNSZpo,Pride & Prejudice,In My Life - Remastered 2009
801,3KfbEIOC7YIv90FIfNSZpo,"Good Morning, Vietnam",In My Life - Remastered 2009
900,0BRHnOFm6sjxN1i9LJrUDu,Skins,The Anthem
10625,0BRHnOFm6sjxN1i9LJrUDu,Mean Girls,The Anthem
747,0BRHnOFm6sjxN1i9LJrUDu,Shaun of the Dead,The Anthem
22538,0BRHnOFm6sjxN1i9LJrUDu,Scott Pilgrim vs. the World,The Anthem
9377,0BRHnOFm6sjxN1i9LJrUDu,Ferris Bueller's Day Off,The Anthem
900,0M955bMOoilikPXwKLYpoi,Skins,I Hate Everything About You
8966,0M955bMOoilikPXwKLYpoi,Twilight,I Hate Everything About You
66788,0M955bMOoilikPXwKLYpoi,13 Reasons Why,I Hate Everything About You
85552,0M955bMOoilikPXwKLYpoi,Euphoria,I Hate Everything About You
210577,0M955bMOoilikPXwKLYpoi,Gone Girl,I Hate Everything About You
624,1bp2IO61zbQrbWNmKKxg3f,Easy Rider,The Joker
786,1bp2IO61zbQrbWNmKKxg3f,Almost Famous,The Joker
115,1bp2IO61zbQrbWNmKKxg3f,The Big Lebowski,The Joker
13,1bp2IO61zbQrbWNmKKxg3f,Forrest Gump,The Joker
680,1bp2IO61zbQrbWNmKKxg3f,Pulp Fiction,The Joker
89905,2jdAk8ATWIL3dwT47XpRfu,Normal People,Slow Dancing in a Burning Room
152601,2jdAk8ATWIL3dwT47XpRfu,Her,Slow Dancing in a Burning Room
1104,2jdAk8ATWIL3dwT47XpRfu,Mad Men,Slow Dancing in a Burning Room
210577,2jdAk8ATWIL3dwT47XpRfu,Gone Girl,Slow Dancing in a Burning Room
843,2jdAk8ATWIL3dwT47XpRfu,In the Mood for Love,Slow Dancing in a Burning Room
391713,23oxJmDc1V9uLUSmN2LIvx,Lady Bird,Ocean Avenue
84892,23oxJmDc1V9uLUSmN2LIvx,The Perks of Being a Wallflower,Ocean Avenue
900,23oxJmDc1V9uLUSmN2LIvx,Skins,Ocean Avenue
66732,23oxJmDc1V9uLUSmN2LIvx,Stranger Things,Ocean Avenue
89905,23oxJmDc1V9uLUSmN2LIvx,Normal People,Ocean Avenue
62560,51TG9W3y9qyO8BY5RXKgnZ,Mr. Robot,Symphony Of Destruction
550,51TG9W3y9qyO8BY5RXKgnZ,Fight Club,Symphony Of Destruction
1429,51TG9W3y9qyO8BY5RXKgnZ,Attack on Titan,Symphony Of Destruction
155,51TG9W3y9qyO8BY5RXKgnZ,The Dark Knight,Symphony Of Destruction
1399,51TG9W3y9qyO8BY5RXKgnZ,Game of Thrones,Symphony Of Destruction
8872,4KacUpvbA3Mfo05gttTjhN,Wayne's World,Fat Lip
900,4KacUpvbA3Mfo05gttTjhN,Skins,Fat Lip
9377,4KacUpvbA3Mfo05gttTjhN,Ferris Bueller's Day Off,Fat Lip
22538,4KacUpvbA3Mfo05gttTjhN,Scott Pilgrim vs. the World,Fat Lip
747,4KacUpvbA3Mfo05gttTjhN,Shaun of the Dead,Fat Lip
155,7fcfNW0XxTWlwVlftzfDOR,The Dark Knight,Walk
76341,7fcfNW0XxTWlwVlftzfDOR,Mad Max: Fury Road,Walk
245891,7fcfNW0XxTWlwVlftzfDOR,John Wick,Walk
62560,7fcfNW0XxTWlwVlftzfDOR,Mr. Robot,Walk
550,7fcfNW0XxTWlwVlftzfDOR,Fight Club,Walk
8966,0faXHILILebCGnJBPU6KJJ,Twilight,The Diary of Jane - Single Version
66788,0faXHILILebCGnJBPU6KJJ,13 Reasons Why,The Diary of Jane - Single Version
210577,0faXHILILebCGnJBPU6KJJ,Gone Girl,The Diary of Jane - Single Version
44214,0faXHILILebCGnJBPU6KJJ,Black Swan,The Diary of Jane - Single Version
900,0faXHILILebCGnJBPU6KJJ,Skins,The Diary of Jane - Single Version
8872,0PdM2a6oIjqepoEfcJo0RO,Wayne's World,Pour Some Sugar On Me - Remastered 2017
620,0PdM2a6oIjqepoEfcJo0RO,Ghostbusters,Pour Some Sugar On Me - Remastered 2017
11009,0PdM2a6oIjqepoEfcJo0RO,Saturday Night Fever,Pour Some Sugar On Me - Remastered 2017
744,0PdM2a6oIjqepoEfcJo0RO,Top Gun,Pour Some Sugar On Me - Remastered 2017
106646,0PdM2a6oIjqepoEfcJo0RO,The Wolf of Wall Street,Pour Some Sugar On Me - Remastered 2017
10138,2d4e45fmUnguxh6yqC7gNT,Iron Man 2,Dirty Deeds Done Dirt Cheap
8872,2d4e45fmUnguxh6yqC7gNT,Wayne's World,Dirty Deeds Done Dirt Cheap
1584,2d4e45fmUnguxh6yqC7gNT,The School of Rock,Dirty Deeds Done Dirt Cheap
680,2d4e45fmUnguxh6yqC7gNT,Pulp Fiction,Dirty Deeds Done Dirt Cheap
500,2d4e45fmUnguxh6yqC7gNT,Reservoir Dogs,Dirty Deeds Done Dirt Cheap
744,4ECNtOnqzxutZkXP4TE3n3,Top Gun,Separate Ways (Worlds Apart)
1371,4ECNtOnqzxutZkXP4TE3n3,Rocky III,Separate Ways (Worlds Apart)
66732,4ECNtOnqzxutZkXP4TE3n3,Stranger Things,Separate Ways (Worlds Apart)
339403,4ECNtOnqzxutZkXP4TE3n3,Baby Driver,Separate Ways (Worlds Apart)
105,4ECNtOnqzxutZkXP4TE3n3,Back to the Future,Separate Ways (Worlds Apart)
786,24NwBd5vZ2CK8VOQVnqdxr,Almost Famous,Sweet Emotion
8872,24NwBd5vZ2CK8VOQVnqdxr,Wayne's World,Sweet Emotion
1584,24NwBd5vZ2CK8VOQVnqdxr,The School of Rock,Sweet Emotion
118340,24NwBd5vZ2CK8VOQVnqdxr,Guardians of the Galaxy,Sweet Emotion
624,24NwBd5vZ2CK8VOQVnqdxr,Easy Rider,Sweet Emotion
8872,5XcZRgJv3zMhTqCyESjQrF,Wayne's World,Poison
1359,5XcZRgJv3zMhTqCyESjQrF,American Psycho,Poison
66732,5XcZRgJv3zMhTqCyESjQrF,Stranger Things,Poison
95,5XcZRgJv3zMhTqCyESjQrF,Buffy the Vampire Slayer,Poison
948,5XcZRgJv3zMhTqCyESjQrF,Halloween,Poison
9377,1ynmMEK1fkyiZ6Z6F3ThEt,Ferris Bueller's Day Off,Centerfold
2108,1ynmMEK1fkyiZ6Z6F3ThEt,The Breakfast Club,Centerfold
105,1ynmMEK1fkyiZ6Z6F3ThEt,Back to the Future,Centerfold
66732,1ynmMEK1fkyiZ6Z6F3ThEt,Stranger Things,Centerfold
8872,1ynmMEK1fkyiZ6Z6F3ThEt,Wayne's World,Centerfold
1416,0RdUX4WE0fO30VnlUbDVL6,Grey's Anatomy,Still Loving You
597,0RdUX4WE0fO30VnlUbDVL6,Titanic,Still Loving You
11036,0RdUX4WE0fO30VnlUbDVL6,The Notebook,Still Loving You
744,0RdUX4WE0fO30VnlUbDVL6,Top Gun,Still Loving You
88,0RdUX4WE0fO30VnlUbDVL6,Dirty Dancing,Still Loving You
8872,5EOoMWIB9iK4ZpcSex9Ec7,Wayne's World,Old Time Rock & Roll
525,5EOoMWIB9iK4ZpcSex9Ec7,The Blues Brothers,Old Time Rock & Roll
13,5EOoMWIB9iK4ZpcSex9Ec7,Forrest Gump,Old Time Rock & Roll
105,5EOoMWIB9iK4ZpcSex9Ec7,Back to the Future,Old Time Rock & Roll
620,5EOoMWIB9iK4ZpcSex9Ec7,Ghostbusters,Old Time Rock & Roll
786,3qT4bUD1MaWpGrTwcvguhb,Almost Famous,Black Dog - Remaster
8872,3qT4bUD1MaWpGrTwcvguhb,Wayne's World,Black Dog - Remaster
1584,3qT4bUD1MaWpGrTwcvguhb,The School of Rock,Black Dog - Remaster
76341,3qT4bUD1MaWpGrTwcvguhb,Mad Max: Fury Road,Black Dog - Remaster
28,3qT4bUD1MaWpGrTwcvguhb,Apocalypse Now,Black Dog - Remaster
8872,05RgAMGypEvqhNs5hPCbMS,Wayne's World,Panama - 2015 Remaster
9799,05RgAMGypEvqhNs5hPCbMS,The Fast and the Furious,Panama - 2015 Remaster
744,05RgAMGypEvqhNs5hPCbMS,Top Gun,Panama - 2015 Remaster
106646,05RgAMGypEvqhNs5hPCbMS,The Wolf of Wall Street,Panama - 2015 Remaster
620,05RgAMGypEvqhNs5hPCbMS,Ghostbusters,Panama - 2015 Remaster
1416,4IoYz8XqqdowINzfRrFnhi,Grey's Anatomy,You Found Me
4607,4IoYz8XqqdowINzfRrFnhi,Lost,You Found Me
54344,4IoYz8XqqdowINzfRrFnhi,The Leftovers,You Found Me
1668,4IoYz8XqqdowINzfRrFnhi,Friends,You Found Me
89905,4IoYz8XqqdowINzfRrFnhi,Normal People,You Found Me
89905,3hhbDnFUb2bicI2df6VurK,Normal People,River
376867,3hhbDnFUb2bicI2df6VurK,Moonlight,River
142,3hhbDnFUb2bicI2df6VurK,Brokeback Mountain,River
54344,3hhbDnFUb2bicI2df6VurK,The Leftovers,River
67070,3hhbDnFUb2bicI2df6VurK,Fleabag,River
786,2Xb6wJYGi0QXwURw5WWvI5,Almost Famous,Right Down the Line
13,2Xb6wJYGi0QXwURw5WWvI5,Forrest Gump,Right Down the Line
509,2Xb6wJYGi0QXwURw5WWvI5,Notting Hill,Right Down the Line
624,2Xb6wJYGi0QXwURw5WWvI5,Easy Rider,Right Down the Line
1104,2Xb6wJYGi0QXwURw5WWvI5,Mad Men,Right Down the Line
28,4aYLAF6ckQ5ooGGGM7sWAa,Apocalypse Now,The Unforgiven
335,4aYLAF6ckQ5ooGGGM7sWAa,Once Upon a Time in the West,The Unforgiven
429,4aYLAF6ckQ5ooGGGM7sWAa,"The Good, the Bad and the Ugly",The Unforgiven
6977,4aYLAF6ckQ5ooGGGM7sWAa,No Country for Old Men,The Unforgiven
1396,4aYLAF6ckQ5ooGGGM7sWAa,Breaking Bad,The Unforgiven
744,4TIJ7zSBNejpoIPaWpWRKc,Top Gun,Rebel Yell
66732,4TIJ7zSBNejpoIPaWpWRKc,Stranger Things,Rebel Yell
1359,4TIJ7zSBNejpoIPaWpWRKc,American Psycho,Rebel Yell
105,4TIJ7zSBNejpoIPaWpWRKc,Back to the Future,Rebel Yell
8872,4TIJ7zSBNejpoIPaWpWRKc,Wayne's World,Rebel Yell
786,4KfSdst7rW39C0sfhArdrz,Almost Famous,Barracuda
8872,4KfSdst7rW39C0sfhArdrz,Wayne's World,Barracuda
1584,4KfSdst7rW39C0sfhArdrz,The School of Rock,Barracuda
76341,4KfSdst7rW39C0sfhArdrz,Mad Max: Fury Road,Barracuda
1396,4KfSdst7rW39C0sfhArdrz,Breaking Bad,Barracuda
627,5sFDReWLrZHLFZFjHsjUTS,Trainspotting,Would? (2022 Remaster)
641,5sFDReWLrZHLFZFjHsjUTS,Requiem for a Dream,Would? (2022 Remaster)
62560,5sFDReWLrZHLFZFjHsjUTS,Mr. Robot,Would? (2022 Remaster)
414906,5sFDReWLrZHLFZFjHsjUTS,The Batman,Would? (2022 Remaster)
550,5sFDReWLrZHLFZFjHsjUTS,Fight Club,Would? (2022 Remaster)
1584,70Z9t1qhytWtG4cCmmi7mU,The School of Rock,I Wanna Rock
8872,70Z9t1qhytWtG4cCmmi7mU,Wayne's World,I Wanna Rock
620,70Z9t1qhytWtG4cCmmi7mU,Ghostbusters,I Wanna Rock
1371,70Z9t1qhytWtG4cCmmi7mU,Rocky III,I Wanna Rock
9377,70Z9t1qhytWtG4cCmmi7mU,Ferris Bueller's Day Off,I Wanna Rock
786,4HA2jo7wkMdN1lmLO6ryzE,Almost Famous,End Of The Line
624,4HA2jo7wkMdN1lmLO6ryzE,Easy Rider,End Of The Line
13,4HA2jo7wkMdN1lmLO6ryzE,Forrest Gump,End Of The Line
773,4HA2jo7wkMdN1lmLO6ryzE,Little Miss Sunshine,End Of The Line
801,4HA2jo7wkMdN1lmLO6ryzE,"Good Morning, Vietnam",End Of The Line
1416,40LQiUUUKXVGyNs09lHVjW,Grey's Anatomy,Lips Of An Angel
8966,40LQiUUUKXVGyNs09lHVjW,Twilight,Lips Of An Angel
1668,40LQiUUUKXVGyNs09lHVjW,Friends,Lips Of An Angel
4607,40LQiUUUKXVGyNs09lHVjW,Lost,Lips Of An Angel
900,40LQiUUUKXVGyNs09lHVjW,Skins,Lips Of An Angel
786,1I7zHEdDx8Ny5RxzYPqsU2,Almost Famous,Reelin' In The Years
1104,1I7zHEdDx8Ny5RxzYPqsU2,Mad Men,Reelin' In The Years
115,1I7zHEdDx8Ny5RxzYPqsU2,The Big Lebowski,Reelin' In The Years
801,1I7zHEdDx8Ny5RxzYPqsU2,"Good Morning, Vietnam",Reelin' In The Years
13,1I7zHEdDx8Ny5RxzYPqsU2,Forrest Gump,Reelin' In The Years
744,71SvEDmsOwIWw1IozsZoMA,Top Gun,Any Way You Want It
66732,71SvEDmsOwIWw1IozsZoMA,Stranger Things,Any Way You Want It
1371,71SvEDmsOwIWw1IozsZoMA,Rocky III,Any Way You Want It
105,71SvEDmsOwIWw1IozsZoMA,Back to the Future,Any Way You Want It
8872,71SvEDmsOwIWw1IozsZoMA,Wayne's World,Any Way You Want It
5915,6qLEOZvf5gI7kWE63JE7p3,Into the Wild,Interstate Love Song - 2019 Remaster
1396,6qLEOZvf5gI7kWE63JE7p3,Breaking Bad,Interstate Love Song - 2019 Remaster
624,6qLEOZvf5gI7kWE63JE7p3,Easy Rider,Interstate Love Song - 2019 Remaster
786,6qLEOZvf5gI7kWE63JE7p3,Almost Famous,Interstate Love Song - 2019 Remaster
54344,6qLEOZvf5gI7kWE63JE7p3,The Leftovers,Interstate Love Song - 2019 Remaster
105,1UBQ5GK8JaQjm5VbkBZY66,Back to the Future,Sharp Dressed Man - 2008 Remaster
9799,1UBQ5GK8JaQjm5VbkBZY66,The Fast and the Furious,Sharp Dressed Man - 2008 Remaster
161,1UBQ5GK8JaQjm5VbkBZY66,Ocean's Eleven,Sharp Dressed Man - 2008 Remaster
744,1UBQ5GK8JaQjm5VbkBZY66,Top Gun,Sharp Dressed Man - 2008 Remaster
8872,1UBQ5GK8JaQjm5VbkBZY66,Wayne's World,Sharp Dressed Man - 2008 Remaster
786,1gcESexgftSuLuML57Y69q,Almost Famous,All Right Now
8872,1gcESexgftSuLuML57Y69q,Wayne's World,All Right Now
13,1gcESexgftSuLuML57Y69q,Forrest Gump,All Right Now
624,1gcESexgftSuLuML57Y69q,Easy Rider,All Right Now
1584,1gcESexgftSuLuML57Y69q,The School of Rock,All Right Now
1104,77oU2rjC5XbjQfNe3bD6so,Mad Men,Beast Of Burden - Remastered 1994
680,77oU2rjC5XbjQfNe3bD6so,Pulp Fiction,Beast Of Burden - Remastered 1994
36557,77oU2rjC5XbjQfNe3bD6so,Casino Royale,Beast Of Burden - Remastered 1994
106646,77oU2rjC5XbjQfNe3bD6so,The Wolf of Wall Street,Beast Of Burden - Remastered 1994
786,77oU2rjC5XbjQfNe3bD6so,Almost Famous,Beast Of Burden - Remastered 1994
339403,5G1sTBGbZT5o4PNRc75RKI,Baby Driver,Lonely Boy
1396,5G1sTBGbZT5o4PNRc75RKI,Breaking Bad,Lonely Boy
60574,5G1sTBGbZT5o4PNRc75RKI,Peaky Blinders,Lonely Boy
76341,5G1sTBGbZT5o4PNRc75RKI,Mad Max: Fury Road,Lonely Boy
60059,5G1sTBGbZT5o4PNRc75RKI,Better Call Saul,Lonely Boy
54344,0z1b34WikhOH9ZxU8QDWcv,The Leftovers,One Headlight
786,0z1b34WikhOH9ZxU8QDWcv,Almost Famous,One Headlight
4607,0z1b34WikhOH9ZxU8QDWcv,Lost,One Headlight
1396,0z1b34WikhOH9ZxU8QDWcv,Breaking Bad,One Headlight
624,0z1b34WikhOH9ZxU8QDWcv,Easy Rider,One Headlight
115,3B4q6KbHbGV51HO3GznBFF,The Big Lebowski,What I Got
680,3B4q6KbHbGV51HO3GznBFF,Pulp Fiction,What I Got
624,3B4q6KbHbGV51HO3GznBFF,Easy Rider,What I Got
900,3B4q6KbHbGV51HO3GznBFF,Skins,What I Got
773,3B4q6KbHbGV51HO3GznBFF,Little Miss Sunshine,What I Got
95,3UygY7qW2cvG9Llkay6i1i,Buffy the Vampire Slayer,Going Under
8966,3UygY7qW2cvG9Llkay6i1i,Twilight,Going Under
44214,3UygY7qW2cvG9Llkay6i1i,Black Swan,Going Under
119051,3UygY7qW2cvG9Llkay6i1i,Wednesday,Going Under
66732,3UygY7qW2cvG9Llkay6i1i,Stranger Things,Going Under
11631,5rX6C5QVvvZB7XckETNych,Mamma Mia!,All Summer Long
786,5rX6C5QVvvZB7XckETNych,Almost Famous,All Summer Long
66732,5rX6C5QVvvZB7XckETNych,Stranger Things,All Summer Long
13,5rX6C5QVvvZB7XckETNych,Forrest Gump,All Summer Long
773,5rX6C5QVvvZB7XckETNych,Little Miss Sunshine,All Summer Long
900,6otiaV2fagE3s8IvP6WkwG,Skins,I'm Just a Kid
84892,6otiaV2fagE3s8IvP6WkwG,The Perks of Being a Wallflower,I'm Just a Kid
391713,6otiaV2fagE3s8IvP6WkwG,Lady Bird,I'm Just a Kid
10625,6otiaV2fagE3s8IvP6WkwG,Mean Girls,I'm Just a Kid
22538,6otiaV2fagE3s8IvP6WkwG,Scott Pilgrim vs. the World,I'm Just a Kid
361743,4CbKVDZkYKdv69I4bCaKUq,Top Gun: Maverick,Hero
1366,4CbKVDZkYKdv69I4bCaKUq,Rocky,Hero
299534,4CbKVDZkYKdv69I4bCaKUq,Avengers: Endgame,Hero
98,4CbKVDZkYKdv69I4bCaKUq,Gladiator,Hero
1429,4CbKVDZkYKdv69I4bCaKUq,Attack on Titan,Hero
106646,6gXrEUzibufX9xYPk3HD5p,The Wolf of Wall Street,Life in the Fast Lane - 2013 Remaster
111,6gXrEUzibufX9xYPk3HD5p,Scarface,Life in the Fast Lane - 2013 Remaster
769,6gXrEUzibufX9xYPk3HD5p,GoodFellas,Life in the Fast Lane - 2013 Remaster
1396,6gXrEUzibufX9xYPk3HD5p,Breaking Bad,Life in the Fast Lane - 2013 Remaster
63351,6gXrEUzibufX9xYPk3HD5p,Narcos,Life in the Fast Lane - 2013 Remaster
1416,42T2QQv3xgBlpQxaSP7lnK,Grey's Anatomy,One Last Breath
4607,42T2QQv3xgBlpQxaSP7lnK,Lost,One Last Breath
54344,42T2QQv3xgBlpQxaSP7lnK,The Leftovers,One Last Breath
857,42T2QQv3xgBlpQxaSP7lnK,Saving Private Ryan,One Last Breath
66788,42T2QQv3xgBlpQxaSP7lnK,13 Reasons Why,One Last Breath
76341,2SgbR6ttzoNlCRGQOKjrop,Mad Max: Fury Road,Cowboys from Hell
1429,2SgbR6ttzoNlCRGQOKjrop,Attack on Titan,Cowboys from Hell
245891,2SgbR6ttzoNlCRGQOKjrop,John Wick,Cowboys from Hell
68718,2SgbR6ttzoNlCRGQOKjrop,Django Unchained,Cowboys from Hell
335,2SgbR6ttzoNlCRGQOKjrop,Once Upon a Time in the West,Cowboys from Hell
4607,3TW48DvQ7ChwY1Yy1tkMaP,Lost,Runaway Train (2022 Remaster)
54344,3TW48DvQ7ChwY1Yy1tkMaP,The Leftovers,Runaway Train (2022 Remaster)
5915,3TW48DvQ7ChwY1Yy1tkMaP,Into the Wild,Runaway Train (2022 Remaster)
1416,3TW48DvQ7ChwY1Yy1tkMaP,Grey's Anatomy,Runaway Train (2022 Remaster)
489,3TW48DvQ7ChwY1Yy1tkMaP,Good Will Hunting,Runaway Train (2022 Remaster)
13,59kHPbwyyCApYA8RQQEuXm,Forrest Gump,Chattahoochee
773,59kHPbwyyCApYA8RQQEuXm,Little Miss Sunshine,Chattahoochee
11631,59kHPbwyyCApYA8RQQEuXm,Mamma Mia!,Chattahoochee
97546,59kHPbwyyCApYA8RQQEuXm,Ted Lasso,Chattahoochee
624,59kHPbwyyCApYA8RQQEuXm,Easy Rider,Chattahoochee
509,5TAf4lnZCZTLlZHNZMLFLi,Notting Hill,I Try
1416,5TAf4lnZCZTLlZHNZMLFLi,Grey's Anatomy,I Try
1668,5TAf4lnZCZTLlZHNZMLFLi,Friends,I Try
152601,5TAf4lnZCZTLlZHNZMLFLi,Her,I Try
153,5TAf4lnZCZTLlZHNZMLFLi,Lost in Translation,I Try
22538,21Qsj3cMVCx2xF2EVVNbEu,Scott Pilgrim vs. the World,Fell In Love With a Girl
900,21Qsj3cMVCx2xF2EVVNbEu,Skins,Fell In Love With a Girl
8872,21Qsj3cMVCx2xF2EVVNbEu,Wayne's World,Fell In Love With a Girl
747,21Qsj3cMVCx2xF2EVVNbEu,Shaun of the Dead,Fell In Love With a Girl
339403,21Qsj3cMVCx2xF2EVVNbEu,Baby Driver,Fell In Love With a Girl
786,6UBjSnyP1O5W5ndJoO9vUk,Almost Famous,Night Moves
66732,6UBjSnyP1O5W5ndJoO9vUk,Stranger Things,Night Moves
13,6UBjSnyP1O5W5ndJoO9vUk,Forrest Gump,Night Moves
624,6UBjSnyP1O5W5ndJoO9vUk,Easy Rider,Night Moves
391713,6UBjSnyP1O5W5ndJoO9vUk,Lady Bird,Night Moves
744,4rcHWl68ai6KvpXlc8vbnE,Top Gun,Keep on Loving You
597,4rcHWl68ai6KvpXlc8vbnE,Titanic,Keep on Loving You
88,4rcHWl68ai6KvpXlc8vbnE,Dirty Dancing,Keep on Loving You
1416,4rcHWl68ai6KvpXlc8vbnE,Grey's Anatomy,Keep on Loving You
1371,4rcHWl68ai6KvpXlc8vbnE,Rocky III,Keep on Loving You
8872,3vV3cr2TpPqFk07zxYUbla,Wayne's World,Cum on Feel the Noize
1584,3vV3cr2TpPqFk07zxYUbla,The School of Rock,Cum on Feel the Noize
620,3vV3cr2TpPqFk07zxYUbla,Ghostbusters,Cum on Feel the Noize
1371,3vV3cr2TpPqFk07zxYUbla,Rocky III,Cum on Feel the Noize
66732,3vV3cr2TpPqFk07zxYUbla,Stranger Things,Cum on Feel the Noize
900,0Ti2dlF2xLjXblvdU5fCxM,Skins,Miss Murder
95,0Ti2dlF2xLjXblvdU5fCxM,Buffy the Vampire Slayer,Miss Murder
1359,0Ti2dlF2xLjXblvdU5fCxM,American Psycho,Miss Murder
22538,0Ti2dlF2xLjXblvdU5fCxM,Scott Pilgrim vs. the World,Miss Murder
210577,0Ti2dlF2xLjXblvdU5fCxM,Gone Girl,Miss Murder
624,1hHGUdFaiJHw9hVZGJWYO2,Easy Rider,Midnight Rider
1396,1hHGUdFaiJHw9hVZGJWYO2,Breaking Bad,Midnight Rider
115,1hHGUdFaiJHw9hVZGJWYO2,The Big Lebowski,Midnight Rider
5915,1hHGUdFaiJHw9hVZGJWYO2,Into the Wild,Midnight Rider
1104,1hHGUdFaiJHw9hVZGJWYO2,Mad Men,Midnight Rider
13,4nXkbcTj3nyww1cHkw5RAP,Forrest Gump,Long Train Runnin'
624,4nXkbcTj3nyww1cHkw5RAP,Easy Rider,Long Train Runnin'
786,4nXkbcTj3nyww1cHkw5RAP,Almost Famous,Long Train Runnin'
773,4nXkbcTj3nyww1cHkw5RAP,Little Miss Sunshine,Long Train Runnin'
11631,4nXkbcTj3nyww1cHkw5RAP,Mamma Mia!,Long Train Runnin'
339403,6kooDsorCpWVMGc994XjWN,Baby Driver,Black Betty
76341,6kooDsorCpWVMGc994XjWN,Mad Max: Fury Road,Black Betty
8872,6kooDsorCpWVMGc994XjWN,Wayne's World,Black Betty
9799,6kooDsorCpWVMGc994XjWN,The Fast and the Furious,Black Betty
118340,6kooDsorCpWVMGc994XjWN,Guardians of the Galaxy,Black Betty
603,4vpeKl0vMGdAXpZiQB2Dtd,The Matrix,White Rabbit
141,4vpeKl0vMGdAXpZiQB2Dtd,Donnie Darko,White Rabbit
1920,4vpeKl0vMGdAXpZiQB2Dtd,Twin Peaks,White Rabbit
66732,4vpeKl0vMGdAXpZiQB2Dtd,Stranger Things,White Rabbit
185,4vpeKl0vMGdAXpZiQB2Dtd,A Clockwork Orange,White Rabbit
194,3Y4rUyw7XBCK6hGHCOt6rp,Amélie,"Call It Fate, Call It Karma"
120467,3Y4rUyw7XBCK6hGHCOt6rp,The Grand Budapest Hotel,"Call It Fate, Call It Karma"
289,3Y4rUyw7XBCK6hGHCOt6rp,Casablanca,"Call It Fate, Call It Karma"
824,3Y4rUyw7XBCK6hGHCOt6rp,Moulin Rouge!,"Call It Fate, Call It Karma"
161,3Y4rUyw7XBCK6hGHCOt6rp,Ocean's Eleven,"Call It Fate, Call It Karma"
54344,3zwmW1gM4E8FlHXV5nE16u,The Leftovers,Be Yourself
62560,3zwmW1gM4E8FlHXV5nE16u,Mr. Robot,Be Yourself
1396,3zwmW1gM4E8FlHXV5nE16u,Breaking Bad,Be Yourself
550,3zwmW1gM4E8FlHXV5nE16u,Fight Club,Be Yourself
4607,3zwmW1gM4E8FlHXV5nE16u,Lost,Be Yourself
1399,4Zc7TCHzuNwL0AFBlyLdyr,Game of Thrones,Run to the Hills - 2015 Remaster
1429,4Zc7TCHzuNwL0AFBlyLdyr,Attack on Titan,Run to the Hills - 2015 Remaster
98,4Zc7TCHzuNwL0AFBlyLdyr,Gladiator,Run to the Hills - 2015 Remaster
120,4Zc7TCHzuNwL0AFBlyLdyr,The Lord of the Rings: The Fellowship of the Ring,Run to the Hills - 2015 Remaster
76341,4Zc7TCHzuNwL0AFBlyLdyr,Mad Max: Fury Road,Run to the Hills - 2015 Remaster
76341,6y20BV5L33R8YXM0YuI38N,Mad Max: Fury Road,No One Knows
1396,6y20BV5L33R8YXM0YuI38N,Breaking Bad,No One Knows
339403,6y20BV5L33R8YXM0YuI38N,Baby Driver,No One Knows
62560,6y20BV5L33R8YXM0YuI38N,Mr. Robot,No One Knows
275,6y20BV5L33R8YXM0YuI38N,Fargo,No One Knows
8872,2RaA6kIcvomt77qlIgGhCT,Wayne's World,Breaking the Law
1584,2RaA6kIcvomt77qlIgGhCT,The School of Rock,Breaking the Law
620,2RaA6kIcvomt77qlIgGhCT,Ghostbusters,Breaking the Law
1371,2RaA6kIcvomt77qlIgGhCT,Rocky III,Breaking the Law
10138,2RaA6kIcvomt77qlIgGhCT,Iron Man 2,Breaking the Law
8872,0HOrDVS349XFcpCYsO2hAP,Wayne's World,You Ain't Seen Nothing Yet
105,0HOrDVS349XFcpCYsO2hAP,Back to the Future,You Ain't Seen Nothing Yet
786,0HOrDVS349XFcpCYsO2hAP,Almost Famous,You Ain't Seen Nothing Yet
9377,0HOrDVS349XFcpCYsO2hAP,Ferris Bueller's Day Off,You Ain't Seen Nothing Yet
13,0HOrDVS349XFcpCYsO2hAP,Forrest Gump,You Ain't Seen Nothing Yet
965150,2LXtyj95dK56ENS1QLt4IB,Aftersun,Beach Baby
391713,2LXtyj95dK56ENS1QLt4IB,Lady Bird,Beach Baby
398818,2LXtyj95dK56ENS1QLt4IB,Call Me by Your Name,Beach Baby
89905,2LXtyj95dK56ENS1QLt4IB,Normal People,Beach Baby
1443,2LXtyj95dK56ENS1QLt4IB,The Virgin Suicides,Beach Baby
28,6ToM0uwxtPKo9CMpbPGYvM,Apocalypse Now,Break on Through (To the Other Side)
786,6ToM0uwxtPKo9CMpbPGYvM,Almost Famous,Break on Through (To the Other Side)
603,6ToM0uwxtPKo9CMpbPGYvM,The Matrix,Break on Through (To the Other Side)
627,6ToM0uwxtPKo9CMpbPGYvM,Trainspotting,Break on Through (To the Other Side)
624,6ToM0uwxtPKo9CMpbPGYvM,Easy Rider,Break on Through (To the Other Side)
786,05NYcsjJwOYq4jIiKPVj9p,Almost Famous,Hard To Handle
1396,05NYcsjJwOYq4jIiKPVj9p,Breaking Bad,Hard To Handle
115,05NYcsjJwOYq4jIiKPVj9p,The Big Lebowski,Hard To Handle
624,05NYcsjJwOYq4jIiKPVj9p,Easy Rider,Hard To Handle
680,05NYcsjJwOYq4jIiKPVj9p,Pulp Fiction,Hard To Handle
66732,3qLZ866ZfaK0B0R5FIqXLG,Stranger Things,She Sells Sanctuary
95,3qLZ866ZfaK0B0R5FIqXLG,Buffy the Vampire Slayer,She Sells Sanctuary
1920,3qLZ866ZfaK0B0R5FIqXLG,Twin Peaks,She Sells Sanctuary
141,3qLZ866ZfaK0B0R5FIqXLG,Donnie Darko,She Sells Sanctuary
1359,3qLZ866ZfaK0B0R5FIqXLG,American Psycho,She Sells Sanctuary
786,2K2M0TcglCRLLpFOzKeFZA,Almost Famous,Sunshine Of Your Love
624,2K2M0TcglCRLLpFOzKeFZA,Easy Rider,Sunshine Of Your Love
13,2K2M0TcglCRLLpFOzKeFZA,Forrest Gump,Sunshine Of Your Love
28,2K2M0TcglCRLLpFOzKeFZA,Apocalypse Now,Sunshine Of Your Love
801,2K2M0TcglCRLLpFOzKeFZA,"Good Morning, Vietnam",Sunshine Of Your Love
9377,7jIAttgQTpLDoNtykIQXjH,Ferris Bueller's Day Off,Blister In The Sun
2108,7jIAttgQTpLDoNtykIQXjH,The Breakfast Club,Blister In The Sun
900,7jIAttgQTpLDoNtykIQXjH,Skins,Blister In The Sun
84892,7jIAttgQTpLDoNtykIQXjH,The Perks of Being a Wallflower,Blister In The Sun
391713,7jIAttgQTpLDoNtykIQXjH,Lady Bird,Blister In The Sun
9377,4alHo6RGd0D3OUbTPExTHN,Ferris Bueller's Day Off,Just What I Needed
66732,4alHo6RGd0D3OUbTPExTHN,Stranger Things,Just What I Needed
64690,4alHo6RGd0D3OUbTPExTHN,Drive,Just What I Needed
339403,4alHo6RGd0D3OUbTPExTHN,Baby Driver,Just What I Needed
105,4alHo6RGd0D3OUbTPExTHN,Back to the Future,Just What I Needed
1396,37EJtTS7jT5WUyXGZzrwnI,Breaking Bad,Santa Monica
85552,37EJtTS7jT5WUyXGZzrwnI,Euphoria,Santa Monica
786,37EJtTS7jT5WUyXGZzrwnI,Almost Famous,Santa Monica
4607,37EJtTS7jT5WUyXGZzrwnI,Lost,Santa Monica
1104,37EJtTS7jT5WUyXGZzrwnI,Mad Men,Santa Monica
504608,0LoQuiekvzqx7n8flgEKzF,Rocketman,Get It On
424694,0LoQuiekvzqx7n8flgEKzF,Bohemian Rhapsody,Get It On
786,0LoQuiekvzqx7n8flgEKzF,Almost Famous,Get It On
824,0LoQuiekvzqx7n8flgEKzF,Moulin Rouge!,Get It On
11009,0LoQuiekvzqx7n8flgEKzF,Saturday Night Fever,Get It On
11036,6qc34bnVOyqGDPni8H5W0U,The Notebook,Amazed
4348,6qc34bnVOyqGDPni8H5W0U,Pride & Prejudice,Amazed
509,6qc34bnVOyqGDPni8H5W0U,Notting Hill,Amazed
1416,6qc34bnVOyqGDPni8H5W0U,Grey's Anatomy,Amazed
597,6qc34bnVOyqGDPni8H5W0U,Titanic,Amazed
900,1UqhkbzB1kuFwt2iy4h29Q,Skins,Cough Syrup
89905,1UqhkbzB1kuFwt2iy4h29Q,Normal People,Cough Syrup
85552,1UqhkbzB1kuFwt2iy4h29Q,Euphoria,Cough Syrup
66788,1UqhkbzB1kuFwt2iy4h29Q,13 Reasons Why,Cough Syrup
391713,1UqhkbzB1kuFwt2iy4h29Q,Lady Bird,Cough Syrup
744,2OgVsp77En2nju8pnCieVU,Top Gun,Waiting for a Girl like You
88,2OgVsp77En2nju8pnCieVU,Dirty Dancing,Waiting for a Girl like You
251,2OgVsp77En2nju8pnCieVU,Ghost,Waiting for a Girl like You
597,2OgVsp77En2nju8pnCieVU,Titanic,Waiting for a Girl like You
2108,2OgVsp77En2nju8pnCieVU,The Breakfast Club,Waiting for a Girl like You
786,4lJ6YVXQ0jUk5ILu0PSrA4,Almost Famous,Ooh La La
1104,4lJ6YVXQ0jUk5ILu0PSrA4,Mad Men,Ooh La La
489,4lJ6YVXQ0jUk5ILu0PSrA4,Good Will Hunting,Ooh La La
624,4lJ6YVXQ0jUk5ILu0PSrA4,Easy Rider,Ooh La La
773,4lJ6YVXQ0jUk5ILu0PSrA4,Little Miss Sunshine,Ooh La La
1416,4bVuIlGQBMWS7vIhcx8Ae4,Grey's Anatomy,What Hurts The Most
11036,4bVuIlGQBMWS7vIhcx8Ae4,The Notebook,What Hurts The Most
1668,4bVuIlGQBMWS7vIhcx8Ae4,Friends,What Hurts The Most
89905,4bVuIlGQBMWS7vIhcx8Ae4,Normal People,What Hurts The Most
597,4bVuIlGQBMWS7vIhcx8Ae4,Titanic,What Hurts The Most
97546,7Fq9RwQxSn3kW85PrDUf0M,Ted Lasso,Boot Scootin' Boogie
13,7Fq9RwQxSn3kW85PrDUf0M,Forrest Gump,Boot Scootin' Boogie
11631,7Fq9RwQxSn3kW85PrDUf0M,Mamma Mia!,Boot Scootin' Boogie
8872,7Fq9RwQxSn3kW85PrDUf0M,Wayne's World,Boot Scootin' Boogie
525,7Fq9RwQxSn3kW85PrDUf0M,The Blues Brothers,Boot Scootin' Boogie
142,3rXCZRMiMZp0feGcYXpwYX,Brokeback Mountain,Cowboy Take Me Away
5915,3rXCZRMiMZp0feGcYXpwYX,Into the Wild,Cowboy Take Me Away
13,3rXCZRMiMZp0feGcYXpwYX,Forrest Gump,Cowboy Take Me Away
773,3rXCZRMiMZp0feGcYXpwYX,Little Miss Sunshine,Cowboy Take Me Away
11036,3rXCZRMiMZp0feGcYXpwYX,The Notebook,Cowboy Take Me Away
1416,43GS3mtezoIFiuIZCLLiDY,Grey's Anatomy,Every Rose Has Its Thorn - Remastered 2003
597,43GS3mtezoIFiuIZCLLiDY,Titanic,Every Rose Has Its Thorn - Remastered 2003
744,43GS3mtezoIFiuIZCLLiDY,Top Gun,Every Rose Has Its Thorn - Remastered 2003
88,43GS3mtezoIFiuIZCLLiDY,Dirty Dancing,Every Rose Has Its Thorn - Remastered 2003
786,43GS3mtezoIFiuIZCLLiDY,Almost Famous,Every Rose Has Its Thorn - Remastered 2003
120,3MODES4TNtygekLl146Dxd,The Lord of the Rings: The Fellowship of the Ring,Ramble On - 1990 Remaster
786,3MODES4TNtygekLl146Dxd,Almost Famous,Ramble On - 1990 Remaster
624,3MODES4TNtygekLl146Dxd,Easy Rider,Ramble On - 1990 Remaster
5915,3MODES4TNtygekLl146Dxd,Into the Wild,Ramble On - 1990 Remaster
1399,3MODES4TNtygekLl146Dxd,Game of Thrones,Ramble On - 1990 Remaster
1104,0cKk8BKEi7zXbdrYdyqBP5,Mad Men,Behind Blue Eyes
1396,0cKk8BKEi7zXbdrYdyqBP5,Breaking Bad,Behind Blue Eyes
550,0cKk8BKEi7zXbdrYdyqBP5,Fight Club,Behind Blue Eyes
54344,0cKk8BKEi7zXbdrYdyqBP5,The Leftovers,Behind Blue Eyes
62560,0cKk8BKEi7zXbdrYdyqBP5,Mr. Robot,Behind Blue Eyes
786,4vO9dmzNRqDhFY3jD1a3P7,Almost Famous,Mississippi Queen
8872,4vO9dmzNRqDhFY3jD1a3P7,Wayne's World,Mississippi Queen
624,4vO9dmzNRqDhFY3jD1a3P7,Easy Rider,Mississippi Queen
76341,4vO9dmzNRqDhFY3jD1a3P7,Mad Max: Fury Road,Mississippi Queen
1584,4vO9dmzNRqDhFY3jD1a3P7,The School of Rock,Mississippi Queen
105,0OBwxFLu6Yj61s2OagYbgY,Back to the Future,Gimme All Your Lovin'
9799,0OBwxFLu6Yj61s2OagYbgY,The Fast and the Furious,Gimme All Your Lovin'
744,0OBwxFLu6Yj61s2OagYbgY,Top Gun,Gimme All Your Lovin'
8872,0OBwxFLu6Yj61s2OagYbgY,Wayne's World,Gimme All Your Lovin'
161,0OBwxFLu6Yj61s2OagYbgY,Ocean's Eleven,Gimme All Your Lovin'
1104,3TO7bbrUKrOSPGRTB5MeCz,Mad Men,Time
157336,3TO7bbrUKrOSPGRTB5MeCz,Interstellar,Time
77,3TO7bbrUKrOSPGRTB5MeCz,Memento,Time
27205,3TO7bbrUKrOSPGRTB5MeCz,Inception,Time
4607,3TO7bbrUKrOSPGRTB5MeCz,Lost,Time
28,1Q5kgpp4pmyGqPwNBzkSrw,Apocalypse Now,Roadhouse Blues
786,1Q5kgpp4pmyGqPwNBzkSrw,Almost Famous,Roadhouse Blues
624,1Q5kgpp4pmyGqPwNBzkSrw,Easy Rider,Roadhouse Blues
1396,1Q5kgpp4pmyGqPwNBzkSrw,Breaking Bad,Roadhouse Blues
115,1Q5kgpp4pmyGqPwNBzkSrw,The Big Lebowski,Roadhouse Blues
157336,2ctvdKmETyOzPb2GiJJT53,Interstellar,Breathe (In the Air)
62,2ctvdKmETyOzPb2GiJJT53,2001: A Space Odyssey,Breathe (In the Air)
49047,2ctvdKmETyOzPb2GiJJT53,Gravity,Breathe (In the Air)
5915,2ctvdKmETyOzPb2GiJJT53,Into the Wild,Breathe (In the Air)
153,2ctvdKmETyOzPb2GiJJT53,Lost in Translation,Breathe (In the Air)
786,4OTw5splgMdlYklwHMHxLK,Almost Famous,Long Cool Woman (In a Black Dress) - 1999 Remaster
680,4OTw5splgMdlYklwHMHxLK,Pulp Fiction,Long Cool Woman (In a Black Dress) - 1999 Remaster
624,4OTw5splgMdlYklwHMHxLK,Easy Rider,Long Cool Woman (In a Black Dress) - 1999 Remaster
8872,4OTw5splgMdlYklwHMHxLK,Wayne's World,Long Cool Woman (In a Black Dress) - 1999 Remaster
115,4OTw5splgMdlYklwHMHxLK,The Big Lebowski,Long Cool Woman (In a Black Dress) - 1999 Remaster
153,6zfczP87XO2SxWlQtnjFNa,Lost in Translation,The Look
339403,6zfczP87XO2SxWlQtnjFNa,Baby Driver,The Look
19913,6zfczP87XO2SxWlQtnjFNa,(500) Days of Summer,The Look
65495,6zfczP87XO2SxWlQtnjFNa,Atlanta,The Look
900,6zfczP87XO2SxWlQtnjFNa,Skins,The Look
1416,2VSbEXqs6NbNiZSTcHlIDR,Grey's Anatomy,My Sacrifice
4607,2VSbEXqs6NbNiZSTcHlIDR,Lost,My Sacrifice
54344,2VSbEXqs6NbNiZSTcHlIDR,The Leftovers,My Sacrifice
857,2VSbEXqs6NbNiZSTcHlIDR,Saving Private Ryan,My Sacrifice
66788,2VSbEXqs6NbNiZSTcHlIDR,13 Reasons Why,My Sacrifice
62560,1wsRitfRRtWyEapl0q22o8,Mr. Robot,Guerrilla Radio
603,1wsRitfRRtWyEapl0q22o8,The Matrix,Guerrilla Radio
550,1wsRitfRRtWyEapl0q22o8,Fight Club,Guerrilla Radio
93405,1wsRitfRRtWyEapl0q22o8,Squid Game,Guerrilla Radio
76341,1wsRitfRRtWyEapl0q22o8,Mad Max: Fury Road,Guerrilla Radio
13,6V50MyHPGhEmwYu0Wdyf0t,Forrest Gump,The Way It Is
1104,6V50MyHPGhEmwYu0Wdyf0t,Mad Men,The Way It Is
801,6V50MyHPGhEmwYu0Wdyf0t,"Good Morning, Vietnam",The Way It Is
1438,6V50MyHPGhEmwYu0Wdyf0t,The Wire,The Way It Is
786,6V50MyHPGhEmwYu0Wdyf0t,Almost Famous,The Way It Is
88,4zoZQvmST8gliv9S9L8lUw,Dirty Dancing,Please Don't Go
11009,4zoZQvmST8gliv9S9L8lUw,Saturday Night Fever,Please Don't Go
621,4zoZQvmST8gliv9S9L8lUw,Grease,Please Don't Go
11631,4zoZQvmST8gliv9S9L8lUw,Mamma Mia!,Please Don't Go
114,4zoZQvmST8gliv9S9L8lUw,Pretty Woman,Please Don't Go
621,0QnONzv3TvHAWk294h6DaQ,Grease,Last Kiss
786,0QnONzv3TvHAWk294h6DaQ,Almost Famous,Last Kiss
84892,0QnONzv3TvHAWk294h6DaQ,The Perks of Being a Wallflower,Last Kiss
391713,0QnONzv3TvHAWk294h6DaQ,Lady Bird,Last Kiss
13,0QnONzv3TvHAWk294h6DaQ,Forrest Gump,Last Kiss
66788,0UrWr7Jnu1heq1o99ZwUd0,13 Reasons Why,Youth of the Nation
900,0UrWr7Jnu1heq1o99ZwUd0,Skins,Youth of the Nation
207,0UrWr7Jnu1heq1o99ZwUd0,Dead Poets Society,Youth of the Nation
84892,0UrWr7Jnu1heq1o99ZwUd0,The Perks of Being a Wallflower,Youth of the Nation
85552,0UrWr7Jnu1heq1o99ZwUd0,Euphoria,Youth of the Nation
1668,5vYA1mW9g2Coh1HUFUSmlb,Friends,3AM
1416,5vYA1mW9g2Coh1HUFUSmlb,Grey's Anatomy,3AM
4607,5vYA1mW9g2Coh1HUFUSmlb,Lost,3AM
900,5vYA1mW9g2Coh1HUFUSmlb,Skins,3AM
89905,5vYA1mW9g2Coh1HUFUSmlb,Normal People,3AM
210577,2KVwlelhxKUy8LVV6JypH3,Gone Girl,Push
900,2KVwlelhxKUy8LVV6JypH3,Skins,Push
550,2KVwlelhxKUy8LVV6JypH3,Fight Club,Push
8966,2KVwlelhxKUy8LVV6JypH3,Twilight,Push
62560,2KVwlelhxKUy8LVV6JypH3,Mr. Robot,Push
786,4uGIJG1jYFonGc4LGp5uQL,Almost Famous,Somebody to Love
424694,4uGIJG1jYFonGc4LGp5uQL,Bohemian Rhapsody,Somebody to Love
13,4uGIJG1jYFonGc4LGp5uQL,Forrest Gump,Somebody to Love
624,4uGIJG1jYFonGc4LGp5uQL,Easy Rider,Somebody to Love
504608,4uGIJG1jYFonGc4LGp5uQL,Rocketman,Somebody to Love
1359,2302lUwfZ4S4dVyPOCDFnQ,American Psycho,Sweet Dreams (Are Made Of This)
44214,2302lUwfZ4S4dVyPOCDFnQ,Black Swan,Sweet Dreams (Are Made Of This)
63247,2302lUwfZ4S4dVyPOCDFnQ,Westworld,Sweet Dreams (Are Made Of This)
85552,2302lUwfZ4S4dVyPOCDFnQ,Euphoria,Sweet Dreams (Are Made Of This)
414906,2302lUwfZ4S4dVyPOCDFnQ,The Batman,Sweet Dreams (Are Made Of This)
773,6hs3SDnbO3f6VQuPO4KBEb,Little Miss Sunshine,Send Me on My Way
12,6hs3SDnbO3f6VQuPO4KBEb,Finding Nemo,Send Me on My Way
97546,6hs3SDnbO3f6VQuPO4KBEb,Ted Lasso,Send Me on My Way
11631,6hs3SDnbO3f6VQuPO4KBEb,Mamma Mia!,Send Me on My Way
5915,6hs3SDnbO3f6VQuPO4KBEb,Into the Wild,Send Me on My Way
509,31Tp5iKrVUayn65qhg06nE,Notting Hill,She
194,31Tp5iKrVUayn65qhg06nE,Amélie,She
76,31Tp5iKrVUayn65qhg06nE,Before Sunrise,She
114,31Tp5iKrVUayn65qhg06nE,Pretty Woman,She
289,31Tp5iKrVUayn65qhg06nE,Casablanca,She
62560,55mJleti2WfWEFNFcBduhc,Mr. Robot,Schism
27205,55mJleti2WfWEFNFcBduhc,Inception,Schism
77,55mJleti2WfWEFNFcBduhc,Memento,Schism
63247,55mJleti2WfWEFNFcBduhc,Westworld,Schism
329865,55mJleti2WfWEFNFcBduhc,Arrival,Schism
1422,7rSERmjAT38lC5QhJ8hnQc,The Departed,I'm Shipping Up To Boston
60574,7rSERmjAT38lC5QhJ8hnQc,Peaky Blinders,I'm Shipping Up To Boston
1398,7rSERmjAT38lC5QhJ8hnQc,The Sopranos,I'm Shipping Up To Boston
769,7rSERmjAT38lC5QhJ8hnQc,GoodFellas,I'm Shipping Up To Boston
747,7rSERmjAT38lC5QhJ8hnQc,Shaun of the Dead,I'm Shipping Up To Boston
948,10V8XpuyMoEcSMfM79WDET,Halloween,Living Dead Girl
95,10V8XpuyMoEcSMfM79WDET,Buffy the Vampire Slayer,Living Dead Girl
66732,10V8XpuyMoEcSMfM79WDET,Stranger Things,Living Dead Girl
493922,10V8XpuyMoEcSMfM79WDET,Hereditary,Living Dead Girl
747,10V8XpuyMoEcSMfM79WDET,Shaun of the Dead,Living Dead Girl
550,4YFcGTdgmEuw8xTO4XrxbB,Fight Club,Zero - Remastered 2012
62560,4YFcGTdgmEuw8xTO4XrxbB,Mr. Robot,Zero - Remastered 2012
141,4YFcGTdgmEuw8xTO4XrxbB,Donnie Darko,Zero - Remastered 2012
900,4YFcGTdgmEuw8xTO4XrxbB,Skins,Zero - Remastered 2012
603,4YFcGTdgmEuw8xTO4XrxbB,The Matrix,Zero - Remastered 2012
54344,77YKoNCjP5hWqiXMRG2839,The Leftovers,Shine
4607,77YKoNCjP5hWqiXMRG2839,Lost,Shine
1416,77YKoNCjP5hWqiXMRG2839,Grey's Anatomy,Shine
5915,77YKoNCjP5hWqiXMRG2839,Into the Wild,Shine
489,77YKoNCjP5hWqiXMRG2839,Good Will Hunting,Shine
4607,6KtLECDztnah63TNmV4Plw,Lost,Wish You Were Here
54344,6KtLECDztnah63TNmV4Plw,The Leftovers,Wish You Were Here
5915,6KtLECDztnah63TNmV4Plw,Into the Wild,Wish You Were Here
1416,6KtLECDztnah63TNmV4Plw,Grey's Anatomy,Wish You Were Here
1396,6KtLECDztnah63TNmV4Plw,Breaking Bad,Wish You Were Here
6977,4TnUKixNWMfajncgdSwFoi,No Country for Old Men,Amarillo By Morning
142,4TnUKixNWMfajncgdSwFoi,Brokeback Mountain,Amarillo By Morning
335,4TnUKixNWMfajncgdSwFoi,Once Upon a Time in the West,Amarillo By Morning
5915,4TnUKixNWMfajncgdSwFoi,Into the Wild,Amarillo By Morning
60059,4TnUKixNWMfajncgdSwFoi,Better Call Saul,Amarillo By Morning
194,0jOnZhF75V68VsBObWx2XO,Amélie,"The Carnival of the Animals, R. 125: XIII. The Swan (Arr. for Cello and Piano)"
64682,0jOnZhF75V68VsBObWx2XO,The Great Gatsby,"The Carnival of the Animals, R. 125: XIII. The Swan (Arr. for Cello and Piano)"
4935,0jOnZhF75V68VsBObWx2XO,Howl's Moving Castle,"The Carnival of the Animals, R. 125: XIII. The Swan (Arr. for Cello and Piano)"
423,0jOnZhF75V68VsBObWx2XO,The Pianist,"The Carnival of the Animals, R. 125: XIII. The Swan (Arr. for Cello and Piano)"
44214,0jOnZhF75V68VsBObWx2XO,Black Swan,"The Carnival of the Animals, R. 125: XIII. The Swan (Arr. for Cello and Piano)"
339403,4xlEKYv7HmC8zXoJIbpZKM,Baby Driver,"Steady, As She Goes"
747,4xlEKYv7HmC8zXoJIbpZKM,Shaun of the Dead,"Steady, As She Goes"
900,4xlEKYv7HmC8zXoJIbpZKM,Skins,"Steady, As She Goes"
22538,4xlEKYv7HmC8zXoJIbpZKM,Scott Pilgrim vs. the World,"Steady, As She Goes"
161,4xlEKYv7HmC8zXoJIbpZKM,Ocean's Eleven,"Steady, As She Goes"
64690,2lFFiNm0XtgJ6wkdncTB4k,Drive,Drive - 2017 Remaster
66732,2lFFiNm0XtgJ6wkdncTB4k,Stranger Things,Drive - 2017 Remaster
87108,2lFFiNm0XtgJ6wkdncTB4k,Chernobyl,Drive - 2017 Remaster
1416,2lFFiNm0XtgJ6wkdncTB4k,Grey's Anatomy,Drive - 2017 Remaster
54344,2lFFiNm0XtgJ6wkdncTB4k,The Leftovers,Drive - 2017 Remaster
8966,1fr92Vupmcs2vgLMFVQ7rd,Twilight,In the Shadows
95,1fr92Vupmcs2vgLMFVQ7rd,Buffy the Vampire Slayer,In the Shadows
66732,1fr92Vupmcs2vgLMFVQ7rd,Stranger Things,In the Shadows
119051,1fr92Vupmcs2vgLMFVQ7rd,Wednesday,In the Shadows
210577,1fr92Vupmcs2vgLMFVQ7rd,Gone Girl,In the Shadows
624,3Xls4cNOwy01dtrNXb1inG,Easy Rider,White Room
786,3Xls4cNOwy01dtrNXb1inG,Almost Famous,White Room
185,3Xls4cNOwy01dtrNXb1inG,A Clockwork Orange,White Room
28,3Xls4cNOwy01dtrNXb1inG,Apocalypse Now,White Room
1920,3Xls4cNOwy01dtrNXb1inG,Twin Peaks,White Room
624,0NWPxcsf5vdjdiFUI8NgkP,Easy Rider,Hey Joe
786,0NWPxcsf5vdjdiFUI8NgkP,Almost Famous,Hey Joe
28,0NWPxcsf5vdjdiFUI8NgkP,Apocalypse Now,Hey Joe
1396,0NWPxcsf5vdjdiFUI8NgkP,Breaking Bad,Hey Joe
335,0NWPxcsf5vdjdiFUI8NgkP,Once Upon a Time in the West,Hey Joe
624,1IqFh00G2kvvMm8pRMpehA,Easy Rider,Me and Bobby McGee
786,1IqFh00G2kvvMm8pRMpehA,Almost Famous,Me and Bobby McGee
5915,1IqFh00G2kvvMm8pRMpehA,Into the Wild,Me and Bobby McGee
13,1IqFh00G2kvvMm8pRMpehA,Forrest Gump,Me and Bobby McGee
801,1IqFh00G2kvvMm8pRMpehA,"Good Morning, Vietnam",Me and Bobby McGee
900,0qgrrDnUUhyxpxbBznUnzg,Skins,18 and Life
1396,0qgrrDnUUhyxpxbBznUnzg,Breaking Bad,18 and Life
598,0qgrrDnUUhyxpxbBznUnzg,City of God,18 and Life
627,0qgrrDnUUhyxpxbBznUnzg,Trainspotting,18 and Life
62560,0qgrrDnUUhyxpxbBznUnzg,Mr. Robot,18 and Life
744,2PFIZFcGry0po3ZfRZkzKc,Top Gun,Hysteria
66732,2PFIZFcGry0po3ZfRZkzKc,Stranger Things,Hysteria
620,2PFIZFcGry0po3ZfRZkzKc,Ghostbusters,Hysteria
1371,2PFIZFcGry0po3ZfRZkzKc,Rocky III,Hysteria
8872,2PFIZFcGry0po3ZfRZkzKc,Wayne's World,Hysteria
8872,3IjrDeaVRFEi3GgHI5xyjX,Wayne's World,Detroit Rock City
1584,3IjrDeaVRFEi3GgHI5xyjX,The School of Rock,Detroit Rock City
786,3IjrDeaVRFEi3GgHI5xyjX,Almost Famous,Detroit Rock City
620,3IjrDeaVRFEi3GgHI5xyjX,Ghostbusters,Detroit Rock City
1371,3IjrDeaVRFEi3GgHI5xyjX,Rocky III,Detroit Rock City
1399,3TjoLn6AliBGi3QbwwTxKp,Game of Thrones,Swan Upon Leda
1417,3TjoLn6AliBGi3QbwwTxKp,Pan's Labyrinth,Swan Upon Leda
530385,3TjoLn6AliBGi3QbwwTxKp,Midsommar,Swan Upon Leda
493922,3TjoLn6AliBGi3QbwwTxKp,Hereditary,Swan Upon Leda
120,3TjoLn6AliBGi3QbwwTxKp,The Lord of the Rings: The Fellowship of the Ring,Swan Upon Leda
85552,1vMGIZbIkpaLSagdF2ygcV,Euphoria,Music Sounds Better with You
194,1vMGIZbIkpaLSagdF2ygcV,Amélie,Music Sounds Better with You
11009,1vMGIZbIkpaLSagdF2ygcV,Saturday Night Fever,Music Sounds Better with You
339403,1vMGIZbIkpaLSagdF2ygcV,Baby Driver,Music Sounds Better with You
11631,1vMGIZbIkpaLSagdF2ygcV,Mamma Mia!,Music Sounds Better with You
