tmdb_id,title,year,type,director,genres,overview
335984,Blade Runner 2049,2017,movie,Denis Villeneuve,Science Fiction|Drama,"Thirty years after the events of the first film, a new blade runner, LAPD Officer K, unearths a long-buried secret that has the potential to plunge what's left of society into chaos. K's discovery leads him on a quest to find Rick Deckard, a former LAPD blade runner who has been missing for 30 years."
157336,Interstellar,2014,movie,Christopher Nolan,Adventure|Drama|Science Fiction,The adventures of a group of explorers who make use of a newly discovered wormhole to surpass the limitations on human space travel and conquer the vast distances involved in an interstellar voyage.
64690,Drive,2011,movie,Nicolas Winding Refn,Drama|Thriller|Crime,"Driver is a skilled Hollywood stuntman who moonlights as a getaway driver for criminals. Though he projects an icy exterior, lately he's been warming up to a pretty neighbor named Irene and her young son, Benicio. When Irene's husband gets out of jail, he enlists Driver's help in a million-dollar heist. The job goes horribly wrong, and Driver must risk his life to protect Irene and Benicio from the vengeful masterminds behind the robbery."
153,Lost in Translation,2003,movie,Sofia Coppola,Drama|Comedy|Romance,"Two lost souls visiting Tokyo -- the young, neglected wife of a photographer and a washed-up movie star shooting a TV commercial -- find an odd solace and pensive freedom to be real in each other's company, away from their lives in America."
244786,Whiplash,2014,movie,Damien Chazelle,Drama|Music|Thriller,"Under the direction of a ruthless instructor, a talented young drummer begins to pursue perfection at any cost, even his humanity."
313369,La La Land,2016,movie,Damien Chazelle,Comedy|Drama|Romance,"Mia, an aspiring actress, serves lattes to movie stars in between auditions and Sebastian, a jazz musician, scrapes by playing cocktail party gigs in dingy bars, but as success mounts they are faced with decisions that begin to fray the fragile fabric of their love affair, and the dreams they worked so hard to maintain in each other threaten to rip them apart."
680,Pulp Fiction,1994,movie,Quentin Tarantino,Thriller|Crime|Comedy,"A burger-loving hit man, his philosophical partner, a drug-addled gangster's moll and a washed-up boxer converge in this sprawling, comedic crime caper. Their adventures unfurl in three stories that ingeniously trip back and forth in time."
129,Spirited Away,2001,movie,Hayao Miyazaki,Animation|Family|Fantasy,"A young girl, Chihiro, becomes trapped in a strange new world of spirits. When her parents undergo a mysterious transformation, she must call upon the courage she never knew she had to free her family."
496243,Parasite,2019,movie,Bong Joon Ho,Comedy|Thriller|Drama,"All unemployed, Ki-taek's family takes peculiar interest in the wealthy and glamorous Parks for their livelihood until they get entangled in an unexpected incident."
76341,Mad Max: Fury Road,2015,movie,George Miller,Action|Adventure|Science Fiction,"An apocalyptic story set in the furthest reaches of our planet, in a stark desert landscape where humanity is broken, and most everyone is crazed fighting for the necessities of life. Within this world exist two rebels on the run who just might be able to restore order."
120467,The Grand Budapest Hotel,2014,movie,Wes Anderson,Comedy|Drama,"The Grand Budapest Hotel tells of a legendary concierge at a famous European hotel between the wars and his friendship with a young employee who becomes his trusted protégé. The story involves the theft and recovery of a priceless Renaissance painting, the battle for an enormous family fortune and the slow and then sudden upheavals that transformed Europe during the first half of the 20th century."
38,Eternal Sunshine of the Spotless Mind,2004,movie,Michel Gondry,Science Fiction|Drama|Romance,"Joel Barish, heartbroken that his girlfriend underwent a procedure to erase him from her memory, decides to do the same. However, as he watches his memories of her fade away, he realises that he still loves her, and may be too late to correct his mistake."
194,Amélie,2001,movie,Jean-Pierre Jeunet,Comedy|Romance,"At a tiny Parisian café, the adorable yet painfully shy Amélie accidentally discovers a gift for helping others. Soon Amelie is spending her days as a matchmaker, guardian angel, and all-around do-gooder. But when she bumps into a handsome stranger, will she find the courage to become the star of her very own love story?"
179144,The Great Beauty,2013,movie,Paolo Sorrentino,Drama,"Jep Gambardella has seduced his way through the lavish nightlife of Rome for decades, but after his 65th birthday and a shock from the past, Jep looks past the nightclubs and parties to find a timeless landscape of absurd, exquisite beauty."
1396,Breaking Bad,2008,tv,Vince Gilligan,Drama|Crime,"Walter White, a New Mexico chemistry teacher, is diagnosed with Stage III cancer and given a prognosis of only two years left to live. He becomes filled with a sense of fearlessness and an unrelenting desire to secure his family's financial future at any cost as he enters the dangerous world of drugs and crime."
87108,Chernobyl,2019,tv,Craig Mazin,Drama,The true story of one of the worst man-made catastrophes in history: the catastrophic nuclear accident at Chernobyl. A tale of the brave men and women who sacrificed to save Europe from unimaginable disaster.
67070,Fleabag,2016,tv,Phoebe Waller-Bridge,Comedy|Drama,"A portrait into the mind of a dry-witted, sexual, angry, porn-watching, grief-riddled woman, trying to make sense of the world. As she hurls herself headlong at modern living, Fleabag is thrown roughly up against the walls of contemporary London, with all its frenetic energy, late nights, and bright lights."
94605,Arcane,2021,tv,"Christian Linke, Alex Yee",Animation|Action & Adventure|Sci-Fi & Fantasy,"Amid the stark discord of twin cities Piltover and Zaun, two sisters fight on rival sides of a war between magic technologies and clashing convictions."
95396,Severance,2022,tv,Dan Erickson,Drama|Mystery|Sci-Fi & Fantasy,"Mark leads a team of office workers whose memories have been surgically divided between their work and personal lives. When a mysterious colleague appears outside of work, it begins a journey to discover the truth about their jobs."
76331,Succession,2018,tv,Jesse Armstrong,Drama|Comedy,Follow the lives of the Roy family as they contemplate their future once their aging father begins to step back from the media and entertainment conglomerate they control.
27205,Inception,2010,movie,Christopher Nolan,Action|Science Fiction|Adventure,"Cobb, a skilled thief who commits corporate espionage by infiltrating the subconscious of his targets is offered a chance to regain his old life as payment for a task considered to be impossible: ""inception"", the implantation of another person's idea into a target's subconscious."
24,Kill Bill: Vol. 1,2003,movie,Quentin Tarantino,Action|Crime,"An assassin is shot by her ruthless employer, Bill, and other members of their assassination circle – but she lives to plot her vengeance."
1443,The Virgin Suicides,2000,movie,Sofia Coppola,Drama|Romance,"A group of male friends become obsessed with five mysterious sisters who are sheltered by their strict, religious parents."
329865,Arrival,2016,movie,Denis Villeneuve,Drama|Science Fiction|Mystery,"Taking place after alien crafts land around the world, an expert linguist is recruited by the military to determine whether they come in peace or are a threat."
747,Shaun of the Dead,2004,movie,Edgar Wright,Horror|Comedy,"Shaun lives a supremely uneventful life, which revolves around his girlfriend, his mother, and, above all, his local pub. This gentle routine is threatened when the dead return to life and make strenuous attempts to snack on ordinary Londoners."
489,Good Will Hunting,1997,movie,Gus Van Sant,Drama,"Will Hunting is a headstrong, working-class genius who is failing the lessons of life. After one too many run-ins with the law, Will's last chance is a psychology professor, who might be the only man who can reach him."
66732,Stranger Things,2016,tv,"Ross Duffer, Matt Duffer",Action & Adventure|Mystery|Sci-Fi & Fantasy,"When a young boy vanishes, a small town uncovers a mystery involving secret experiments, terrifying supernatural forces, and one strange little girl."
77338,The Intouchables,2011,movie,"Éric Toledano, Olivier Nakache",Drama|Comedy,A true story of two men who should never have met – a quadriplegic aristocrat who was injured in a paragliding accident and a young man from the projects.
11631,Mamma Mia!,2008,movie,Phyllida Lloyd,Comedy|Romance,A spirited young bride-to-be living with her single mother on a small Greek island secretly invites three of her mother's ex-boyfriends in hope of finding her biological father to walk her down the aisle.
118340,Guardians of the Galaxy,2014,movie,James Gunn,Action|Science Fiction|Adventure,"Light years from Earth, 26 years after being abducted, Peter Quill finds himself the prime target of a manhunt after discovering an orb wanted by Ronan the Accuser."
627,Trainspotting,1996,movie,Danny Boyle,Drama|Crime,"Heroin addict Mark Renton stumbles through bad ideas and sobriety attempts with his unreliable friends --Sick Boy, Begbie, Spud and Tommy. He also has an underage girlfriend, Diane, along for the ride. After cleaning up and moving from Edinburgh to London, Mark finds he can't escape the life he left behind as Begbie and Sick Boy come knocking."
550,Fight Club,1999,movie,David Fincher,Drama|Thriller,"A ticking-time-bomb insomniac and a slippery soap salesman channel primal male aggression into a shocking new form of therapy. Their concept catches on, with underground ""fight clubs"" forming in every town, until an eccentric gets in the way and ignites an out-of-control spiral toward oblivion."
37247,The Graduate,1967,movie,Mike Nichols,Drama|Romance|Comedy,A disillusioned college graduate finds himself torn between his older lover and her daughter.
500,Reservoir Dogs,1992,movie,Quentin Tarantino,Crime|Thriller,"A botched robbery indicates a police informant, and the pressure mounts in the aftermath at a warehouse. Crime begets violence as the survivors -- veteran Mr. White, newcomer Mr. Orange, psychopathic parolee Mr. Blonde, bickering weasel Mr. Pink and Nice Guy Eddie -- unravel."
744,Top Gun,1986,movie,Tony Scott,Action|Drama|Romance,"For Lieutenant Pete 'Maverick' Mitchell and his friend and co-pilot Nick 'Goose' Bradshaw, being accepted into an elite training school for fighter pilots is a dream come true. But a tragedy, as well as personal demons, will threaten Pete's dreams of becoming an ace pilot."
1371,Rocky III,1982,movie,Sylvester Stallone,Drama|Action,Following Rocky Balboa's intense battle with his most powerful adversary yet – the ferocious Clubber Lang – Rocky joins forces with former rival Apollo Creed in an effort to get back his fighting spirit.
620,Ghostbusters,1984,movie,Ivan Reitman,Comedy|Fantasy,"After losing their university jobs, three parapsychologists start a ghost-catching business in New York City and uncover a supernatural threat that could destroy the world."
11009,Saturday Night Fever,1977,movie,John Badham,Drama,Tony spends his Saturdays at a disco where his stylish moves raise his popularity among the patrons. But his life outside the disco is not easy and things change when he gets attracted to Stephanie.
85552,Euphoria,2019,tv,Sam Levinson,Drama,"A group of high school students navigate love and friendships in a world of drugs, sex, trauma, and social media."
398818,Call Me by Your Name,2017,movie,Luca Guadagnino,Romance|Drama,"In the summer of 1983, a 17-year-old Elio spends his days in his family's villa in Italy. One day Oliver, a graduate student, arrives to assist Elio's father, a professor of Greco-Roman culture. Soon, Elio and Oliver discover a summer that will alter their lives forever."
332562,A Star Is Born,2018,movie,Bradley Cooper,Music|Drama|Romance,"Seasoned musician Jackson Maine discovers — and falls in love with — struggling artist Ally. She has just about given up on her dream to make it big as a singer — until Jack coaxes her into the spotlight. But even as Ally's career takes off, the personal side of their relationship is breaking down, as Jack fights an ongoing battle with his own internal demons."
65,8 Mile,2002,movie,Curtis Hanson,Drama|Music,"For Jimmy Smith, Jr., life is a daily fight just to keep hope alive. Feeding his dreams in Detroit's vibrant music scene, Jimmy wages an extraordinary personal struggle to find his own voice - and earn a place in a world where rhymes rule, legends are born and every moment… is another chance."
284054,Black Panther,2018,movie,Ryan Coogler,Action|Adventure|Science Fiction,"King T'Challa returns home to the reclusive, technologically advanced African nation of Wakanda to serve as his country's new leader. However, T'Challa soon finds that he is challenged for the throne by factions within his own country as well as without. Using powers reserved to Wakandan kings, T'Challa assumes the Black Panther mantle to join with ex-girlfriend Nakia, the queen-mother, his princess-kid sister, members of the Dora Milaje (the Wakandan 'special forces') and an American secret agent, to prevent Wakanda from being dragged into a world war."
109445,Frozen,2013,movie,"Chris Buck, Jennifer Lee",Animation|Family|Adventure|Fantasy,"Young princess Anna of Arendelle dreams about finding true love at her sister Elsa’s coronation. Fate takes her on a dangerous journey in an attempt to end the eternal winter that has fallen over the kingdom. She's accompanied by ice delivery man Kristoff, his reindeer Sven, and snowman Olaf. On an adventure where she will find out what friendship, courage, family, and true love really means."
808,Shrek,2001,movie,"Andrew Adamson, Vicky Jenson",Animation|Comedy|Fantasy|Adventure|Family,"It ain't easy bein' green -- especially if you're a likable (albeit smelly) ogre named Shrek. On a mission to retrieve a gorgeous princess from the clutches of a fire-breathing dragon, Shrek teams up with an unlikely compatriot -- a wisecracking donkey."
19913,(500) Days of Summer,2009,movie,Marc Webb,Comedy|Drama|Romance,"Tom, greeting-card writer and hopeless romantic, is caught completely off-guard when his girlfriend, Summer, suddenly dumps him. He reflects on their 500 days together to try to figure out where their love affair went sour, and in doing so, Tom rediscovers his true passions in life."
2108,The Breakfast Club,1985,movie,John Hughes,Comedy|Drama,"Five high school students from different walks of life endure a Saturday detention under a power-hungry principal. The disparate group includes rebel John, princess Claire, outcast Allison, brainy Brian and Andrew, the jock. Each has a chance to tell his or her story, making the others see them a little differently -- and when the day ends, they question whether school will ever be the same."
641,Requiem for a Dream,2000,movie,Darren Aronofsky,Crime|Drama,The drug-induced utopias of four Coney Island residents are shattered when their addictions run deep.
37724,Skyfall,2012,movie,Sam Mendes,Action|Adventure|Thriller,"When Bond's latest assignment goes gravely wrong, agents around the world are exposed and MI6 headquarters is attacked. While M faces challenges to her authority and position from Gareth Mallory, the new Chairman of the Intelligence and Security Committee, it's up to Bond, aided only by field agent Eve, to locate the mastermind behind the attack."
28,Apocalypse Now,1979,movie,Francis Ford Coppola,Drama|War,"At the height of the Vietnam war, Captain Benjamin Willard is sent on a dangerous mission that, officially, ""does not exist, nor will it ever exist."" His goal is to locate - and eliminate - a mysterious Green Beret Colonel named Walter Kurtz, who has been leading his personal army on illegal guerrilla missions into enemy territory."
13,Forrest Gump,1994,movie,Robert Zemeckis,Comedy|Drama|Romance,"A man with a low IQ has accomplished great things in his life and been present during significant historic events—in each case, far exceeding what anyone imagined he could do. But despite all he has achieved, his one true love eludes him."
786,Almost Famous,2000,movie,Cameron Crowe,Drama|Music,"In 1973, a precocious 15-year-old aspiring rock journalist lands a dream assignment from Rolling Stone to tour with a rising rock band, embarking on a coming-of-age journey as he discovers the exhilarating and heartbreaking realities behind rock stardom."
624,Easy Rider,1969,movie,Dennis Hopper,Adventure|Drama,"Wyatt and Billy, two Harley-riding hippies, complete a drug deal in Southern California and decide to travel cross-country in search of spiritual truth."
8587,The Lion King,1994,movie,"Roger Allers, Rob Minkoff",Animation|Family|Drama,"Young lion prince Simba, eager to one day become king of the Pride Lands, grows up under the watchful eye of his father Mufasa; all the while his villainous uncle Scar conspires to take the throne for himself. Amid betrayal and tragedy, Simba must confront his past and find his rightful place in the Circle of Life."
251,Ghost,1990,movie,Jerry Zucker,Fantasy|Romance|Thriller,"After a young man is murdered, his spirit stays behind to warn his lover of impending danger, with the help of a reluctant psychic."
114,Pretty Woman,1990,movie,Garry Marshall,Romance|Comedy,"Vivian is a carefree, streetwise diamond in the rough when she meets sophisticated billionaire Edward in a chance encounter that turns into a week-long business arrangement. But Vivian's energetic spirit challenges Edward's no-nonsense approach to life, and soon they are teaching each other – and falling in love!"
1399,Game of Thrones,2011,tv,"David Benioff, D. B. Weiss",Sci-Fi & Fantasy|Drama|Action & Adventure,"Seven noble families fight for control of the mythical land of Westeros. Friction between the houses leads to full-scale war. All while a very ancient evil awakens in the farthest north. Amidst the war, a neglected military order of misfits, the Night's Watch, is all that stands between the realms of men and icy horrors beyond."
238,The Godfather,1972,movie,Francis Ford Coppola,Drama|Crime,"Spanning the years 1945 to 1955, a chronicle of the fictional Italian-American Corleone crime family. When organized crime family patriarch, Vito Corleone barely survives an attempt on his life, his youngest son, Michael steps in to take care of the would-be killers, launching a campaign of bloody revenge."
603,The Matrix,1999,movie,"Lana Wachowski, Lilly Wachowski",Action|Science Fiction,"Set in the 22nd century, The Matrix tells the story of a computer hacker who joins a group of underground insurgents fighting the vast and powerful computers who now rule the earth."
155,The Dark Knight,2008,movie,Christopher Nolan,Action|Thriller|Crime,"Batman raises the stakes in his war on crime. With the help of Lt. Jim Gordon and District Attorney Harvey Dent, Batman sets out to dismantle the remaining criminal organizations that plague the streets. The partnership proves to be effective, but they soon find themselves prey to a reign of chaos unleashed by a rising criminal mastermind known to the terrified citizens of Gotham as the Joker."
475557,Joker,2019,movie,Todd Phillips,Crime|Thriller|Drama,"During the 1980s, a failed stand-up comedian is driven insane and turns to a life of crime and chaos in Gotham City while becoming an infamous psychopathic crime figure."
438631,Dune,2021,movie,Denis Villeneuve,Science Fiction|Adventure,"Paul Atreides, a brilliant and gifted young man born into a great destiny beyond his understanding, must travel to the most dangerous planet in the universe to ensure the future of his family and his people. As malevolent forces explode into conflict over the planet's exclusive supply of the most precious resource in existence - a commodity capable of unlocking humanity's greatest potential - only those who can conquer their fear will survive."
872585,Oppenheimer,2023,movie,Christopher Nolan,Drama|History,The story of J. Robert Oppenheimer's role in the development of the atomic bomb during World War II.
152601,Her,2013,movie,Spike Jonze,Romance|Science Fiction|Drama,"In the not so distant future, Theodore, a lonely writer, purchases a newly developed operating system designed to meet the user's every need. To Theodore's surprise, a romantic relationship develops between him and his operating system. This unconventional love story blends science fiction and romance in a sweet tale that explores the nature of love and the ways that technology isolates and connects us all."
376867,Moonlight,2016,movie,Barry Jenkins,Drama,"The tender, heartbreaking story of a young man’s struggle to find himself, told across three defining chapters in his life as he experiences the ecstasy, pain, and beauty of falling in love, while grappling with his own sexuality."
545611,Everything Everywhere All at Once,2022,movie,"Daniel Scheinert, Daniel Kwan",Action|Adventure|Science Fiction,"An aging Chinese immigrant is swept up in an insane adventure, where she alone can save what's important to her by connecting with the lives she could have led in other universes."
37799,The Social Network,2010,movie,David Fincher,Drama,"In 2003, Harvard undergrad and computer programmer Mark Zuckerberg begins work on a new concept that eventually turns into the global social network known as Facebook. Six years later, Mark is one of the youngest billionaires ever, but his unprecedented success leads to both personal and legal complications when he ends up on the receiving end of two lawsuits, one involving his former friend."
98,Gladiator,2000,movie,Ridley Scott,Action|Drama|Adventure,"After the death of Emperor Marcus Aurelius, his devious son takes power and demotes Maximus, one of Rome's most capable generals who Marcus preferred. Eventually, Maximus is forced to become a gladiator and battle to the death against other men for the amusement of paying audiences."
597,Titanic,1997,movie,James Cameron,Drama|Romance,"101-year-old Rose DeWitt Bukater tells the story of her life aboard the Titanic, 84 years later. A young Rose boards the ship with her mother and fiancé. Meanwhile, Jack Dawson and Fabrizio De Rossi win third-class tickets aboard the ship. Rose tells the whole story from Titanic's departure through to its death—on its first and last voyage—on April 15, 1912."
120,The Lord of the Rings: The Fellowship of the Ring,2001,movie,Peter Jackson,Adventure|Fantasy|Action,"Young hobbit Frodo Baggins, after inheriting a mysterious ring from his uncle Bilbo, must leave his home in order to keep it from falling into the hands of its evil creator. Along the way, a fellowship is formed to protect the ringbearer and make sure that the ring arrives at its final destination: Mt. Doom, the only place where it can be destroyed."
105,Back to the Future,1985,movie,Robert Zemeckis,Adventure|Comedy|Science Fiction,"Eighties teenager Marty McFly is accidentally sent back in time to 1955, inadvertently disrupting his parents' first meeting and attracting his mother's romantic interest. Marty must repair the damage to history by rekindling his parents' romance and - with the help of his eccentric inventor friend Doc Brown - return to 1985."
278,The Shawshank Redemption,1994,movie,Frank Darabont,Drama|Crime,"Imprisoned in the 1940s for the double murder of his wife and her lover, upstanding banker Andy Dufresne begins a new life at the Shawshank prison, where he puts his accounting skills to work for an amoral warden. During his long stretch in prison, Dufresne comes to be admired by the other inmates -- including an older prisoner named Red -- for his integrity and unquenchable sense of hope."
807,Se7en,1995,movie,David Fincher,Crime|Mystery|Thriller,"Two homicide detectives are on a desperate hunt for a serial killer whose crimes are based on the ""seven deadly sins"" in this dark and haunting film that takes viewers from the tortured remains of one victim to the next. The seasoned Det. Somerset researches each sin in an effort to get inside the killer's mind, while his novice partner, Mills, scoffs at his efforts to unravel the case."
694,The Shining,1980,movie,Stanley Kubrick,Horror|Thriller,"Jack Torrance accepts a caretaker job at the Overlook Hotel, where he, along with his wife Wendy and their son Danny, must live isolated from the rest of the world for the winter. But they aren't prepared for the madness that lurks within."
103,Taxi Driver,1976,movie,Martin Scorsese,Crime|Drama,"Suffering from insomnia, disturbed loner Travis Bickle takes a job as a New York City cabbie, haunting the streets nightly, growing increasingly detached from reality as he dreams of cleaning up the filthy city."
769,GoodFellas,1990,movie,Martin Scorsese,Drama|Crime,"The true story of Henry Hill, a half-Irish, half-Sicilian Brooklyn kid who is adopted by neighbourhood gangsters at an early age and climbs the ranks of a Mafia family under the guidance of Jimmy Conway."
185,A Clockwork Orange,1971,movie,Stanley Kubrick,Science Fiction|Crime,"In a near-future Britain, young Alexander DeLarge and his pals get their kicks beating and raping anyone they please. When not destroying the lives of others, Alex swoons to the music of Beethoven. The state, eager to crack down on juvenile crime, gives an incarcerated Alex the option to undergo an invasive procedure that'll rob him of all personal agency. In a time when conscience is a commodity, can Alex change his tune?"
62,2001: A Space Odyssey,1968,movie,Stanley Kubrick,Science Fiction|Mystery|Adventure,"Humanity finds a mysterious object buried beneath the lunar surface and sets off to find its origins with the help of HAL 9000, the world's most advanced super computer."
372058,Your Name.,2016,movie,Makoto Shinkai,Animation|Romance|Drama,"High schoolers Mitsuha and Taki are complete strangers living separate lives. But one night, they suddenly switch places. Mitsuha wakes up in Taki’s body, and he in hers. This bizarre occurrence continues to happen randomly, and the two must adjust their lives around each other."
670,Oldboy,2003,movie,Park Chan-wook,Thriller|Mystery,"With no clue how he came to be imprisoned, drugged and tortured for 15 years, a desperate man seeks revenge on his captors."
598,City of God,2002,movie,Fernando Meirelles,Drama|Crime,"In the poverty-stricken favelas of Rio de Janeiro in the 1970s, two young men choose different paths. Rocket is a budding photographer who documents the increasing drug-related violence of his neighborhood, while José “Zé” Pequeno is an ambitious drug dealer diving into a dangerous life of crime."
11216,Cinema Paradiso,1988,movie,Giuseppe Tornatore,Drama|Romance,"A filmmaker recalls his childhood, when he fell in love with the movies at his village's theater and formed a deep friendship with the theater's projectionist."
37165,The Truman Show,1998,movie,Peter Weir,Comedy|Drama,"In a picture-perfect seaside town, an insurance salesman begins to realize that his entire existence may be staged and observed by a vast unseen audience as part of a long-running real-time reality TV show."
141,Donnie Darko,2001,movie,Richard Kelly,Fantasy|Drama|Mystery,"After narrowly escaping a bizarre accident, a troubled teenager is plagued by visions of a large bunny rabbit that manipulates him to commit a series of crimes."
339403,Baby Driver,2017,movie,Edgar Wright,Action|Crime,"After being coerced into working for a crime boss, a young getaway driver finds himself taking part in a heist doomed to fail."
106646,The Wolf of Wall Street,2013,movie,Martin Scorsese,Crime|Drama|Comedy,"A New York stockbroker refuses to cooperate in a large securities fraud case involving corruption on Wall Street, corporate banking world and mob infiltration. Based on Jordan Belfort's autobiography."
68718,Django Unchained,2012,movie,Quentin Tarantino,Drama|Western,"With the help of a German bounty hunter, a freed slave sets out to rescue his wife from a brutal Mississippi plantation owner."
419430,Get Out,2017,movie,Jordan Peele,Mystery|Thriller|Horror,"Chris and his girlfriend Rose go upstate to visit her parents for the weekend. At first, Chris reads the family's overly accommodating behavior as nervous attempts to deal with their daughter's interracial relationship, but as the weekend progresses, a series of increasingly disturbing discoveries lead him to a truth that he never could have imagined."
44214,Black Swan,2010,movie,Darren Aronofsky,Drama|Thriller|Horror,"A committed dancer struggles to maintain her sanity after winning the lead role in a production of Tchaikovsky's ""Swan Lake."""
284053,Thor: Ragnarok,2017,movie,Taika Waititi,Action|Adventure|Comedy|Science Fiction,"Thor is imprisoned on the other side of the universe and finds himself in a race against time to get back to Asgard to stop Ragnarok, the destruction of his home-world and the end of Asgardian civilization, at the hands of a powerful new threat, the ruthless Hela."
10138,Iron Man 2,2010,movie,Jon Favreau,Adventure|Action|Science Fiction,"With the world now aware of his dual life as the armored superhero Iron Man, billionaire inventor Tony Stark faces pressure from the government, the press and the public to share his technology with the military. Unwilling to let go of his invention, Stark, with Pepper Potts and James 'Rhodey' Rhodes at his side, must forge new alliances – and confront powerful enemies."
8872,Wayne's World,1992,movie,Penelope Spheeris,Comedy|Music,"The adventures of two amiably aimless metal-head friends, Wayne and Garth. From Wayne's basement, the pair broadcast a talk-show called ""Wayne's World"" on local public access television. The show comes to the attention of a sleazy network executive who wants to produce a big-budget version of ""Wayne's World""—and he also wants Wayne's girlfriend, a rock singer named Cassandra. Wayne and Garth have to battle the executive not only to save their show, but also Cassandra."
454,Romeo + Juliet,1996,movie,Baz Luhrmann,Drama|Romance,"In this contemporary take on William Shakespeare's classic tragedy, the Montagues and Capulets have moved their ongoing feud to the sweltering suburb of Verona Beach, where Romeo and Juliet fall in love and secretly wed. Though the film is visually modern, the bard's dialogue remains."
12405,Slumdog Millionaire,2008,movie,Danny Boyle,Drama|Romance,"A teenager reflects on his life after being accused of cheating on the Indian version of ""Who Wants to be a Millionaire?""."
161,Ocean's Eleven,2001,movie,Steven Soderbergh,Thriller|Crime,"Less than 24 hours into his parole, charismatic thief Danny Ocean is already rolling out his next plan: In one night, Danny's hand-picked crew of specialists will attempt to steal more than $150 million from three Las Vegas casinos. But to score the cash, Danny risks his chances of reconciling with ex-wife, Tess."
263115,Logan,2017,movie,James Mangold,Action|Drama|Science Fiction,"In the near future, a weary Logan cares for an ailing Professor X in a hideout on the Mexican border. But Logan's attempts to hide from the world and his legacy are upended when a young mutant arrives, pursued by dark forces."
9909,Dangerous Minds,1995,movie,John N. Smith,Drama,"Former Marine Louanne Johnson lands a gig teaching in a pilot program for bright but underachieving teens at a notorious inner-city high school. After having a terrible first day, she decides she must throw decorum to the wind. When Johnson returns to the classroom, she does so armed with a no-nonsense attitude informed by her military training and a fearless determination to better the lives of her students -- no matter what the cost."
265177,Mommy,2014,movie,Xavier Dolan,Drama,"A peculiar neighbor offers hope to a recent widow who is struggling to raise a teenager who is unpredictable and, sometimes, violent."
801,"Good Morning, Vietnam",1987,movie,Barry Levinson,Comedy|Drama|War,"A disk jockey goes to Vietnam to work for the Armed Forces Radio Service. While he becomes popular among the troops, his superiors disapprove of his humor."
509,Notting Hill,1999,movie,Roger Michell,Romance|Comedy,London bookstore owner William Thacker's quiet life turns upside down when a chance encounter with famous actress Anna Scott sparks an unlikely romance challenged by their vastly different worlds.
60574,Peaky Blinders,2013,tv,Steven Knight,Drama|Crime,"A gangster family epic set in 1919 Birmingham, England and centered on a gang who sew razor blades in the peaks of their caps, and their fierce boss Tommy Shelby, who means to move up in the world."
1398,The Sopranos,1999,tv,David Chase,Crime|Drama,"The story of New Jersey-based Italian-American mobster Tony Soprano and the difficulties he faces as he tries to balance the conflicting requirements of his home life and the criminal organization he heads. Those difficulties are often highlighted through his ongoing professional relationship with psychiatrist Jennifer Melfi. The show features Tony's family members and Mafia associates in prominent roles and story arcs, most notably his wife Carmela and his cousin and protégé Christopher Moltisanti."
1920,Twin Peaks,1990,tv,"Mark Frost, David Lynch",Drama|Mystery,The body of Laura Palmer is washed up on a beach near the small Washington state town of Twin Peaks. FBI Special Agent Dale Cooper is called in to investigate her strange demise only to uncover a web of mystery that ultimately leads him deep into the heart of the surrounding woodland and his very own soul.
46648,True Detective,2014,tv,"Nic Pizzolatto, Issa López",Drama|Mystery,"An American anthology police detective series utilizing multiple timelines in which investigations seem to unearth personal and professional secrets of those involved, both within or outside the law."
62560,Mr. Robot,2015,tv,Sam Esmail,Crime|Drama,"A young programmer, Elliot, suffers from a debilitating anti-social disorder and decides that he can only connect to people by hacking them. He wields his skills as a weapon to protect the people that he cares about. Elliot finds himself in the intersection between a cybersecurity firm he works for and the underworld organizations that are recruiting him to bring down corporate America."
42009,Black Mirror,2011,tv,Charlie Brooker,Sci-Fi & Fantasy|Drama|Mystery,"Twisted tales run wild in this mind-bending anthology series that reveals humanity's worst traits, greatest innovations and more."
93405,Squid Game,2021,tv,Hwang Dong-hyuk,Action & Adventure|Mystery|Drama,"Hundreds of cash-strapped players accept a strange invitation to compete in children's games. Inside, a tempting prize awaits — with deadly high stakes."
70523,Dark,2017,tv,"Baran bo Odar, Jantje Friese",Crime|Drama|Sci-Fi & Fantasy|Mystery,A missing child sets four families on a frantic hunt for answers as they unearth a mind-bending mystery that spans three generations.
63247,Westworld,2016,tv,"Jonathan Nolan, Lisa Joy",Sci-Fi & Fantasy|Western,"A dark odyssey about the dawn of artificial consciousness and the evolution of sin. Set at the intersection of the near future and the reimagined past, it explores a world in which every human appetite, no matter how noble or depraved, can be indulged."
60059,Better Call Saul,2015,tv,"Vince Gilligan, Peter Gould",Crime|Drama,"Six years before Saul Goodman meets Walter White. We meet him when the man who will become Saul Goodman is known as Jimmy McGill, a small-time lawyer searching for his destiny, and, more immediately, hustling to make ends meet. Working alongside, and, often, against Jimmy, is “fixer” Mike Ehrmantraut. The series tracks Jimmy’s transformation into Saul Goodman, the man who puts “criminal” in “criminal lawyer""."
136315,The Bear,2022,tv,Christopher Storer,Drama|Comedy,"Carmy, a young fine-dining chef, comes home to Chicago to run his family sandwich shop. As he fights to transform the shop and himself, he works alongside a rough-around-the-edges crew that ultimately reveal themselves as his chosen family."
12,Finding Nemo,2003,movie,Andrew Stanton,Animation|Family|Adventure,"Nemo, an adventurous young clownfish, is unexpectedly taken from his Great Barrier Reef home to a dentist's office aquarium. It's up to his worrisome father Marlin and a friendly but forgetful fish Dory to bring Nemo home -- meeting vegetarian sharks, surfer dude turtles, hypnotic jellyfish, hungry seagulls, and more along the way."
9799,The Fast and the Furious,2001,movie,Rob Cohen,Action|Crime|Thriller,"Dominic Toretto is a Los Angeles street racer suspected of masterminding a series of big-rig hijackings. When undercover cop Brian O'Conner infiltrates Toretto's iconoclastic crew, he falls for Toretto's sister and must choose a side: the gang or the LAPD."
424,Schindler's List,1993,movie,Steven Spielberg,Drama|History|War,The true story of how businessman Oskar Schindler saved over a thousand Jewish lives from the Nazis while they worked as slaves in his factory during World War II.
274,The Silence of the Lambs,1991,movie,Jonathan Demme,Crime|Thriller|Drama,"Clarice Starling is a top student at the FBI's training academy.  Jack Crawford wants Clarice to interview Dr. Hannibal Lecter, a brilliant psychiatrist who is also a violent psychopath, serving life behind bars for various acts of murder and cannibalism.  Crawford believes that Lecter may have insight into a case and that Starling, as an attractive young woman, may be just the bait to draw him out."
857,Saving Private Ryan,1998,movie,Steven Spielberg,War|Drama|History,"As U.S. troops storm the beaches of Normandy, three brothers lie dead on the battlefield, with a fourth trapped behind enemy lines. Ranger captain John Miller and seven men are tasked with penetrating German-held territory and bringing the boy home."
289,Casablanca,1943,movie,Michael Curtiz,Drama|Romance,"In Casablanca, Morocco in December 1941, a cynical American expatriate meets a former lover, with unforeseen complications."
539,Psycho,1960,movie,Alfred Hitchcock,Horror|Thriller|Mystery,"When larcenous real estate clerk Marion Crane goes on the lam with a wad of cash and hopes of starting a new life, she ends up at the notorious Bates Motel, where manager Norman Bates cares for his housebound mother."
111,Scarface,1983,movie,Brian De Palma,Action|Crime|Drama,"After getting a green card in exchange for assassinating a Cuban government official, Tony Montana stakes a claim on the drug trade in Miami. Viciously murdering anyone who stands in his way, Tony eventually becomes the biggest drug lord in the state, controlling nearly all the cocaine that comes through Miami. But increased pressure from the police, wars with Colombian drug cartels and his own drug-fueled paranoia serve to fuel the flames of his eventual downfall."
1366,Rocky,1976,movie,John G. Avildsen,Drama,"Rocky Balboa is a Philadelphia club fighter who seems to be going nowhere. But when a stroke of fate puts him in the ring with a world heavyweight champion, Rocky knows that it's his one shot at the big time — a once-in-a-lifetime opportunity to go the distance and come out a winner!"
578,Jaws,1975,movie,Steven Spielberg,Horror|Thriller|Adventure,"When the seaside community of Amity finds itself under attack by a dangerous great white shark, the town's chief of police, a young marine biologist, and a grizzled shark hunter embark on a desperate quest to kill the beast before it strikes again."
601,E.T. the Extra-Terrestrial,1982,movie,Steven Spielberg,Adventure|Science Fiction|Family,"An alien is left behind on Earth and saved by the 10-year-old Elliott who decides to keep him hidden in his home. While a task force hunts for the extra-terrestrial, Elliott, his brother, and his little sister Gertie form an emotional bond with their new friend, and try to help him find his way home."
11,Star Wars,1977,movie,George Lucas,Adventure|Action|Science Fiction,Princess Leia is captured and held hostage by the evil Imperial forces in their effort to take over the galactic Empire. Venturesome Luke Skywalker and dashing captain Han Solo team together with the loveable robot duo R2-D2 and C-3PO to rescue the beautiful princess and restore peace and justice in the Empire.
85,Raiders of the Lost Ark,1981,movie,Steven Spielberg,Adventure|Action,"When Dr. Indiana Jones – the tweed-suited professor who just happens to be a celebrated archaeologist – is hired by the government to locate the legendary Ark of the Covenant, he finds himself up against the entire Nazi regime."
329,Jurassic Park,1993,movie,Steven Spielberg,Adventure|Science Fiction,"A wealthy entrepreneur secretly creates a theme park featuring living dinosaurs drawn from prehistoric DNA. Before opening day, he invites a team of experts and his two eager grandchildren to experience the park and help calm anxious investors. However, the park is anything but amusing as the security systems go off-line and the dinosaurs escape."
348,Alien,1979,movie,Ridley Scott,Horror|Science Fiction,"During its return to the earth, commercial spaceship Nostromo intercepts a distress signal from a distant planet. When a three-member team of the crew discovers a chamber containing thousands of eggs on the planet, a creature inside one of the eggs attacks an explorer. The entire crew is unaware of the impending nightmare set to descend upon them when the alien parasite planted inside its unfortunate host is birthed."
78,Blade Runner,1982,movie,Ridley Scott,Science Fiction|Drama|Thriller,"In the smog-choked dystopian Los Angeles of 2019, blade runner Rick Deckard is called out of retirement to terminate a quartet of replicants who have escaped to Earth seeking their creator for a way to extend their short life spans."
280,Terminator 2: Judgment Day,1991,movie,James Cameron,Action|Thriller|Science Fiction,"Ten years after the events of the original, a reprogrammed T-800 is sent back in time to protect young John Connor from the shape-shifting T-1000. Together with his mother Sarah, he fights to stop Skynet from triggering a nuclear apocalypse."
562,Die Hard,1988,movie,John McTiernan,Action|Thriller,"High above the city of L.A. a team of terrorists has seized a building, taken hostages, and declared war. One man has manages to escape... An off-duty cop hiding somewhere inside. He's alone, tired... and the only chance anyone has got."
862,Toy Story,1995,movie,John Lasseter,Family|Comedy|Animation|Adventure,"Led by Woody, Andy's toys live happily in his room until Andy's birthday brings Buzz Lightyear onto the scene. Afraid of losing his place in Andy's heart, Woody plots against Buzz. But when circumstances separate Buzz and Woody from their owner, the duo eventually learns to put aside their differences."
14160,Up,2009,movie,Pete Docter,Animation|Comedy|Family|Adventure,"Carl Fredricksen spent his entire life dreaming of exploring the globe and experiencing life to its fullest. But at age 78, life seems to have passed him by, until a twist of fate (and a persistent 8-year old Wilderness Explorer named Russell) gives him a new lease on life."
10681,WALL·E,2008,movie,Andrew Stanton,Animation|Family|Science Fiction,"After hundreds of years doing what he was built for, WALL•E— a robot designed to clean up the earth—discovers a new purpose in life when he meets a sleek search robot named EVE. EVE comes to realize that WALL•E has inadvertently stumbled upon the key to the planet's future, and races back to space to report to the humans. Meanwhile, WALL•E chases EVE across the galaxy and sets into motion one of the most imaginative adventures ever brought to the big screen."
150540,Inside Out,2015,movie,Pete Docter,Animation|Family|Adventure|Drama|Comedy,"When 11-year-old Riley moves to a new city, her Emotions team up to help her through the transition. Joy, Fear, Anger, Disgust and Sadness work together, but when Joy and Sadness get lost, they must journey through unfamiliar places to get back home."
354912,Coco,2017,movie,Lee Unkrich,Family|Animation|Music|Adventure,"Despite his family’s baffling generations-old ban on music, Miguel dreams of becoming an accomplished musician like his idol, Ernesto de la Cruz. Desperate to prove his talent, Miguel finds himself in the stunning and colorful Land of the Dead following a mysterious chain of events. Along the way, he meets charming trickster Hector, and together, they set off on an extraordinary journey to unlock the real story behind Miguel's family history."
324857,Spider-Man: Into the Spider-Verse,2018,movie,"Bob Persichetti, Peter Ramsey, Rodney Rothman",Animation|Action|Adventure|Science Fiction,"Struggling to find his place in the world while juggling school and family, Brooklyn teenager Miles Morales is unexpectedly bitten by a radioactive spider and develops unfathomable powers just like the one and only Spider-Man. While wrestling with the implications of his new abilities, Miles discovers a super collider created by the madman Wilson ""Kingpin"" Fisk, causing others from across the Spider-Verse to be inadvertently transported to his dimension."
4935,Howl's Moving Castle,2004,movie,Hayao Miyazaki,Fantasy|Animation|Adventure,"Sophie, a young milliner, is turned into an elderly woman by a witch who enters her shop and curses her. She encounters a wizard named Howl and gets caught up in his resistance to fighting for the king."
128,Princess Mononoke,1997,movie,Hayao Miyazaki,Adventure|Fantasy|Animation,"Ashitaka, a prince of the disappearing Emishi people, is cursed by a demonized boar god and must journey to the west to find a cure. Along the way, he encounters San, a young human woman fighting to protect the forest, and Lady Eboshi, who is trying to destroy it. Ashitaka must find a way to bring balance to this conflict."
8392,My Neighbor Totoro,1988,movie,Hayao Miyazaki,Fantasy|Animation|Family,"Two sisters move to the country with their father in order to be closer to their hospitalized mother, and discover the surrounding trees are inhabited by Totoros, magical spirits of the forest. When the youngest runs away from home, the older sister seeks help from the spirits to find her."
149,Akira,1988,movie,Katsuhiro Otomo,Animation|Science Fiction|Action,A secret military project endangers Neo-Tokyo when it turns a biker gang member into a rampaging psychic psychopath that only two teenagers and a group of psychics can stop.
671,Harry Potter and the Philosopher's Stone,2001,movie,Chris Columbus,Adventure|Fantasy,"Harry Potter has lived under the stairs at his aunt and uncle's house his whole life. But on his 11th birthday, he learns he's a powerful wizard—with a place waiting for him at the Hogwarts School of Witchcraft and Wizardry. As he learns to harness his newfound powers with the help of the school's kindly headmaster, Harry uncovers the truth about his parents' deaths—and about the villain who's to blame."
22,Pirates of the Caribbean: The Curse of the Black Pearl,2003,movie,Gore Verbinski,Adventure|Fantasy|Action,"When wily pirate Captain Barbossa seizes Jack Sparrow’s beloved ship, the Black Pearl, and kidnaps the governor’s daughter, Elizabeth Swann, blacksmith Will Turner reluctantly teams up with the unpredictable pirate Jack to rescue her—only to uncover a terrifying curse that turns Barbossa’s crew into the undead."
299534,Avengers: Endgame,2019,movie,"Anthony Russo, Joe Russo",Adventure|Science Fiction|Action,"After the devastating events of Avengers: Infinity War, the universe is in ruins due to the efforts of the Mad Titan, Thanos. With the help of remaining allies, the Avengers must assemble once more in order to undo Thanos' actions and restore order to the universe once and for all, no matter what consequences may be in store."
414906,The Batman,2022,movie,Matt Reeves,Crime|Mystery|Thriller,"In his second year of fighting crime, Batman uncovers corruption in Gotham City that connects to his own family while facing a serial killer known as the Riddler."
245891,John Wick,2014,movie,Chad Stahelski,Action|Thriller,Ex-hitman John Wick comes out of retirement to track down the gangsters that took everything from him.
36557,Casino Royale,2006,movie,Martin Campbell,Adventure|Action|Thriller,"Le Chiffre, a banker to the world's terrorists, is scheduled to participate in a high-stakes poker game in Montenegro, where he intends to use his winnings to establish his financial grip on the terrorist market. M sends Bond—on his maiden mission as a 00 Agent—to attend this game and prevent Le Chiffre from winning. With the help of Vesper Lynd and Felix Leiter, Bond enters the most important poker game in his already dangerous career."
949,Heat,1995,movie,Michael Mann,Crime|Drama|Action,Obsessive master thief Neil McCauley leads a top-notch crew on various daring heists throughout Los Angeles while determined detective Vincent Hanna pursues him without rest. Each man recognizes and respects the ability and the dedication of the other even though they are aware their cat-and-mouse game may end in violence.
1422,The Departed,2006,movie,Martin Scorsese,Drama|Thriller|Crime,"To take down South Boston's Irish Mafia, the police send in one of their own to infiltrate the underworld, not realizing the syndicate has done likewise. While an undercover cop curries favor with the mob kingpin, a career criminal rises through the police ranks. But both sides soon discover there's a mole among them."
6977,No Country for Old Men,2007,movie,"Joel Coen, Ethan Coen",Crime|Thriller|Western,"Llewelyn Moss stumbles upon dead bodies, $2 million and a hoard of heroin in a Texas desert, but methodical killer Anton Chigurh comes looking for it, with local sheriff Ed Tom Bell hot on his trail. The roles of prey and predator blur as the violent pursuit of money and justice collide."
7345,There Will Be Blood,2007,movie,Paul Thomas Anderson,Drama,"Ruthless silver miner, turned oil prospector, Daniel Plainview, moves to oil-rich California. Using his son to project a trustworthy, family-man image, Plainview cons local landowners into selling him their valuable properties for a pittance. However, local preacher Eli Sunday suspects Plainview's motives and intentions, starting a slow-burning feud that threatens both their lives."
210577,Gone Girl,2014,movie,David Fincher,Mystery|Thriller|Drama,"With his wife's disappearance having become the focus of an intense media circus, a man sees the spotlight turned on him when it's suspected that he may not be innocent."
273481,Sicario,2015,movie,Denis Villeneuve,Action|Crime|Thriller,An idealistic FBI agent is enlisted by a government task force to aid in the escalating war against drugs at the border area between the U.S. and Mexico.
242582,Nightcrawler,2014,movie,Dan Gilroy,Crime|Drama|Thriller,"When Lou Bloom, desperate for work, muscles into the world of L.A. crime journalism, he blurs the line between observer and participant to become the star of his own story. Aiding him in his effort is Nina, a TV-news veteran."
1359,American Psycho,2000,movie,Mary Harron,Thriller|Drama|Crime,"A wealthy New York investment banking executive hides his alternate psychopathic ego from his co-workers and friends as he escalates deeper into his illogical, gratuitous fantasies."
14,American Beauty,1999,movie,Sam Mendes,Drama,"Lester Burnham, a depressed suburban father in a mid-life crisis, decides to turn his hectic life around after developing an infatuation with his daughter's attractive friend."
115,The Big Lebowski,1998,movie,"Joel Coen, Ethan Coen",Comedy|Crime,"Jeffrey 'The Dude' Lebowski, a Los Angeles slacker who only wants to bowl and drink White Russians, is mistaken for another Jeffrey Lebowski, a wheelchair-bound millionaire, and finds himself dragged into a strange series of events involving nihilists, adult film producers, ferrets, errant toes, and large sums of money."
275,Fargo,1996,movie,Joel Coen,Crime|Drama|Thriller,Jerry Lundegaard is a small-town Minnesota car salesman deeply in debt and willing to do almost anything to get out. Police chief Marge Gunderson discovers a string of violent crimes as Jerry's schemes spiral out of control.
16869,Inglourious Basterds,2009,movie,Quentin Tarantino,Drama|Thriller|War,"In Nazi-occupied France during World War II, a group of Jewish-American soldiers known as ""The Basterds"" are chosen specifically to spread fear throughout the Third Reich by scalping and brutally killing Nazis. The Basterds, lead by Lt. Aldo Raine soon cross paths with a French-Jewish teenage girl who runs a movie theater in Paris which is targeted by the soldiers."
466272,Once Upon a Time... in Hollywood,2019,movie,Quentin Tarantino,Comedy|Drama|Thriller,"Los Angeles, 1969. TV star Rick Dalton, a struggling actor specializing in westerns, and stuntman Cliff Booth, his best friend, try to survive in a constantly changing movie industry. Dalton is the neighbor of the young and promising actress and model Sharon Tate, who has just married the prestigious Polish director Roman Polanski…"
77,Memento,2000,movie,Christopher Nolan,Mystery|Thriller,"Leonard Shelby is tracking down the man who raped and murdered his wife. The difficulty of locating his wife's killer, however, is compounded by the fact that he suffers from a rare, untreatable form of short-term memory loss. Although he can recall details of life before his accident, Leonard cannot remember what happened fifteen minutes ago, where he's going, or why."
374720,Dunkirk,2017,movie,Christopher Nolan,War|Action|Drama,"The story of the miraculous evacuation of Allied soldiers from Belgium, Britain, Canada and France, who were cut off and surrounded by the German army from the beaches and harbour of Dunkirk between May 26th and June 4th 1940 during World War II."
49047,Gravity,2013,movie,Alfonso Cuarón,Science Fiction|Thriller|Drama,"Dr Ryan Stone, an engineer on her first space mission, and Matt Kowalski, an astronaut on his final expedition, have to survive in space after they are hit by debris while spacewalking."
264660,Ex Machina,2015,movie,Alex Garland,Drama|Science Fiction,"Caleb, a coder at the world's largest internet company, wins a competition to spend a week at a private mountain retreat belonging to Nathan, the reclusive CEO of the company. But when Caleb arrives at the remote location he finds that he will have to participate in a strange and fascinating experiment in which he must interact with the world's first true artificial intelligence, housed in the body of a beautiful robot girl."
530385,Midsommar,2019,movie,Ari Aster,Horror|Drama|Mystery,"Several friends travel to Sweden to study as anthropologists a summer festival that is held every ninety years in the remote hometown of one of them. What begins as a dream vacation in a place where the sun never sets, gradually turns into a dark nightmare as the mysterious inhabitants invite them to participate in their disturbing festive activities."
493922,Hereditary,2018,movie,Ari Aster,Horror|Mystery|Thriller,"Following the death of the Leigh family matriarch, Annie and her children uncover disturbing secrets about their heritage. Their daily lives are not only impacted, but they also become entangled in a chilling fate from which they cannot escape, driving them to the brink of madness."
9552,The Exorcist,1973,movie,William Friedkin,Horror,"When a mysterious entity possesses a young girl, her mother seeks the help of two Catholic priests to save her life."
948,Halloween,1978,movie,John Carpenter,Horror|Thriller,"Fifteen years after murdering his sister on Halloween Night 1963, Michael Myers escapes from a mental hospital and returns to the small town of Haddonfield, Illinois to kill again."
745,The Sixth Sense,1999,movie,M. Night Shyamalan,Mystery|Thriller|Drama,"Following an unexpected tragedy, child psychologist Malcolm Crowe meets a nine year old boy named Cole Sear, who is hiding a dark secret."
1417,Pan's Labyrinth,2006,movie,Guillermo del Toro,Fantasy|Drama|War,"In post–civil war Spain, 10-year-old Ofelia moves with her pregnant mother to live under the control of her cruel stepfather. Drawn into a mysterious labyrinth, she meets a faun who reveals that she may be a lost princess from an underground kingdom. To return to her true father, she must complete a series of surreal and perilous tasks that blur the line between reality and fantasy."
637,Life Is Beautiful,1997,movie,Roberto Benigni,Comedy|Drama,A touching story of an Italian book seller of Jewish ancestry who lives in his own little fairy tale. His creative and happy life would come to an abrupt halt when his entire family is deported to a concentration camp during World War II. While locked up he tries to convince his son that the whole thing is just a game.
423,The Pianist,2002,movie,Roman Polanski,Drama|War,"The true story of pianist Władysław Szpilman's experiences in Warsaw during the Nazi occupation. When the Jews of the city find themselves forced into a ghetto, Szpilman finds work playing in a café; and when his family is deported in 1942, he stays behind, works for a while as a laborer, and eventually goes into hiding in the ruins of the war-torn city."
279,Amadeus,1984,movie,Miloš Forman,Drama|History|Music,Disciplined Italian composer Antonio Salieri becomes consumed by jealousy and resentment towards the hedonistic and remarkably talented young Salzburger composer Wolfgang Amadeus Mozart.
207,Dead Poets Society,1989,movie,Peter Weir,Drama,"At an elite, old-fashioned boarding school in New England, a passionate English teacher inspires his students to rebel against convention and seize the potential of every day, courting the disdain of the stern headmaster."
9377,Ferris Bueller's Day Off,1986,movie,John Hughes,Comedy,"After high school slacker Ferris Bueller successfully fakes an illness in order to skip school for the day, he goes on a series of adventures throughout Chicago with his girlfriend Sloane and best friend Cameron, all the while trying to outwit his wily school principal and fed-up sister."
10625,Mean Girls,2004,movie,Mark Waters,Drama|Comedy,"Cady Heron is a hit with The Plastics, the A-list girl clique at her new school, until she makes the mistake of falling for Aaron Samuels, the ex-boyfriend of alpha Plastic Regina George."
773,Little Miss Sunshine,2006,movie,"Jonathan Dayton, Valerie Faris",Comedy|Drama,"A family loaded with quirky, colorful characters piles into an old van and road trips to California for little Olive to compete in a beauty pageant."
391713,Lady Bird,2017,movie,Greta Gerwig,Drama|Comedy,"Lady Bird McPherson, a strong willed, deeply opinionated, artistic 17 year old comes of age in Sacramento. Her relationship with her mother and her upbringing are questioned and tested as she plans to head off to college."
76,Before Sunrise,1995,movie,Richard Linklater,Drama|Romance,"An unexpected meeting on a train leads two travelers to spend an evening wandering through Vienna. As the night unfolds, they share stories and conversations about life and love, exploring new ideas while a quiet intimacy grows between them, knowing it may be their only night together."
843,In the Mood for Love,2000,movie,Wong Kar-Wai,Drama|Romance,"In 1960s Hong Kong, two neighbors form an intimate bond after making a discovery about their spouses in this visually stunning tale of unrequited love."
11104,Chungking Express,1994,movie,Wong Kar-Wai,Drama|Comedy|Romance,"Two melancholic Hong Kong policemen fall in love: one with a mysterious underworld figure, the other with a beautiful and ethereal server at a late-night restaurant."
406,La Haine,1995,movie,Mathieu Kassovitz,Drama,"After a chaotic night of rioting in a marginal suburb of Paris, three young friends, Vinz, Hubert and Saïd, wander around unoccupied waiting for news about the state of health of a mutual friend who has been seriously injured when confronting the police."
439,La Dolce Vita,1960,movie,Federico Fellini,Comedy|Drama,"Episodic journey of journalist Marcello who struggles to find his place in the world, torn between the allure of Rome's elite social scene and the stifling domesticity offered by his girlfriend, all the while searching for a way to become a serious writer."
429,"The Good, the Bad and the Ugly",1966,movie,Sergio Leone,Western,"While the Civil War rages on between the Union and the Confederacy, three men – a quiet loner, a ruthless hitman, and a Mexican bandit – comb the American Southwest in search of a strongbox containing $200,000 in stolen gold."
335,Once Upon a Time in the West,1968,movie,Sergio Leone,Drama|Western,"As the railroad builders advance unstoppably through the Arizona desert on their way to the sea, Jill arrives in the small town of Flagstone with the intention of starting a new life."
64682,The Great Gatsby,2013,movie,Baz Luhrmann,Drama|Romance,"Nick Carraway arrives in New York in 1922, an era of loose morals, glittering jazz and bootleg kings. Chasing his own American Dream, Nick encounters the mysterious millionaire Gatsby and his bewitching cousin Daisy. Soon, Nick is drawn into the captivating world of the super-rich, their illusions, loves and deceits. Bearing witness to this new world, Nick pens a tale of impossible love, incorruptible dreams and unforgettable tragedy -- mirroring our own times and struggles.​"
824,Moulin Rouge!,2001,movie,Baz Luhrmann,Drama|Romance|Music,"A celebration of love and creative inspiration takes place in the infamous, gaudy and glamorous Parisian nightclub, at the cusp of the 20th century. A young poet, who is plunged into the heady world of Moulin Rouge, begins a passionate affair with the club's most notorious and beautiful star."
424694,Bohemian Rhapsody,2018,movie,Bryan Singer,Music|Drama,"Singer Freddie Mercury, guitarist Brian May, drummer Roger Taylor and bass guitarist John Deacon take the music world by storm when they form the rock 'n' roll band Queen in 1970. Hit songs become instant classics. When Mercury's increasingly wild lifestyle starts to spiral out of control, Queen soon faces its greatest challenge yet – finding a way to keep the band together amid the success and excess."
504608,Rocketman,2019,movie,Dexter Fletcher,Music|Drama,"The story of Elton John's life, from his years as a prodigy at the Royal Academy of Music through his influential and enduring musical partnership with Bernie Taupin."
621,Grease,1978,movie,Randal Kleiser,Romance|Comedy,"Australian good girl Sandy and greaser Danny fell in love over the summer. But when they unexpectedly discover they're now in the same high school, will they be able to rekindle their romance despite their eccentric friends?"
88,Dirty Dancing,1987,movie,Emile Ardolino,Drama|Music|Romance,"Expecting the usual tedium that accompanies a summer in the Catskills with her family, 17-year-old Frances 'Baby' Houseman is surprised to find herself stepping into the shoes of a professional hoofer—and unexpectedly falling in love."
525,The Blues Brothers,1980,movie,John Landis,Music|Comedy|Crime,"Jake Blues, just released from prison, puts his old band back together to save the Catholic home where he and his brother Elwood were raised."
1584,The School of Rock,2003,movie,Richard Linklater,Comedy|Family|Music,"Fired from his band and hard up for cash, guitarist and vocalist Dewey Finn finagles his way into a job as a fifth-grade substitute teacher at a private school, where he secretly begins teaching his straight-A students the finer points of rock 'n' roll and the power of sticking it to the man. But as the school’s stern principal closes in and the Battle of the Bands looms, Dewey must risk everything to prove that rock 'n' roll can change lives."
22538,Scott Pilgrim vs. the World,2010,movie,Edgar Wright,Action|Comedy|Romance,"As bass guitarist for a garage-rock band, Scott Pilgrim has never had trouble getting a girlfriend; usually, the problem is getting rid of them. But when Ramona Flowers skates into his heart, he finds she has the most troublesome baggage of all: an army of ex-boyfriends who will stop at nothing to eliminate him from her list of suitors."
84892,The Perks of Being a Wallflower,2012,movie,Stephen Chbosky,Drama,"Pittsburgh, Pennsylvania, 1991. High school freshman Charlie is a wallflower, always watching life from the sidelines, until two senior students, Sam and her stepbrother Patrick, become his mentors, helping him discover the joys of friendship, music and love."
8966,Twilight,2008,movie,Catherine Hardwicke,Fantasy|Drama|Romance,"When Bella Swan moves to a small town in the Pacific Northwest, she falls in love with Edward Cullen, a mysterious classmate who reveals himself to be a 108-year-old vampire. Despite Edward's repeated cautions, Bella can't stay away from him, a fatal move that endangers her own life."
346698,Barbie,2023,movie,Greta Gerwig,Comedy|Adventure|Fantasy,"Barbie and Ken are having the time of their lives in the colorful and seemingly perfect world of Barbie Land. However, when they get a chance to go to the real world, they soon discover the joys and perils of living among humans."
361743,Top Gun: Maverick,2022,movie,Joseph Kosinski,Action|Drama,"After more than thirty years of service as one of the Navy’s top aviators, and dodging the advancement in rank that would ground him, Pete “Maverick” Mitchell finds himself training a detachment of TOP GUN graduates for a specialized mission the likes of which no living pilot has ever seen."
11036,The Notebook,2004,movie,Nick Cassavetes,Romance|Drama,"An epic love story centered around an older man who reads aloud to a woman with Alzheimer's. From a faded notebook, the old man's words bring to life the story about a couple who is separated by World War II, and is then passionately reunited, seven years later, after they have taken different paths."
4348,Pride & Prejudice,2005,movie,Joe Wright,Drama|Romance,"A story of love and life among the landed English gentry during the Georgian era. Mr. Bennet is a gentleman living in Hertfordshire with his overbearing wife and five daughters, but if he dies their house will be inherited by a distant cousin whom they have never met, so the family's future happiness and security is dependent on the daughters making good marriages."
1018,Mulholland Drive,2001,movie,David Lynch,Thriller|Drama|Mystery,"Blonde Betty Elms has only just arrived in Hollywood to become a movie star when she meets an enigmatic brunette with amnesia. Meanwhile, as the two set off to solve the second woman's identity, filmmaker Adam Kesher runs into ominous trouble while casting his latest project."
793,Blue Velvet,1986,movie,David Lynch,Mystery|Thriller|Crime,"The discovery of a severed human ear found in a field leads a young man on an investigation related to a beautiful, mysterious nightclub singer and a group of psychopathic criminals who have kidnapped her child."
965150,Aftersun,2022,movie,Charlotte Wells,Drama,Sophie reflects on the shared joy and private melancholy of a holiday she took with her father twenty years earlier. Memories fill the gaps between camcorder footages as she tries to reconcile the father she knew with the troubled man she didn't.
508442,Soul,2020,movie,Pete Docter,Animation|Family|Drama|Music|Fantasy,"Joe Gardner is a middle school teacher with a love for jazz music. After a successful audition at the Half Note Club, he suddenly gets into an accident that separates his soul from his body and is transported to the You Seminar, a center in which souls develop and gain passions before being transported to a newborn child. Joe must enlist help from the other souls-in-training, like 22, a soul who has spent eons in the You Seminar, in order to get back to Earth."
5915,Into the Wild,2007,movie,Sean Penn,Adventure|Drama,"After graduating from Emory University in 1992, top student and athlete Christopher McCandless abandons his possessions, gives his entire $24,000 savings account to charity, and hitchhikes to Alaska to live in the wilderness."
142,Brokeback Mountain,2005,movie,Ang Lee,Drama|Romance,"In 1960s Wyoming, two men develop a strong emotional and sexual relationship that endures as a lifelong connection complicating their lives as they get married and start families of their own."
619,The Bodyguard,1992,movie,Mick Jackson,Action|Drama|Romance,"A former Secret Service agent grudgingly takes an assignment to protect a pop idol who's threatened by a crazed fan. At first, the safety-obsessed bodyguard and the self-indulgent diva totally clash. But before long, all that tension sparks fireworks of another sort, and the love-averse tough guy is torn between duty and romance."
101,Léon: The Professional,1994,movie,Luc Besson,Crime|Drama|Action,"Léon, the top hit man in New York, has earned a rep as an effective ""cleaner"". But when his next-door neighbors are wiped out by a loose-cannon DEA agent, he becomes the unwilling custodian of 12-year-old Mathilda. Before long, Mathilda's thoughts turn to revenge, and she considers following in Léon's footsteps."
104,Run Lola Run,1998,movie,Tom Tykwer,Action|Drama|Thriller,"Lola receives a phone call from her boyfriend Manni. He lost 100,000 DM in a subway train that belongs to a very bad guy. She has 20 minutes to raise this amount and meet Manni. Otherwise, he will rob a store to get the money. Three different alternatives may happen depending on some minor event along Lola's run."
582,The Lives of Others,2006,movie,Florian Henckel von Donnersmarck,Drama|Thriller,"In 1984 East Berlin, dedicated Stasi officer Gerd Wiesler begins spying on a famous playwright and his actress-lover Christa-Maria. Wiesler becomes unexpectedly sympathetic to the couple, and faces conflicting loyalties when his superior takes a liking to Christa-Maria."
1438,The Wire,2002,tv,David Simon,Crime|Drama,"Told from the points of view of both the Baltimore homicide and narcotics detectives and their targets, the series captures a universe in which the national war on drugs has become a permanent, self-sustaining bureaucracy, and distinctions between good and evil are routinely obliterated."
1104,Mad Men,2007,tv,Matthew Weiner,Drama,"Set in 1960-1970 New York, this sexy, stylized and provocative drama follows the lives of the ruthlessly competitive men and women of Madison Avenue advertising."
2316,The Office,2005,tv,Greg Daniels,Comedy,"The everyday lives of office employees in the Scranton, Pennsylvania branch of the fictional Dunder Mifflin Paper Company."
1668,Friends,1994,tv,"Marta Kauffman, David Crane",Comedy,"Six young people from New York City, on their own and struggling to survive in the real world, find the companionship, comfort and support they get from each other to be the perfect antidote to the pressures of life."
456,The Simpsons,1989,tv,Matt Groening,Animation|Comedy,"Set in Springfield, the average American town, the show focuses on the antics and everyday adventures of the Simpson family; Homer, Marge, Bart, Lisa and Maggie, as well as a virtual cast of thousands. Since the beginning, the series has been a pop culture icon, attracting hundreds of celebrities to guest star. The show has also made name for itself in its fearless satirical take on politics, media and American life in general."
60625,Rick and Morty,2013,tv,"Dan Harmon, Justin Roiland",Animation|Comedy|Sci-Fi & Fantasy|Action & Adventure,Follows a sociopathic genius scientist who drags his inherently timid grandson on adventures across the universe.
61222,BoJack Horseman,2014,tv,Raphael Bob-Waksberg,Animation|Comedy|Drama,"Meet the most beloved sitcom horse of the '90s , 20 years later. He's a curmudgeon with a heart of...not quite gold...but something like gold. Copper?"
4607,Lost,2004,tv,"J.J. Abrams, Damon Lindelof, Jeffrey Lieber",Mystery|Action & Adventure|Drama,"Stripped of everything, the survivors of a horrific plane crash must work together to stay alive. But the island holds many secrets."
4087,The X-Files,1993,tv,Chris Carter,Mystery|Sci-Fi & Fantasy|Crime,"The exploits of FBI Special Agents Fox Mulder and Dana Scully who investigate X-Files: marginalized, unsolved cases involving paranormal phenomena. Mulder believes in the existence of aliens and the paranormal while Scully, a skeptic, is assigned to make scientific analyses of Mulder's discoveries that debunk Mulder's work and thus return him to mainstream cases."
19885,Sherlock,2010,tv,"Mark Gatiss, Steven Moffat",Crime|Drama|Mystery,A modern update finds the famous sleuth and his doctor partner solving crime in 21st century London.
65494,The Crown,2016,tv,Peter Morgan,Drama,"The gripping, decades-spanning inside story of Her Majesty Queen Elizabeth II and the Prime Ministers who shaped Britain's post-war destiny. 

The Crown tells the inside story of two of the most famous addresses in the world – Buckingham Palace and 10 Downing Street – and the intrigues, love lives and machinations behind the great events that shaped the second half of the 20th century. Two houses, two courts, one Crown."
63351,Narcos,2015,tv,"Chris Brancato, Doug Miro, Carlo Bernard",Crime|Drama,A gritty chronicle of the war against Colombia's infamously violent and powerful drug cartels.
71446,Money Heist,2017,tv,Álex Pina,Crime|Drama,"To carry out the biggest heist in history, a mysterious man called The Professor recruits a band of eight robbers who have a single characteristic: none of them has anything to lose. Five months of seclusion - memorizing every step, every detail, every probability - culminate in eleven days locked up in the National Coinage and Stamp Factory of Spain, surrounded by police forces and with dozens of hostages in their power, to find out whether their suicide wager will lead to everything or nothing."
100088,The Last of Us,2023,tv,"Neil Druckmann, Craig Mazin",Drama,"Twenty years after modern civilization has been destroyed, Joel, a hardened survivor, is hired to smuggle Ellie, a 14-year-old girl, out of an oppressive quarantine zone. What starts as a small job soon becomes a brutal, heartbreaking journey, as they both must traverse the United States and depend on each other for survival."
82856,The Mandalorian,2019,tv,Jon Favreau,Sci-Fi & Fantasy|Action & Adventure,"After the fall of the Galactic Empire, lawlessness has spread throughout the galaxy. A lone gunfighter makes his way through the outer reaches, earning his keep as a bounty hunter."
95,Buffy the Vampire Slayer,1997,tv,Joss Whedon,Comedy|Drama|Sci-Fi & Fantasy,"Into every generation a slayer is born: one girl in all the world, a chosen one. She alone will wield the strength and skill to fight the vampires, demons, and the forces of darkness; to stop the spread of their evil and the swell of their number. She is the Slayer."
900,Skins,2007,tv,"Bryan Elsley, Jamie Brittain",Drama|Comedy,"Irreverent comedy drama which follows the messy lives, loves, delirious highs and inevitable lows of a group of raucous teenage friends in Bristol."
89905,Normal People,2020,tv,,Drama,"Marianne and Connell weave in and out of each other's lives in this exploration of sex, power and the desire to love and be loved."
87739,The Queen's Gambit,2020,tv,"Scott Frank, Allan Scott",Drama,"In a 1950s orphanage, a young girl reveals an astonishing talent for chess and begins an unlikely journey to stardom while grappling with addiction."
97546,Ted Lasso,2020,tv,"Bill Lawrence, Jason Sudeikis, Joe Kelly, Brendan Hunt",Drama|Comedy,"Ted Lasso, an American football coach, moves to England when he's hired to manage a soccer team—despite having no experience. With cynical players and a doubtful town, will he get them to see the Ted Lasso Way?"
111803,The White Lotus,2021,tv,Mike White,Comedy|Drama|Mystery,"Follow the exploits of various guests and employees at an exclusive tropical resort over the span of a week as with each passing day, a darker complexity emerges in these picture-perfect travelers, the hotel’s cheerful employees and the idyllic locale itself."
65495,Atlanta,2016,tv,Donald Glover,Comedy|Drama,Two cousins work through the Atlanta music scene in order to better their lives and the lives of their families.
66788,13 Reasons Why,2017,tv,"Brian Yorkey, Jay Asher",Drama|Mystery,High school student Clay Jensen lands in the center of a series of heartbreaking mysteries set in motion by a friend's tragic suicide.
91239,Bridgerton,2020,tv,Chris Van Dusen,Drama,"Wealth, lust, and betrayal set in the backdrop of Regency era England, seen through the eyes of the powerful Bridgerton family."
119051,Wednesday,2022,tv,"Miles Millar, Alfred Gough",Sci-Fi & Fantasy|Mystery|Comedy,"Smart, sarcastic and a little dead inside, Wednesday Addams investigates twisted mysteries while making new friends — and foes — at Nevermore Academy."
54344,The Leftovers,2014,tv,"Damon Lindelof, Tom Perrotta",Sci-Fi & Fantasy|Drama,"When 2% of the world's population abruptly disappears without explanation, the world struggles to understand just what they're supposed to do about it. This is the story of the people who didn't make the cut."
1416,Grey's Anatomy,2005,tv,Shonda Rhimes,Drama,Follows the personal and professional lives of a group of doctors at Seattle's Grey Sloan Memorial Hospital.
30991,Cowboy Bebop,1998,tv,,Animation|Action & Adventure|Sci-Fi & Fantasy|Western,"In 2071, roughly fifty years after an accident with a hyperspace gateway made the Earth almost uninhabitable, humanity has colonized most of the rocky planets and moons of the Solar System. Amid a rising crime rate, the Inter Solar System Police (ISSP) set up a legalized contract system, in which registered bounty hunters, also referred to as ""Cowboys"", chase criminals and bring them in alive in return for a reward."
890,Neon Genesis Evangelion,1995,tv,,Sci-Fi & Fantasy|Animation|Drama,"At the turn of the century, the Angels returned to Earth, seeking to wipe out humanity in an apocalyptic fury. Devastated, mankind's last remnants moved underground to wait for the day when the Angels would come back to finish the job. Fifteen years later, that day has come... but this time, humanity is ready to fight back with terrifying bio-mechanical weapons known as the Evangelions. Watch as Shinji, Rei, Asuka and the rest of the mysterious shadow agency Nerv battle to save earth from total annihilation."
1429,Attack on Titan,2013,tv,,Animation|Sci-Fi & Fantasy|Action & Adventure,"100 years ago, the last remnants of humanity were forced to retreat behind the towering walls of a fortified city to escape the massive, man-eating Titans that roamed the land outside their fortress. Only the members of the Scouting Legion dared to stray beyond the safety of the walls – but even those brave warriors seldom returned alive. Those within the city clung to the illusion of a peaceful existence until the day that dream was shattered, and their slim chance at survival was reduced to one horrifying choice: kill – or be devoured!"
24428,The Avengers,2012,movie,Joss Whedon,Science Fiction|Action|Adventure,"When an unexpected enemy emerges and threatens global safety and security, Nick Fury, director of the international peacekeeping agency known as S.H.I.E.L.D., finds himself in need of a team to pull the world back from the brink of disaster. Spanning the globe, a daring recruitment effort begins!"
19995,Avatar,2009,movie,James Cameron,Science Fiction|Action|Adventure,"In the 22nd century, a paraplegic Marine is dispatched to the moon Pandora on a unique mission, but becomes torn between following orders and protecting an alien civilization."
293660,Deadpool,2016,movie,Tim Miller,Action|Adventure|Comedy,"The origin story of former Special Forces operative turned mercenary Wade Wilson, who, after being subjected to a rogue experiment that leaves him with accelerated healing powers, adopts the alter ego Deadpool. Armed with his new abilities and a dark, twisted sense of humor, Deadpool hunts down the man who nearly destroyed his life."
299536,Avengers: Infinity War,2018,movie,"Joe Russo, Anthony Russo",Adventure|Action|Science Fiction,"As the Avengers and their allies have continued to protect the world from threats too large for any one hero to handle, a new danger has emerged from the cosmic shadows: Thanos. A despot of intergalactic infamy, his goal is to collect all six Infinity Stones, artifacts of unimaginable power, and use them to inflict his twisted will on all of reality. Everything the Avengers have fought for has led up to this moment - the fate of Earth and existence itself has never been more uncertain."
1726,Iron Man,2008,movie,Jon Favreau,Action|Science Fiction|Adventure,"After being held captive in an Afghan cave, billionaire engineer Tony Stark creates a unique weaponized suit of armor to fight evil."
122,The Lord of the Rings: The Return of the King,2003,movie,Peter Jackson,Adventure|Fantasy|Action,"As armies mass for a final battle that will decide the fate of the world--and powerful, ancient forces of Light and Dark compete to determine the outcome--one member of the Fellowship of the Ring is revealed as the noble heir to the throne of the Kings of Men. Yet, the sole hope for triumph over evil lies with a brave hobbit, Frodo, who, accompanied by his loyal friend Sam and the hideous, wretched Gollum, ventures deep into the very dark heart of Mordor on his seemingly impossible quest to destroy the Ring of Power.​"
11324,Shutter Island,2010,movie,Martin Scorsese,Drama|Thriller|Mystery,"World War II soldier-turned-U.S. Marshal Teddy Daniels investigates the disappearance of a patient from a hospital for the criminally insane, but his efforts are compromised by troubling visions and a mysterious doctor."
99861,Avengers: Age of Ultron,2015,movie,Joss Whedon,Action|Adventure|Science Fiction,"When Tony Stark tries to jumpstart a dormant peacekeeping program, things go awry and Earth’s Mightiest Heroes are put to the ultimate test as the fate of the planet hangs in the balance. As the villainous Ultron emerges, it is up to The Avengers to stop him from enacting his terrible plans, and soon uneasy alliances and unexpected action pave the way for an epic and unique global adventure."
49026,The Dark Knight Rises,2012,movie,Christopher Nolan,Action|Crime|Drama|Thriller,"Following the death of District Attorney Harvey Dent, Batman assumes responsibility for Dent's crimes to protect the late attorney's reputation and is subsequently hunted by the Gotham City Police Department. Eight years later, Batman encounters the mysterious Selina Kyle and the villainous Bane, a new terrorist leader who overwhelms Gotham's finest. The Dark Knight resurfaces to protect a city that has branded him an enemy."
121,The Lord of the Rings: The Two Towers,2002,movie,Peter Jackson,Adventure|Fantasy|Action,"Frodo Baggins and the other members of the Fellowship continue on their sacred quest to destroy the One Ring--but on separate paths. Their destinies lie at two towers--Orthanc Tower in Isengard, where the corrupt wizard Saruman awaits, and Sauron's fortress at Barad-dur, deep within the dark lands of Mordor."
271110,Captain America: Civil War,2016,movie,"Joe Russo, Anthony Russo",Adventure|Action|Science Fiction,"Following the events of Age of Ultron, the collective governments of the world pass an act designed to regulate all superhuman activity. This polarizes opinion amongst the Avengers, causing two factions to side with Iron Man or Captain America, which causes an epic battle between former allies."
672,Harry Potter and the Chamber of Secrets,2002,movie,Chris Columbus,Adventure|Fantasy,"Cars fly, trees fight back, and a mysterious house-elf comes to warn Harry Potter at the start of his second year at Hogwarts. Adventure and danger await when bloody writing on a wall announces: The Chamber Of Secrets Has Been Opened. To save Hogwarts will require all of Harry, Ron and Hermione's magical abilities and courage."
315635,Spider-Man: Homecoming,2017,movie,Jon Watts,Action|Adventure|Science Fiction,"Following the events of Captain America: Civil War, Peter Parker, with the help of his mentor Tony Stark, tries to balance his life as an ordinary high school student in Queens, New York City, with fighting crime as his superhero alter ego Spider-Man as a new threat, the Vulture, emerges."
284052,Doctor Strange,2016,movie,Scott Derrickson,Fantasy|Adventure|Action,"After his career is destroyed, a brilliant but arrogant surgeon gets a new lease on life when a sorcerer takes him under her wing and trains him to defend the world against evil."
68721,Iron Man 3,2013,movie,Shane Black,Action|Adventure|Science Fiction,"When Tony Stark's world is torn apart by a formidable terrorist called the Mandarin, he starts an odyssey of rebuilding and retribution."
70160,The Hunger Games,2012,movie,Gary Ross,Science Fiction|Adventure|Action|Thriller,"In a dystopian society where the Capitol forces each district to send two young tributes to fight to the death in a televised spectacle, a girl volunteers to take her sister’s place, setting the stage for a struggle of survival and defiance."
673,Harry Potter and the Prisoner of Azkaban,2004,movie,Alfonso Cuarón,Adventure|Fantasy,Harry Potter's life is in danger once more as dangerous wizard Sirius Black has escaped from Azkaban Prison and is heading to Hogwarts.
283995,Guardians of the Galaxy Vol. 2,2017,movie,James Gunn,Science Fiction|Adventure|Action,The Guardians must fight to keep their newfound family together as they unravel the mysteries of Peter Quill's true parentage.
1771,Captain America: The First Avenger,2011,movie,Joe Johnston,Action|Adventure|Science Fiction,"During World War II, Steve Rogers is a sickly man from Brooklyn who's transformed into super-soldier Captain America to aid in the war effort. Rogers must stop the Red Skull – Adolf Hitler's ruthless head of weaponry, and the leader of an organization that intends to use a mysterious device of untold powers for world domination."
272,Batman Begins,2005,movie,Christopher Nolan,Drama|Crime|Action,"Driven by tragedy, billionaire Bruce Wayne dedicates his life to uncovering and defeating the corruption that plagues his home, Gotham City.  Unable to work within the system, he instead creates a new identity, a symbol of fear for the criminal underworld - The Batman."
634649,Spider-Man: No Way Home,2021,movie,Jon Watts,Action|Adventure|Science Fiction,"Peter Parker is unmasked and no longer able to separate his normal life from the high-stakes of being a super-hero. When he asks for help from Doctor Strange the stakes become even more dangerous, forcing him to discover what it truly means to be Spider-Man."
10195,Thor,2011,movie,Kenneth Branagh,Adventure|Fantasy|Action,"Against his father Odin's will, The Mighty Thor - a powerful but arrogant warrior god - recklessly reignites an ancient war. Thor is cast down to Earth and forced to live among humans as punishment. Once here, Thor learns what it takes to be a true hero when the most dangerous villain of his world sends the darkest forces of Asgard to invade Earth."
674,Harry Potter and the Goblet of Fire,2005,movie,Mike Newell,Adventure|Fantasy,"When his name emerges from the Goblet of Fire, Harry Potter becomes a competitor in a grueling battle for glory among three wizarding schools. Signs of Voldemort's return emerge as Harry's friends help him prepare for the Triwizard Tournament."
12445,Harry Potter and the Deathly Hallows: Part 2,2011,movie,David Yates,Adventure|Fantasy,"Harry, Ron and Hermione continue their quest to vanquish the evil Voldemort once and for all. Just as things begin to look hopeless for the young wizards, Harry discovers a trio of magical objects that endow him with powers to rival Voldemort's formidable skills."
297761,Suicide Squad,2016,movie,David Ayer,Action|Adventure|Fantasy,"From DC Comics comes the Suicide Squad, an antihero team of incarcerated supervillains who act as deniable assets for the United States government, undertaking high-risk black ops missions in exchange for commuted prison sentences."
135397,Jurassic World,2015,movie,Colin Trevorrow,Adventure|Science Fiction|Thriller,"Twenty-two years after the events of Jurassic Park, Isla Nublar now features a fully functioning dinosaur theme park, Jurassic World, as originally envisioned by John Hammond."
286217,The Martian,2015,movie,Ridley Scott,Science Fiction|Drama|Adventure,"During a manned mission to Mars, Astronaut Mark Watney is presumed dead after a fierce storm and left behind by his crew. But Watney has survived and finds himself stranded and alone on the hostile planet. With only meager supplies, he must draw upon his ingenuity, wit and spirit to subsist and find a way to signal to Earth that he is alive."
557,Spider-Man,2002,movie,Sam Raimi,Action|Science Fiction,"After being bitten by a genetically altered spider at Oscorp, nerdy but endearing high school student Peter Parker is endowed with amazing powers to become the superhero known as Spider-Man."
102899,Ant-Man,2015,movie,Peyton Reed,Science Fiction|Adventure|Action,"Armed with the astonishing ability to shrink in scale but increase in strength, master thief Scott Lang must embrace his inner-hero and help his mentor, Doctor Hank Pym, protect the secret behind his spectacular Ant-Man suit from a new generation of towering threats. Against seemingly insurmountable obstacles, Pym and Lang must plan and pull off a heist that will save the world."
675,Harry Potter and the Order of the Phoenix,2007,movie,David Yates,Adventure|Fantasy,"When a new professor's methods leave Hogwarts unprepared to fight the rising tide of evil, Harry teaches students how to defend against the dark arts."
767,Harry Potter and the Half-Blood Prince,2009,movie,David Yates,Adventure|Fantasy,Dumbledore tries to prepare Harry for the final battle with Voldemort while Death Eaters wreak havoc in both Muggle and Wizard worlds.
297762,Wonder Woman,2017,movie,Patty Jenkins,Action|Adventure|Fantasy,An Amazon princess comes to the world of Man in the grips of the First World War to confront the forces of evil and bring an end to human conflict.
140607,Star Wars: The Force Awakens,2015,movie,J.J. Abrams,Adventure|Action|Science Fiction,"Thirty years after defeating the Galactic Empire, Han Solo and his allies face a new threat from the evil Kylo Ren and his army of Stormtroopers."
12444,Harry Potter and the Deathly Hallows: Part 1,2010,movie,David Yates,Adventure|Fantasy,"Harry, Ron and Hermione walk away from their last year at Hogwarts to find and destroy the remaining Horcruxes, putting an end to Voldemort's bid for immortality. But with Harry's beloved Dumbledore dead and Voldemort's unscrupulous Death Eaters on the loose, the world is more dangerous than ever."
346364,It,2017,movie,Andy Muschietti,Horror|Thriller|Drama,"In a small town in Maine, seven children known as The Losers Club come face to face with life problems, bullies and a monster that takes the shape of a clown called Pennywise."
100402,Captain America: The Winter Soldier,2014,movie,"Joe Russo, Anthony Russo",Action|Adventure|Science Fiction,"After the cataclysmic events in New York with The Avengers, Steve Rogers, aka Captain America is living quietly in Washington, D.C. and trying to adjust to the modern world. But when a S.H.I.E.L.D. colleague comes under attack, Steve becomes embroiled in a web of intrigue that threatens to put the world at risk. Joining forces with the Black Widow, Captain America struggles to expose the ever-widening conspiracy while fighting off professional assassins sent to silence him at every turn. When the full scope of the villainous plot is revealed, Captain America and the Black Widow enlist the help of a new ally, the Falcon. However, they soon find themselves up against an unexpected and formidable enemy—the Winter Soldier."
585,"Monsters, Inc.",2001,movie,Pete Docter,Animation|Comedy|Family|Fantasy,"Lovable Sulley and his wisecracking sidekick Mike Wazowski are the top scare team at Monsters, Inc., the scream-processing factory in Monstropolis. When a little girl named Boo wanders into their world, it's the monsters who are scared silly, and it's up to Sulley and Mike to keep her out of sight and get her back home."
49051,The Hobbit: An Unexpected Journey,2012,movie,Peter Jackson,Adventure|Fantasy|Action,"Bilbo Baggins, a hobbit enjoying his quiet life, is swept into an epic quest by Gandalf the Grey and thirteen dwarves who seek to reclaim their mountain home from Smaug, the dragon."
259316,Fantastic Beasts and Where to Find Them,2016,movie,David Yates,Fantasy|Adventure,"In 1926, Newt Scamander arrives at the Magical Congress of the United States of America with a magically expanded briefcase, which houses a number of dangerous creatures and their habitats. When the creatures escape from the briefcase, it sends the American wizarding authorities after Newt, and threatens to strain even further the state of magical and non-magical relations."
497,The Green Mile,1999,movie,Frank Darabont,Fantasy|Drama|Crime,"A supernatural tale set on death row in a Southern prison, where gentle giant John Coffey possesses the mysterious power to heal people's ailments. When the cell block's head guard, Paul Edgecomb, recognizes Coffey's miraculous gift, he tries desperately to help stave off the condemned man's execution."
281957,The Revenant,2015,movie,Alejandro G. Iñárritu,Western|Drama|Adventure,"In the 1820s, a frontiersman, Hugh Glass, sets out on a path of vengeance against those who left him for dead after a bear mauling."
383498,Deadpool 2,2018,movie,David Leitch,Action|Comedy|Adventure,Wisecracking mercenary Deadpool battles the evil and powerful Cable and other bad guys to save a boy's life.
209112,Batman v Superman: Dawn of Justice,2016,movie,Zack Snyder,Action|Adventure|Fantasy,"Fearing the actions of a god-like Super Hero left unchecked, Gotham City’s own formidable, forceful vigilante takes on Metropolis’s most revered, modern-day savior, while the world wrestles with what sort of hero it really needs. And with Batman and Superman at war with one another, a new threat quickly arises, putting mankind in greater danger than it’s ever known before."
9806,The Incredibles,2004,movie,Brad Bird,Action|Adventure|Animation|Family,"Bob Parr has given up his superhero days to log in time as an insurance adjuster and raise his three children with his formerly heroic wife in suburbia. But when he receives a mysterious assignment, it's time to get back into costume."
1930,The Amazing Spider-Man,2012,movie,Marc Webb,Action|Adventure|Science Fiction,A teenage Peter Parker grapples with both high school and amazing super-human crises as his alter-ego Spider-Man.
2062,Ratatouille,2007,movie,Brad Bird,Animation|Comedy|Family|Fantasy,"In one of Paris's finest restaurants, Remy, a determined young rat, dreams of becoming a renowned French chef. Torn between his family's wishes and his true calling, Remy and his pal Linguini set in motion a hilarious chain of events that turns the City of Lights upside down."
1891,The Empire Strikes Back,1980,movie,Irvin Kershner,Adventure|Action|Science Fiction,"The epic saga continues as Luke Skywalker, in hopes of defeating the evil Galactic Empire, learns the ways of the Jedi from aging master Yoda. But Darth Vader is more determined than ever to capture Luke. Meanwhile, rebel leader Princess Leia, cocky Han Solo, Chewbacca, and droids C-3PO and R2-D2 are thrown into various stages of capture, betrayal and despair."
101299,The Hunger Games: Catching Fire,2013,movie,Francis Lawrence,Adventure|Action|Science Fiction,"After surviving the Hunger Games, Katniss and Peeta struggle with the consequences of their victory as unrest spreads across Panem. Forced back into the spotlight, they become symbols of hope and resistance while the Capitol prepares a new and deadly challenge that will change the future of the nation forever."
76338,Thor: The Dark World,2013,movie,Alan Taylor,Action|Adventure|Fantasy,"Thor fights to restore order across the cosmos… but an ancient race led by the vengeful Malekith returns to plunge the universe back into darkness. Faced with an enemy that even Odin and Asgard cannot withstand, Thor must embark on his most perilous and personal journey yet, one that will reunite him with Jane Foster and force him to sacrifice everything to save us all."
381288,Split,2017,movie,M. Night Shyamalan,Horror|Thriller,"Though Kevin has evidenced 23 personalities to his trusted psychiatrist, Dr. Fletcher, there remains one still submerged who is set to materialize and dominate all the others. Compelled to abduct three teenage girls led by the willful, observant Casey, Kevin reaches a war for survival among all of those contained within him — as well as everyone around him — as the walls between his compartments shatter apart."
18785,The Hangover,2009,movie,Todd Phillips,Comedy,"When three friends finally come to after a raucous night of bachelor-party revelry, they find a baby in the closet and a tiger in the bathroom. But they can't seem to locate their best friend, Doug – who's supposed to be tying the knot. Launching a frantic search for Doug, the trio perseveres through a nasty hangover to try to make it to the church on time."
269149,Zootopia,2016,movie,"Byron Howard, Rich Moore",Animation|Adventure|Family|Comedy,"Determined to prove herself, Officer Judy Hopps, the first bunny on Zootopia's police force, jumps at the chance to crack her first case - even if it means partnering with scam-artist fox Nick Wilde to solve the mystery."
198663,The Maze Runner,2014,movie,Wes Ball,Action|Mystery|Science Fiction|Thriller,"A teenager with no memory of his past finds himself among a group of boys living in a walled enclosure surrounded by a massive, ever-changing maze. As he struggles to adapt to their rules and society, he begins to uncover clues that may lead to escape and the truth behind their confinement."
205596,The Imitation Game,2014,movie,Morten Tyldum,History|Drama|Thriller|War,"Based on the real life story of legendary cryptanalyst Alan Turing, the film portrays the nail-biting race against time by Turing and his brilliant team of code-breakers at Britain's top-secret Government Code and Cypher School at Bletchley Park, during the darkest days of World War II."
207703,Kingsman: The Secret Service,2015,movie,Matthew Vaughn,Crime|Comedy|Action,The story of a super-secret spy organization that recruits an unrefined but promising street kid into the agency's ultra-competitive training program just as a global threat emerges from a twisted tech genius.
1124,The Prestige,2006,movie,Christopher Nolan,Drama|Mystery|Science Fiction,"A mysterious story of two magicians whose intense rivalry leads them on a life-long battle for supremacy -- full of obsession, deceit and jealousy with dangerous and deadly consequences."
429617,Spider-Man: Far From Home,2019,movie,Jon Watts,Action|Adventure|Science Fiction,"Peter Parker and his friends go on a summer trip to Europe. However, they will hardly be able to rest - Peter will have to agree to help Nick Fury uncover the mystery of creatures that cause natural disasters and destruction throughout the continent."
58,Pirates of the Caribbean: Dead Man's Chest,2006,movie,Gore Verbinski,Adventure|Fantasy|Action,"Captain Jack Sparrow’s got a blood debt to pay: he owes his soul to the legendary Davy Jones, ghastly Ruler of the Ocean Depths. To escape eternal servitude aboard the Flying Dutchman, ever-crafty Jack must track down the still-beating heart of Jones. But he won’t do it alone: Will Turner and Elizabeth Swann are drawn back into another one of his perilous quests—assuming they can evade execution for aiding a pirate."
335983,Venom,2018,movie,Ruben Fleischer,Science Fiction|Action,"Investigative journalist Eddie Brock attempts a comeback following a scandal, but accidentally becomes the host of Venom, a violent, super powerful alien symbiote. Soon, he must rely on his newfound powers to protect the world from a shadowy organization looking for a symbiote of their own."
640,Catch Me If You Can,2002,movie,Steven Spielberg,Drama|Crime,"A true story about Frank Abagnale Jr. who, before his 19th birthday, successfully conned millions of dollars worth of checks as a Pan Am pilot, doctor, and legal prosecutor. An FBI agent makes it his mission to put him behind bars. But Frank not only eludes capture, he revels in the pursuit."
240832,Lucy,2014,movie,Luc Besson,Action|Science Fiction,"A woman, accidentally caught in a dark deal, turns the tables on her captors and transforms into a merciless warrior evolved beyond human logic."
333339,Ready Player One,2018,movie,Steven Spielberg,Adventure|Action|Science Fiction,"When the creator of a popular video game system dies, a virtual contest is created to compete for his fortune."
1892,Return of the Jedi,1983,movie,Richard Marquand,Adventure|Action|Science Fiction,"Luke Skywalker leads a mission to rescue his friend Han Solo from the clutches of Jabba the Hutt, the Emperor prepares to crush the Rebellion with a more powerful Death Star, and the Rebel fleet mounts a massive attack on the space station. Luke Skywalker confronts Darth Vader in a final climactic duel before the evil Emperor."
6479,I Am Legend,2007,movie,Francis Lawrence,Drama|Science Fiction|Thriller,"Robert Neville is a scientist who was unable to stop the spread of the terrible virus that was incurable and man-made. Immune, Neville is now the last human survivor in what is left of New York City and perhaps the world. For three years, Neville has faithfully sent out daily radio messages, desperate to find any other survivors who might be out there. But he is not alone."
299537,Captain Marvel,2019,movie,"Ryan Fleck, Anna Boden",Action|Adventure|Science Fiction,"The story follows Carol Danvers as she becomes one of the universe’s most powerful heroes when Earth is caught in the middle of a galactic war between two alien races. Set in the 1990s, Captain Marvel is an all-new adventure from a previously unseen period in the history of the Marvel Cinematic Universe."
75656,Now You See Me,2013,movie,Louis Leterrier,Thriller|Crime,An FBI agent and an Interpol detective track a team of illusionists who pull off bank heists during their performances and reward their audiences with the money.
72190,World War Z,2013,movie,Marc Forster,Action|Horror|Science Fiction,"Life for former United Nations investigator Gerry Lane and his family seems content. Suddenly, the world is plagued by a mysterious infection turning whole human populations into rampaging mindless zombies. After barely escaping the chaos, Lane is persuaded to go on a mission to investigate this disease. What follows is a perilous trek around the world where Lane must brave horrific dangers and long odds to find answers before human civilization falls."
131631,The Hunger Games: Mockingjay - Part 1,2014,movie,Francis Lawrence,Science Fiction|Adventure|Thriller,"After surviving the Quarter Quell, Katniss finds herself in the hidden stronghold of District 13, where the rebellion against the Capitol is gaining momentum. Struggling with the weight of becoming the symbol of resistance, she must navigate fragile alliances while trying to protect those she loves. As propaganda battles rage and Panem moves closer to full-scale war, Katniss is forced to confront the true cost of revolution."
558,Spider-Man 2,2004,movie,Sam Raimi,Action|Adventure|Science Fiction,"Peter Parker is going through a major identity crisis. Burned out from being Spider-Man, he decides to shelve his superhero alter ego, which leaves the city suffering in the wake of carnage left by the evil Doc Ock. In the meantime, Parker still can't act on his feelings for Mary Jane Watson, a girl he's loved since childhood. A certain anger begins to brew in his best friend Harry Osborn as well..."
177572,Big Hero 6,2014,movie,"Chris Williams, Don Hall",Adventure|Family|Animation|Action|Comedy,"A special bond develops between plus-sized inflatable robot Baymax, and prodigy Hiro Hamada, who team up with a group of friends to form a band of high-tech heroes."
330459,Rogue One: A Star Wars Story,2016,movie,Gareth Edwards,Action|Adventure|Science Fiction,A rogue band of resistance fighters unite for a mission to steal the Death Star plans and bring a new hope to the galaxy.
181808,Star Wars: The Last Jedi,2017,movie,Rian Johnson,Adventure|Action|Science Fiction,"Rey develops her newly discovered abilities with the guidance of Luke Skywalker, who is unsettled by the strength of her powers. Meanwhile, the Resistance prepares to do battle with the First Order."
127585,X-Men: Days of Future Past,2014,movie,Bryan Singer,Action|Adventure|Science Fiction,The ultimate X-Men ensemble fights a war for the survival of the species across two time periods as they join forces with their younger selves in an epic battle that must change the past – to save our future.
49521,Man of Steel,2013,movie,Zack Snyder,Action|Adventure|Science Fiction,"A young boy learns that he has extraordinary powers and is not of this earth. As a young man, he journeys to discover where he came from and what he was sent here to do. But the hero in him must emerge if he is to save the world from annihilation and become the symbol of hope for all mankind."
20352,Despicable Me,2010,movie,"Pierre Coffin, Chris Renaud",Animation|Comedy|Crime|Science Fiction|Family,"Determined to prove he's the world's greatest supervillain, Gru hatches an audacious plan to steal the Moon. To pull it off, he adopts three orphaned girls—Margo, Edith, and Agnes—intending to use them as pawns in his scheme. But the unexpected bond they form forces him to question the criminal life he's always known."
118,Charlie and the Chocolate Factory,2005,movie,Tim Burton,Adventure|Comedy|Family|Fantasy,"A young boy wins a tour through the most magnificent chocolate factory in the world, led by the world's most unusual candy maker."
10193,Toy Story 3,2010,movie,Lee Unkrich,Animation|Family|Comedy,"Woody, Buzz, and the rest of Andy's toys haven't been played with in years. With Andy about to go to college, the gang find themselves accidentally left at a nefarious day care center. The toys must band together to escape and return home to Andy."
1893,Star Wars: Episode I - The Phantom Menace,1999,movie,George Lucas,Adventure|Action|Science Fiction,"Anakin Skywalker, a young slave strong with the Force, is discovered on Tatooine. Meanwhile, the evil Sith have returned, enacting their plot for revenge against the Jedi."
321612,Beauty and the Beast,2017,movie,Bill Condon,Family|Fantasy|Romance,A live-action adaptation of Disney's version of the classic tale of a cursed prince and a beautiful young woman who helps him break the spell.
752,V for Vendetta,2006,movie,James McTeigue,Action|Thriller|Science Fiction,"In a world in which Great Britain has become a fascist state, a masked vigilante known only as “V” conducts guerrilla warfare against the oppressive British government. When V rescues a young woman from the secret police, he finds in her an ally with whom he can continue his fight to free the people of Britain."
285,Pirates of the Caribbean: At World's End,2007,movie,Gore Verbinski,Adventure|Fantasy|Action,"After losing Captain Jack Sparrow to the locker of Davy Jones, Will Turner, Elizabeth Swann, and Captain Barbossa journey to the ends of the earth to rescue him. And as the East India Trading Company tightens its grip on the seas under Lord Cutler Beckett—now in control of Davy Jones—the fate of piracy hangs by a thread. Now, they must unite the pirate lords for one final stand. But as loyalties are tested and alliances shift, each must ultimately choose where they stand in the battle for freedom on the high seas."
559,Spider-Man 3,2007,movie,Sam Raimi,Action|Adventure|Science Fiction,"The seemingly invincible Spider-Man goes up against an all-new crop of villains—including the shape-shifting Sandman. While Spider-Man’s superpowers are altered by an alien organism, his alter ego, Peter Parker, deals with nemesis Eddie Brock and also gets caught up in a love triangle."
122917,The Hobbit: The Battle of the Five Armies,2014,movie,Peter Jackson,Action|Adventure|Fantasy,"Following Smaug's attack on Laketown, Bilbo and the dwarves try to defend Erebor's mountain of treasure from others who claim it: the men of the ruined Laketown and the elves of Mirkwood. Meanwhile an army of Orcs led by Azog the Defiler is marching on Erebor, fueled by the rise of the dark lord Sauron. Dwarves, elves and men must unite, and the hope for Middle-Earth falls into Bilbo's hands."
447332,A Quiet Place,2018,movie,John Krasinski,Horror|Drama|Science Fiction,A family is forced to live in silence while hiding from creatures that hunt by sound.
273248,The Hateful Eight,2015,movie,Quentin Tarantino,Drama|Mystery|Western,Bounty hunters seek shelter from a raging blizzard and get caught up in a plot of betrayal and deception.
920,Cars,2006,movie,John Lasseter,Animation|Adventure|Comedy|Family,"Lightning McQueen, a hotshot rookie race car driven to succeed, discovers that life is about the journey, not the finish line, when he finds himself unexpectedly detoured in the sleepy Route 66 town of Radiator Springs. On route across the country to the big Piston Cup Championship in California to compete against two seasoned pros, McQueen gets to know the town's offbeat characters."
137113,Edge of Tomorrow,2014,movie,Doug Liman,Action|Science Fiction,"Major Bill Cage is an officer who has never seen a day of combat when he is unceremoniously demoted and dropped into combat. Cage is killed within minutes, managing to take an alpha alien down with him. He awakens back at the beginning of the same day and is forced to fight and die again... and again - as physical contact with the alien has thrown him into a time loop."
393,Kill Bill: Vol. 2,2004,movie,Quentin Tarantino,Action|Crime|Thriller,"The Bride unwaveringly continues on her roaring rampage of revenge against the band of assassins who had tried to kill her and her unborn child. She visits each of her former associates one-by-one, checking off the victims on her Death List Five until there's nothing left to do … but kill Bill."
863,Toy Story 2,1999,movie,John Lasseter,Animation|Comedy|Family,"Andy heads off to Cowboy Camp, leaving his toys to their own devices. Things shift into high gear when an obsessive toy collector named Al McWhiggen, owner of Al's Toy Barn kidnaps Woody. Andy's toys mount a daring rescue mission, Buzz Lightyear meets his match and Woody has to decide where he and his heart truly belong."
1895,Star Wars: Episode III - Revenge of the Sith,2005,movie,George Lucas,Adventure|Action|Science Fiction,"When the sinister Sith unveil a thousand-year-old plot to rule the galaxy, the Republic crumbles and from its ashes rises the evil Galactic Empire. Jedi hero Anakin Skywalker must choose a side."
324786,Hacksaw Ridge,2016,movie,Mel Gibson,Drama|History|War,"WWII American Army Medic Desmond T. Doss, who served during the Battle of Okinawa, refuses to kill people and becomes the first Conscientious Objector in American history to receive the Congressional Medal of Honor."
1865,Pirates of the Caribbean: On Stranger Tides,2011,movie,Rob Marshall,Adventure|Action|Fantasy,"When Jack crosses paths with a woman from his past, he's not sure if it's love...or if she's a ruthless con artist using him to find the fabled Fountain of Youth."
607,Men in Black,1997,movie,Barry Sonnenfeld,Action|Adventure|Comedy|Science Fiction,"After a police chase with an otherworldly being, a New York City cop is recruited as an agent in a top-secret organization established to monitor and police alien activity on Earth: the Men in Black. Agent K and new recruit Agent J find themselves in the middle of a deadly plot by an intergalactic terrorist who has arrived on Earth to assassinate two ambassadors from opposing galaxies."
297802,Aquaman,2018,movie,James Wan,Action|Adventure|Fantasy,"Half-human, half-Atlantean Arthur Curry is taken on the journey of his lifetime to discover if he is worth of being a king."
218,The Terminator,1984,movie,James Cameron,Action|Thriller|Science Fiction,"In the post-apocalyptic future, reigning tyrannical supercomputers teleport a cyborg assassin known as the ""Terminator"" back to 1984 to kill Sarah Connor, whose unborn son is destined to lead insurgents against 21st century mechanical hegemony. Meanwhile, the human-resistance movement dispatches a lone warrior to safeguard Sarah. Can he stop the virtually indestructible killing machine?"
1271,300,2007,movie,Zack Snyder,Action|Adventure|War,"A story very loosely based the 480 B.C. Battle of Thermopylae, where the King of Sparta led his army against the advancing Persians."
12155,Alice in Wonderland,2010,movie,Tim Burton,Family|Fantasy|Adventure,"Alice, now 19 years old, returns to the whimsical world she first entered as a child and embarks on a journey to discover her true destiny."
10528,Sherlock Holmes,2009,movie,Guy Ritchie,Action|Adventure|Mystery,Eccentric consulting detective Sherlock Holmes and Doctor John Watson battle to bring down a new nemesis and unravel a deadly plot that could destroy England.
353486,Jumanji: Welcome to the Jungle,2017,movie,Jake Kasdan,Adventure|Comedy|Fantasy,"Four teenagers in detention discover an old video game console with a game they’ve never heard of. When they decide to play, they are immediately sucked into the jungle world of Jumanji in the bodies of their avatars. They’ll have to complete the adventure of their lives filled with fun, thrills and danger or be stuck in the game forever!"
102382,The Amazing Spider-Man 2,2014,movie,Marc Webb,Action|Adventure|Science Fiction,"For Peter Parker, life is busy. Between taking out the bad guys as Spider-Man and spending time with the person he loves, Gwen Stacy, high school graduation cannot come quickly enough. Peter has not forgotten about the promise he made to Gwen’s father to protect her by staying away, but that is a promise he cannot keep. Things will change for Peter when a new villain, Electro, emerges, an old friend, Harry Osborn, returns, and Peter uncovers new clues about his past."
10191,How to Train Your Dragon,2010,movie,"Chris Sanders, Dean DeBlois",Fantasy|Adventure|Animation|Family,"As the son of a Viking leader on the cusp of manhood, shy Hiccup Horrendous Haddock III faces a rite of passage: he must kill a dragon to prove his warrior mettle. But after downing a feared dragon, he realizes that he no longer wants to destroy it, and instead befriends the beast – which he names Toothless – much to the chagrin of his warrior father."
1894,Star Wars: Episode II - Attack of the Clones,2002,movie,George Lucas,Adventure|Action|Science Fiction,"Following an assassination attempt on Senator Padmé Amidala, Jedi Knights Anakin Skywalker and Obi-Wan Kenobi investigate a mysterious plot into the heart of the Separatist movement and the beginning of the Clone Wars."
76600,Avatar: The Way of Water,2022,movie,James Cameron,Action|Adventure|Science Fiction,"Set more than a decade after the events of the first film, learn the story of the Sully family (Jake, Neytiri, and their kids), the trouble that follows them, the lengths they go to keep each other safe, the battles they fight to stay alive, and the tragedies they endure."
425,Ice Age,2002,movie,Chris Wedge,Animation|Comedy|Family|Adventure,"Manny the mammoth, Sid the loquacious sloth, and Diego the sabre-toothed tiger go on a comical quest to return a human baby back to his father, across a world on the brink of an ice age."
324552,John Wick: Chapter 2,2017,movie,Chad Stahelski,Action|Thriller|Crime,"John Wick is forced out of retirement by a former associate looking to seize control of a shadowy international assassins’ guild. Bound by a blood oath to aid him, Wick travels to Rome and does battle against some of the world’s most dangerous killers."
57158,The Hobbit: The Desolation of Smaug,2013,movie,Peter Jackson,Fantasy|Adventure|Action,"The Dwarves, Bilbo and Gandalf have successfully escaped the Misty Mountains, and Bilbo has gained the One Ring. They all continue their journey to get their gold back from the Dragon, Smaug."
546554,Knives Out,2019,movie,Rian Johnson,Comedy|Crime|Mystery,"When renowned crime novelist Harlan Thrombey is found dead at his estate just after his 85th birthday, the inquisitive and debonair Detective Benoit Blanc is mysteriously enlisted to investigate. From Harlan's dysfunctional family to his devoted staff, Blanc sifts through a web of red herrings and self-serving lies to uncover the truth behind Harlan's untimely death."
363088,Ant-Man and the Wasp,2018,movie,Peyton Reed,Action|Adventure|Science Fiction,"Just when his time under house arrest is about to end, Scott Lang once again puts his freedom at risk to help Hope van Dyne and Dr. Hank Pym dive into the quantum realm and try to accomplish, against time and any chance of success, a very dangerous rescue mission."
274870,Passengers,2016,movie,Morten Tyldum,Drama|Romance|Science Fiction,"A spacecraft traveling to a distant colony planet and transporting thousands of people has a malfunction in its sleep chambers. As a result, two passengers are awakened 90 years early."
62177,Brave,2012,movie,"Mark Andrews, Brenda Chapman",Adventure|Animation|Family|Fantasy,"In the mystical Scottish Highlands, Merida is the princess of a kingdom ruled by King Fergus and Queen Elinor. An unruly daughter and an accomplished archer, Merida one day defies a sacred custom of the land and inadvertently brings turmoil to the kingdom. In an attempt to set things right, Merida seeks out an eccentric old Wise Woman and is granted an ill-fated wish."
240,The Godfather Part II,1974,movie,Francis Ford Coppola,Drama|Crime,"In the continuing saga of the Corleone crime family, a young Vito Corleone grows up in Sicily and in 1910s New York. In the 1950s, Michael Corleone attempts to expand the family business into Las Vegas, Hollywood and Cuba."
165,Back to the Future Part II,1989,movie,Robert Zemeckis,Adventure|Comedy|Science Fiction,"Marty and Doc are at it again as the time-traveling duo head to 2015 to nip some McFly family woes in the bud. But things go awry thanks to bully Biff Tannen and a pesky sports almanac. In a last-ditch attempt to set things straight, Marty finds himself bound for 1955 and face to face with his teenage parents -- again."
350,The Devil Wears Prada,2006,movie,David Frankel,Drama|Comedy,"A young woman from the Midwest gets more than she bargained for when she moves to New York to become a writer and ends up as the assistant to the tyrannical, larger-than-life editor-in-chief of a major fashion magazine."
246655,X-Men: Apocalypse,2016,movie,Bryan Singer,Science Fiction|Fantasy|Action,"After the re-emergence of the world's first mutant, world-destroyer Apocalypse, the X-Men must unite to defeat his extinction level plan."
4922,The Curious Case of Benjamin Button,2008,movie,David Fincher,Drama|Fantasy|Romance,"Born under unusual circumstances, Benjamin Button springs into being as an elderly man in a New Orleans nursing home and ages in reverse. Twelve years after his birth, he meets Daisy, a child who flits in and out of his life as she grows up to be a dancer. Though he has all sorts of unusual adventures over the course of his life, it is his relationship with Daisy, and the hope that they will come together at the right time, that drives Benjamin forward."
162,Edward Scissorhands,1990,movie,Tim Burton,Fantasy|Drama|Romance,A small suburban town receives a visit from a castaway unfinished science experiment named Edward.
277834,Moana,2016,movie,"John Musker, Ron Clements",Adventure|Comedy|Family|Animation,"In Ancient Polynesia, when a terrible curse incurred by Maui reaches an impetuous Chieftain's daughter's island, she answers the Ocean's call to seek out the demigod to set things right."
87827,Life of Pi,2012,movie,Ang Lee,Adventure|Drama,"The story of an Indian boy named Pi, a zookeeper's son who finds himself in the company of a hyena, zebra, orangutan, and a Bengal tiger after a shipwreck sets them adrift in the Pacific Ocean."
141052,Justice League,2017,movie,Zack Snyder,Action|Adventure|Science Fiction,"Fuelled by his restored faith in humanity and inspired by Superman's selfless act, Bruce Wayne and Diana Prince assemble a team of metahumans consisting of Barry Allen, Arthur Curry and Victor Stone to face the catastrophic threat of Steppenwolf and the Parademons who are on the hunt for three Mother Boxes on Earth."
260513,Incredibles 2,2018,movie,Brad Bird,Action|Adventure|Animation|Family,"Elastigirl springs into action to save the day, while Mr. Incredible faces his greatest challenge yet – taking care of the problems of his three children."
530915,1917,2019,movie,Sam Mendes,War|Drama|History,"At the height of the First World War, two young British soldiers must cross enemy territory and deliver a message that will stop a deadly attack on hundreds of soldiers."
102651,Maleficent,2014,movie,Robert Stromberg,Fantasy|Adventure|Action|Family|Romance,"A beautiful, pure-hearted young woman, Maleficent has an idyllic life growing up in a peaceable forest kingdom, until one day when an invading army threatens the harmony of the land. She rises to be the land's fiercest protector, but she ultimately suffers a ruthless betrayal – an act that begins to turn her heart into stone. Bent on revenge, Maleficent faces an epic battle with the invading King's successor and, as a result, places a curse upon his newborn infant Aurora. As the child grows, Maleficent realizes that Aurora holds the key to peace in the kingdom – and to Maleficent's true happiness as well."
190859,American Sniper,2014,movie,Clint Eastwood,War|Action,"U.S. Navy SEAL Chris Kyle takes his sole mission—protect his comrades—to heart and becomes one of the most lethal snipers in American history. His pinpoint accuracy not only saves countless lives but also makes him a prime target of insurgents. Despite grave danger and his struggle to be a good husband and father to his family back in the States, Kyle serves four tours of duty in Iraq. However, when he finally returns home, he finds that he cannot leave the war behind."
49538,X-Men: First Class,2011,movie,Matthew Vaughn,Action|Science Fiction|Adventure,"Before Charles Xavier and Erik Lensherr took the names Professor X and Magneto, they were two young men discovering their powers for the first time. Before they were arch-enemies, they were closest of friends, working together with other mutants (some familiar, some new), to stop the greatest threat the world has ever known."
194662,Birdman or (The Unexpected Virtue of Ignorance),2014,movie,Alejandro G. Iñárritu,Drama|Comedy,"A fading actor best known for his portrayal of a popular superhero attempts to mount a comeback by appearing in a Broadway play. As opening night approaches, his attempts to become more altruistic, rebuild his career, and reconnect with friends and family prove more difficult than expected."
68726,Pacific Rim,2013,movie,Guillermo del Toro,Action|Science Fiction|Adventure,"Using massive piloted robots to combat the alien threat, Earth's survivors take the fight to the invading alien force lurking in the depths of the Pacific Ocean. Nearly defenseless in the face of the relentless enemy, the forces of mankind have no choice but to turn to two unlikely heroes who now stand as Earth's final hope against the mounting apocalypse."
809,Shrek 2,2004,movie,"Conrad Vernon, Kelly Asbury, Andrew Adamson",Animation|Comedy|Family|Fantasy|Romance,"Happily ever after never seemed so far far away when a trip to meet the in-laws turns into a hilariously twisted adventure for Shrek and Fiona. With the help of ever-faithful Donkey, Shrek takes on the potion-brewing Fairy Godmother, pompous Prince Charming, and infamous ogre-killer Puss In Boots."
157350,Divergent,2014,movie,Neil Burger,Action|Adventure|Science Fiction,"In a world divided into factions based on personality types, Tris learns that she's been classified as Divergent and won't fit in. When she discovers a plot to destroy Divergents, Tris and the mysterious Four must find out what makes Divergents dangerous before it's too late."
70981,Prometheus,2012,movie,Ridley Scott,Science Fiction|Mystery|Horror,"A team of explorers discover a clue to the origins of mankind on Earth, leading them on a journey to the darkest corners of the universe. There, they must fight a terrifying battle to save the future of the human race."
131634,The Hunger Games: Mockingjay - Part 2,2015,movie,Francis Lawrence,Action|Adventure|Science Fiction,"As the war between the Capitol and the districts reaches its peak, Katniss Everdeen embarks on a perilous mission to liberate Panem and confront President Snow. Joined by a team of trusted allies, she navigates deadly traps, shifting loyalties, and the heavy cost of rebellion, determined to bring freedom to her people and end the Hunger Games once and for all."
296096,Me Before You,2016,movie,Thea Sharrock,Drama|Romance,"Lou Clark, a directionless 26-year-old from the English countryside, takes a job at the local castle as a caregiver and companion to a wealthy young banker, Will Traynor. Wheelchair-bound from an accident two years prior, the once adventurous Will has all but given up — that is until Lou determines to show him that life is worth living."
146233,Prisoners,2013,movie,Denis Villeneuve,Drama|Thriller|Crime,"After his six-year-old daughter is abducted, a desperate father takes justice into his own hands when he loses faith in the detective leading the investigation, setting both men on a collision course as the search descends into obsession and moral compromise."
19908,Zombieland,2009,movie,Ruben Fleischer,Comedy|Horror,"Columbus has made a habit of running from what scares him. Tallahassee doesn't have fears. If he did, he'd kick their ever-living ass. In a world overrun by zombies, these two are perfectly evolved survivors. But now, they're about to stare down the most terrifying prospect of all: each other."
72105,Ted,2012,movie,Seth MacFarlane,Comedy|Fantasy,"John Bennett, a man whose childhood wish of bringing his teddy bear to life came true, now must decide between keeping the relationship with the bear or his girlfriend, Lori."
82690,Wreck-It Ralph,2012,movie,Rich Moore,Family|Animation|Comedy|Adventure,"Wreck-It Ralph is the 9-foot-tall, 643-pound villain of an arcade video game named Fix-It Felix Jr., in which the game's titular hero fixes buildings that Ralph destroys. Wanting to prove he can be a good guy and not just a villain, Ralph escapes his game and lands in Hero's Duty, a first-person shooter where he helps the game's hero battle against alien invaders. He later enters Sugar Rush, a kart racing game set on tracks made of candies, cookies and other sweets. There, Ralph meets Vanellope von Schweetz who has learned that her game is faced with a dire threat that could affect the entire arcade, and one that Ralph may have inadvertently started."
490132,Green Book,2018,movie,Peter Farrelly,Drama|Comedy|History,"Tony Lip, a bouncer in 1962, is hired to drive pianist Don Shirley on a tour through the Deep South in the days when African Americans, forced to find alternate accommodations and services due to segregation laws below the Mason-Dixon Line, relied on a guide called The Negro Motorist Green Book."
228150,Fury,2014,movie,David Ayer,War|Drama|Action,"April, 1945. As the Allies make their final push in the European Theater, a battle-hardened army sergeant commands a Sherman tank with a five-man crew on a deadly mission behind enemy lines."
1724,The Incredible Hulk,2008,movie,Louis Leterrier,Science Fiction|Action|Adventure,"Scientist Bruce Banner scours the planet for an antidote to the unbridled force of rage within him: the Hulk. But when the military masterminds who dream of exploiting his powers force him back to civilization, he finds himself coming face to face with a new, deadly foe."
138843,The Conjuring,2013,movie,James Wan,Horror|Thriller,"Paranormal investigators Ed and Lorraine Warren work to help a family terrorized by a dark presence in their farmhouse. Forced to confront a powerful entity, the Warrens find themselves caught in the most terrifying case of their lives."
61791,Rise of the Planet of the Apes,2011,movie,Rupert Wyatt,Thriller|Action|Drama|Science Fiction,"A highly intelligent chimpanzee named Caesar has been living a peaceful suburban life ever since he was born. But when he gets taken to a cruel primate facility, Caesar decides to revolt against those who have harmed him."
399055,The Shape of Water,2017,movie,Guillermo del Toro,Drama|Fantasy|Romance,"An other-worldly story, set against the backdrop of Cold War era America circa 1962, where a mute janitor working at a lab falls in love with an amphibious man being held captive there and devises a plan to help him escape."
166426,Pirates of the Caribbean: Dead Men Tell No Tales,2017,movie,"Espen Sandberg, Joachim Rønning",Adventure|Action|Fantasy,"Thrust into an all-new adventure, a down-on-his-luck Capt. Jack Sparrow feels the winds of ill-fortune blowing even more strongly when deadly ghost sailors led by his old nemesis, the evil Capt. Salazar, escape from the Devil's Triangle. Jack's only hope of survival lies in seeking out the legendary Trident of Poseidon, but to find it, he must forge an uneasy alliance with a brilliant and beautiful astronomer and a headstrong young man in the British navy."
14161,2012,2009,movie,Roland Emmerich,Action|Adventure|Science Fiction,"Dr. Adrian Helmsley, part of a worldwide geophysical team investigating the effect on the earth of radiation from unprecedented solar storms, learns that the earth's core is heating up. He warns U.S. President Thomas Wilson that the crust of the earth is becoming unstable and that without proper preparations for saving a fraction of the world's population, the entire race is doomed. Meanwhile, writer Jackson Curtis stumbles on the same information. While the world's leaders race to build ""arks"" to escape the impending cataclysm, Curtis struggles to find a way to save his family. Meanwhile, volcanic eruptions and earthquakes of unprecedented strength wreak havoc around the world."
2048,"I, Robot",2004,movie,Alex Proyas,Action|Science Fiction,"In 2035, where robots are commonplace and abide by the three laws of robotics, a technophobic cop investigates an apparent suicide. Suspecting that a robot may be responsible for the death, his investigation leads him to believe that humanity may be in danger."
351286,Jurassic World: Fallen Kingdom,2018,movie,J. A. Bayona,Adventure|Science Fiction|Thriller,"Three years after Jurassic World was destroyed, Isla Nublar now sits abandoned. When the island's dormant volcano begins roaring to life, Owen and Claire mount a campaign to rescue the remaining dinosaurs from this extinction-level event."
9502,Kung Fu Panda,2008,movie,"Mark Osborne, John Stevenson",Action|Animation|Comedy|Family,"Chosen by prophecy but doubted by all, Po is an unlikely choice for the mystical title of the Dragon Warrior—a clumsy panda thrust into the world of kung fu as a deadly enemy threatens the Valley of Peace. Under reluctant guidance by Master Shifu and the Furious Five, Po must embrace who he is to unlock the power that no scroll can teach."
73,American History X,1998,movie,Tony Kaye,Drama,"Derek Vineyard is paroled after serving 3 years in prison for killing two African-American men. Through his brother, Danny Vineyard's narration, we learn that before going to prison, Derek was a skinhead and the leader of a violent white supremacist gang that committed acts of racial crime throughout L.A. and his actions greatly influenced Danny. Reformed and fresh out of prison, Derek severs contact with the gang and becomes determined to keep Danny from going down the same violent path as he did."
771,Home Alone,1990,movie,Chris Columbus,Comedy|Family,"Eight-year-old Kevin McCallister makes the most of the situation after his family unwittingly leaves him behind when they go on Christmas vacation. When thieves try to break into his home, he puts up a fight like no other."
127380,Finding Dory,2016,movie,Andrew Stanton,Adventure|Animation|Family,Dory is reunited with her friends Nemo and Marlin in the search for answers about her past. What can she remember? Who are her parents? And where did she learn to speak Whale?
82693,Silver Linings Playbook,2012,movie,David O. Russell,Drama|Comedy|Romance,"After losing his job and wife, and spending time in an institution, a former teacher winds up living with his parents. He wants to rebuild his life and reconcile with his wife, but his father would be happy if he shared his obsession with the Philadelphia Eagles. Things get complicated when he meets Tiffany Maxwell who offers to help him reconnect with his wife if he will do something very important for her in exchange."
38757,Tangled,2010,movie,"Byron Howard, Nathan Greno",Animation|Family|Adventure,"Feisty teenager Rapunzel, who has long and magical hair, wants to go and see sky lanterns on her eighteenth birthday, but she's bound to a tower by her overprotective mother. She strikes a deal with Flynn Rider, a charming wanted thief, and the duo set off on an action-packed escapade."
23483,Kick-Ass,2010,movie,Matthew Vaughn,Action|Crime,"Dave Lizewski is an unnoticed high school student and comic book fan who one day decides to become a super-hero, even though he has no powers, training or meaningful reason to do so."
8358,Cast Away,2000,movie,Robert Zemeckis,Adventure|Drama,"Chuck Noland, a top international manager for FedEx, and Kelly, a Ph.D. student, are in love and heading towards marriage. Then Chuck's plane to Malaysia crashes at sea during a terrible storm. He's the only survivor, and finds himself marooned on a desolate island. With no way to escape, Chuck must find ways to survive in his new home."
1858,Transformers,2007,movie,Michael Bay,Adventure|Science Fiction|Action,Young teenager Sam Witwicky becomes involved in the ancient struggle between two extraterrestrial factions of transforming robots – the heroic Autobots and the evil Decepticons. Sam holds the clue to unimaginable power and the Decepticons will stop at nothing to retrieve it.
36657,X-Men,2000,movie,Bryan Singer,Adventure|Action|Science Fiction,"Two mutants, Rogue and Wolverine, come to a private academy for their kind whose resident superhero team, the X-Men, must oppose a terrorist organization with similar powers."
216015,Fifty Shades of Grey,2015,movie,Sam Taylor-Johnson,Drama|Romance|Thriller,"When college senior Anastasia Steele steps in for her sick roommate to interview prominent businessman Christian Grey for their campus paper, little does she realize the path her life will take. Christian, as enigmatic as he is rich and powerful, finds himself strangely drawn to Ana, and she to him. Though sexually inexperienced, Ana plunges headlong into an affair -- and learns that Christian's true sexual proclivities push the boundaries of pain and pleasure."
119450,Dawn of the Planet of the Apes,2014,movie,Matt Reeves,Science Fiction|Action|Drama|Thriller,"A group of scientists in San Francisco struggle to stay alive in the aftermath of a plague that is wiping out humanity, while Caesar tries to maintain dominance over his community of intelligent apes."
49530,In Time,2011,movie,Andrew Niccol,Action|Thriller|Science Fiction,"In the not-too-distant future, the aging gene has been switched off. To avoid overpopulation, time has become the currency and the way people pay for luxuries and necessities. The rich can live forever, while the rest struggle to negotiate for their immortality. A poor young man who suddenly comes into a fortune of time finds himself on the run from a corrupt police force known as the ""time keepers""."
8681,Taken,2008,movie,Pierre Morel,Action|Thriller,"Bryan Mills, a former government operative, is trying to reconnect with his teenage daughter Kim. After reluctantly agreeing with his ex-wife to let Kim go to Paris on vacation with a friend, his worst nightmare comes true. While on the phone with his daughter shortly after she arrives in Paris, she and her friend are abducted by a gang of human traffickers. Working against the clock, Bryan relies on his extensive training and skills to track down the ruthless gang that abducted her and launch a one-man war to rescue his daughter."
604,The Matrix Reloaded,2003,movie,"Lana Wachowski, Lilly Wachowski",Adventure|Action|Thriller|Science Fiction,"The Resistance builds in numbers as humans are freed from the Matrix and brought to the city of Zion. Neo discovers his superpowers, including the ability to see the code inside the Matrix. With machine sentinels digging to Zion in 72 hours, Neo, Morpheus and Trinity must find the Keymaker to ultimately reach the Source."
812,Aladdin,1992,movie,"John Musker, Ron Clements",Animation|Family|Adventure|Fantasy|Romance,"In the boorish city of Agrabah, kind-hearted street urchin Aladdin and Princess Jasmine fall in love, although she can only marry a prince. He and power-hungry Grand Vizier Jafar vie for a magic lamp that can fulfill their wishes."
93456,Despicable Me 2,2013,movie,"Chris Renaud, Pierre Coffin",Animation|Comedy|Family|Science Fiction,Gru is recruited by the Anti-Villain League to help deal with a powerful new super criminal.
76203,12 Years a Slave,2013,movie,Steve McQueen,Drama|History,"In the pre-Civil War United States, Solomon Northup, a free black man from upstate New York, is abducted and sold into slavery. Facing cruelty as well as unexpected kindnesses Solomon struggles not only to stay alive, but to retain his dignity. In the twelfth year of his unforgettable odyssey, Solomon’s chance meeting with a Canadian abolitionist will forever alter his life."
18,The Fifth Element,1997,movie,Luc Besson,Science Fiction|Action|Adventure,"In 2257, a taxi driver is unintentionally given the task of saving a young girl who is part of the key that will ensure the survival of humanity."
458156,John Wick: Chapter 3 - Parabellum,2019,movie,Chad Stahelski,Action|Thriller|Crime,"Super-assassin John Wick returns with a $14 million price tag on his head and an army of bounty-hunting killers on his trail. After killing a member of the shadowy international assassin’s guild, the High Table, John Wick is excommunicado, but the world’s most ruthless hit men and women await his every turn."
953,Madagascar,2005,movie,"Eric Darnell, Tom McGrath",Adventure|Animation|Comedy|Family,Four animal friends get a taste of the wild life when they break out of captivity at the Central Park Zoo and wash ashore on the island of Madagascar.
1949,Zodiac,2007,movie,David Fincher,Crime|Mystery|Thriller,"Police conduct a manhunt for the Zodiac Killer, a serial killer who terrorized the San Francisco Bay Area during the late 1960s and early 1970s, taunting police with letters, bloodstained clothing, and ciphers mailed to newspapers."
75612,Oblivion,2013,movie,Joseph Kosinski,Action|Science Fiction|Adventure|Mystery,"Jack Harper is one of the last few drone repairmen stationed on Earth. Part of a massive operation to extract vital resources after decades of war with a terrifying threat known as the Scavs, Jack’s mission is nearly complete. His existence is brought crashing down when he rescues a beautiful  stranger from a downed spacecraft. Her arrival triggers a chain of events that  forces him to question everything he knows and puts the fate of humanity in his hands."
196,Back to the Future Part III,1990,movie,Robert Zemeckis,Adventure|Comedy|Science Fiction,"The final installment finds Marty digging the trusty DeLorean out of a mineshaft and looking for Doc in the Wild West of 1885. But when their time machine breaks down, the travelers are stranded in a land of spurs. More problems arise when Doc falls for pretty schoolteacher Clara Clayton, and Marty tangles with Buford Tannen."
13223,Gran Torino,2008,movie,Clint Eastwood,Drama,"Disgruntled Korean War veteran Walt Kowalski sets out to reform his neighbor, Thao Lor, a Hmong teenager who tried to steal Kowalski's prized possession: a 1972 Gran Torino."
291805,Now You See Me 2,2016,movie,Jon M. Chu,Crime|Thriller,"One year after outwitting the FBI and winning the public’s adulation with their mind-bending spectacles, the Four Horsemen resurface only to find themselves face to face with a new enemy who enlists them to pull off their most dangerous heist yet."
510,One Flew Over the Cuckoo's Nest,1975,movie,Miloš Forman,Drama,"A petty criminal fakes insanity to serve his sentence in a mental ward rather than prison. He soon finds himself as a leader to the other patients—and an enemy to the cruel, domineering nurse who runs the ward."
411,"The Chronicles of Narnia: The Lion, the Witch and the Wardrobe",2005,movie,Andrew Adamson,Adventure|Family|Fantasy,Four kids travel through a wardrobe to the land of Narnia and learn of their destiny to free it with the guidance of a mystical lion.
600,Full Metal Jacket,1987,movie,Stanley Kubrick,Drama|War,A pragmatic U.S. Marine observes the dehumanizing effects the U.S.-Vietnam War has on his fellow recruits from their brutal boot camp training to the bloody street fighting in Hue.
629,The Usual Suspects,1995,movie,Bryan Singer,Drama|Crime|Thriller,"Held in an L.A. interrogation room, Verbal Kint attempts to convince the feds that a mythic crime lord, Keyser Soze, not only exists, but was also responsible for drawing him and his four partners into a multi-million dollar heist that ended with an explosion in San Pedro harbor – leaving few survivors. Verbal lures his interrogators with an incredible story of the crime lord's almost supernatural prowess."
51876,Limitless,2011,movie,Neil Burger,Thriller|Mystery|Science Fiction,The life of an unsuccessful writer is transformed by a top-secret 'smart drug' that allows him to use 100% of his brain and become a perfect version of himself. His enhanced abilities soon attract shadowy forces that threaten his new life.
310,Bruce Almighty,2003,movie,Tom Shadyac,Fantasy|Comedy,"Bruce Nolan toils as a ""human interest"" television reporter in Buffalo, NY, but despite his high ratings and the love of his beautiful girlfriend, Bruce remains unfulfilled. At the end of the worst day in his life, he angrily ridicules God — and the Almighty responds, endowing Bruce with all of His divine powers."
222935,The Fault in Our Stars,2014,movie,Josh Boone,Romance|Drama,"Despite the tumor-shrinking medical miracle that has bought her a few years, Hazel has never been anything but terminal, her final chapter inscribed upon diagnosis. But when a patient named Augustus Waters suddenly appears at Cancer Kid Support Group, Hazel's story is about to be completely rewritten."
338952,Fantastic Beasts: The Crimes of Grindelwald,2018,movie,David Yates,Fantasy|Adventure,"Gellert Grindelwald has escaped imprisonment and has begun gathering followers to his cause—elevating wizards above all non-magical beings. The only one capable of putting a stop to him is the wizard he once called his closest friend, Albus Dumbledore. However, Dumbledore will need to seek help from the wizard who had thwarted Grindelwald once before, his former student Newt Scamander, who agrees to help, unaware of the dangers that lie ahead. Lines are drawn as love and loyalty are tested, even among the truest friends and family, in an increasingly divided wizarding world."
497698,Black Widow,2021,movie,Cate Shortland,Action|Adventure|Science Fiction,"Natasha Romanoff, also known as Black Widow, confronts the darker parts of her ledger when a dangerous conspiracy with ties to her past arises. Pursued by a force that will stop at nothing to bring her down, Natasha must deal with her history as a spy and the broken relationships left in her wake long before she became an Avenger."
854,The Mask,1994,movie,Chuck Russell,Comedy|Fantasy|Crime|Romance,"Timid bank clerk Stanley Ipkiss discovers a magical mask infused with the spirit of the Norse god Loki. Donning it transforms him into an unrestrained, green-faced, cartoon-like wild man. While the mask grants him the confidence to woo a local singer, it also makes him the target of a ruthless mobster."
8844,Jumanji,1995,movie,Joe Johnston,Adventure|Fantasy|Family,"When siblings Judy and Peter discover an enchanted board game that opens the door to a magical world, they unwittingly invite Alan -- an adult who's been trapped inside the game for 26 years -- into their living room. Alan's only hope for freedom is to finish the game, which proves risky as all three find themselves running from giant rhinoceroses, evil monkeys and other terrifying creatures."
577922,Tenet,2020,movie,Christopher Nolan,Action|Thriller|Science Fiction,"Armed with only one word - Tenet - and fighting for the survival of the entire world, the Protagonist journeys through a twilight world of international espionage on a mission that will unfold in something beyond real time."
45243,The Hangover Part II,2011,movie,Todd Phillips,Comedy,"The Hangover crew heads to Thailand for Stu's wedding. After the disaster of a bachelor party in Las Vegas last year, Stu is playing it safe with a mellow pre-wedding brunch. However, nothing goes as planned and Bangkok is the perfect setting for another adventure with the rowdy group."
2080,X-Men Origins: Wolverine,2009,movie,Gavin Hood,Adventure|Action|Science Fiction,"After seeking to live a normal life after 200 years, Logan sets out to avenge a death by undergoing the mutant Weapon X program and becoming Wolverine."
62211,Monsters University,2013,movie,Dan Scanlon,Animation|Family|Comedy|Fantasy,A look at the relationship between Mike and Sulley during their days at Monsters University — when they weren't necessarily the best of friends.
652,Troy,2004,movie,Wolfgang Petersen,Action|Adventure,"In year 1250 B.C. during the late Bronze age, two emerging nations begin to clash. Paris, the Trojan prince, convinces Helen, Queen of Sparta, to leave her husband Menelaus, and sail with him back to Troy. After Menelaus finds out that his wife was taken by the Trojans, he asks his brother Agamemnon to help him get her back. Agamemnon sees this as an opportunity for power. They set off with 1,000 ships holding 50,000 Greeks to Troy."
787,Mr. & Mrs. Smith,2005,movie,Doug Liman,Action|Comedy|Drama|Thriller,"A husband and wife struggle to keep their marriage alive until they realize they are both secretly working as assassins. Now, their respective assignments require them to kill each other."
168259,Furious 7,2015,movie,James Wan,Action|Crime|Thriller,Deckard Shaw seeks revenge against Dominic Toretto and his family for his comatose brother.
206647,Spectre,2015,movie,Sam Mendes,Action|Adventure|Thriller,"A cryptic message from Bond’s past sends him on a trail to uncover a sinister organization. While M battles political forces to keep the secret service alive, Bond peels back the layers of deceit to reveal the terrible truth behind SPECTRE."
197,Braveheart,1995,movie,Mel Gibson,Drama|History|War,"Enraged at the slaughter of Murron, his new bride and childhood love, Scottish warrior William Wallace slays a platoon of the local English lord's soldiers. This leads the village to revolt and, eventually, the entire country to rise up against English rule."
580489,Venom: Let There Be Carnage,2021,movie,Andy Serkis,Science Fiction|Action|Adventure,"After finding a host body in investigative reporter Eddie Brock, the alien symbiote must face a new enemy, Carnage, the alter ego of serial killer Cletus Kasady."
453,A Beautiful Mind,2001,movie,Ron Howard,Drama|Romance,"From the heights of notoriety to the depths of depravity, John Forbes Nash Jr. experiences it all. As a brilliant but socially awkward mathematician, he made a groundbreaking discovery early in his career and stands on the brink of international acclaim. But as the handsome and arrogant Nash accepts secret work in cryptography, he becomes entangled in a mysterious conspiracy. His life takes a nightmarish turn and he soon finds himself on a painful and harrowing journey of self-discovery."
343668,Kingsman: The Golden Circle,2017,movie,Matthew Vaughn,Crime|Comedy|Action,"When an attack on the Kingsman headquarters takes place and a new villain rises, Eggsy and Merlin are forced to work together with the American agency known as the Statesman to save the world."
89,Indiana Jones and the Last Crusade,1989,movie,Steven Spielberg,Adventure|Action,"In 1938, an art collector appeals to eminent archaeologist Dr. Indiana Jones to embark on a search for the Holy Grail. Indy learns that a medieval historian has vanished while searching for it, and the missing man is his own father, Dr. Henry Jones Sr.. He sets out to rescue his father by following clues in the old man's notebook, which his father had mailed to him before he went missing. Indy arrives in Venice, where he enlists the help of a beautiful academic, Dr. Elsa Schneider, along with Marcus Brody and Sallah. Together they must stop the Nazis from recovering the power of eternal life and taking over the world!"
82992,Fast & Furious 6,2013,movie,Justin Lin,Action|Thriller|Crime,"Hobbs has Dominic and Brian reassemble their crew to take down a team of mercenaries; Dominic unexpectedly gets sidetracked with facing his presumed deceased girlfriend, Letty."
293167,Kong: Skull Island,2017,movie,Jordan Vogt-Roberts,Action|Adventure|Fantasy,"Explore the mysterious and dangerous home of the king of the apes as a team of explorers ventures deep inside the treacherous, primordial island."
211672,Minions,2015,movie,"Kyle Balda, Pierre Coffin",Family|Animation|Adventure|Comedy,"Minions Stuart, Kevin and Bob are recruited by Scarlet Overkill, a super-villain who, alongside her inventor husband Herb, hatches a plot to take over the world."
64688,21 Jump Street,2012,movie,"Phil Lord, Christopher Miller",Action|Comedy|Crime,"When cops Schmidt and Jenko join the secret Jump Street unit, they use their youthful appearances to go undercover as high school students. They trade in their guns and badges for backpacks, and set out to shut down a dangerous drug ring. But, as time goes on, Schmidt and Jenko discover that high school is nothing like it was just a few years earlier -- and, what's more, they must again confront the teenage terror and anxiety they thought they had left behind."
266856,The Theory of Everything,2014,movie,James Marsh,Drama|Romance,"Once a healthy, active young man, Hawking received an earth-shattering diagnosis at 21 years of age. With Jane fighting tirelessly by his side, Stephen embarks on his most ambitious scientific work, studying the very thing he now has precious little of – time."
294254,Maze Runner: The Scorch Trials,2015,movie,Wes Ball,Science Fiction|Action|Thriller|Adventure,"Thomas and his fellow Gladers face their greatest challenge yet: searching for clues about the mysterious and powerful organization known as WCKD. Their journey takes them to the Scorch, a desolate landscape filled with unimaginable obstacles. Teaming up with resistance fighters, the Gladers take on WCKD’s vastly superior forces and uncover its shocking plans for them all."
1593,Night at the Museum,2006,movie,Shawn Levy,Fantasy|Family|Comedy,"Chaos reigns at the natural history museum when night watchman Larry Daley accidentally stirs up an ancient curse, awakening Attila the Hun, an army of gladiators, a Tyrannosaurus rex and other exhibits."
359940,"Three Billboards Outside Ebbing, Missouri",2017,movie,Martin McDonagh,Crime|Drama,"After seven months have passed without a culprit in her daughter's murder case, Mildred Hayes makes a bold move, painting three signs leading into her town with a controversial message directed at Bill Willoughby, the town's revered chief of police. When his second-in-command Officer Jason Dixon, an immature mother's boy with a penchant for violence, gets involved, the battle between Mildred and Ebbing's law enforcement is only exacerbated."
41154,Men in Black 3,2012,movie,Barry Sonnenfeld,Action|Comedy|Science Fiction,"Agents J and K are back...in time. J has seen some inexplicable things in his 15 years with the Men in Black, but nothing, not even aliens, perplexes him as much as his wry, reticent partner. But when K's life and the fate of the planet are put at stake, Agent J will have to travel back in time to put things right. J discovers that there are secrets to the universe that K never told him - secrets that will reveal themselves as he teams up with the young Agent K to save his partner, the agency, and the future of humankind."
679,Aliens,1986,movie,James Cameron,Action|Thriller|Science Fiction,"Ripley, the sole survivor of the Nostromo's deadly encounter with the monstrous Alien, returns to Earth after drifting through space in hypersleep for 57 years. Although her story is initially met with skepticism, she agrees to accompany a team of Colonial Marines back to LV-426."
59967,Looper,2012,movie,Rian Johnson,Action|Thriller|Science Fiction,"In the year 2044, time travel has not yet been invented but in 30 years it will have been. When the mob wants to get rid of someone, they will send their target into the past where a looper, a hired gun, like Joe is waiting to mop up. Joe is getting rich and life is good until the day the mob decides to close the loop, sending back Joe's future self for assassination."
36658,X2,2003,movie,Bryan Singer,Adventure|Action|Science Fiction,"Professor Charles Xavier and his team of genetically gifted superheroes face a rising tide of anti-mutant sentiment led by Col. William Stryker. Storm, Wolverine and Jean Grey must join Magneto and Mystique to unhinge Stryker's scheme to exterminate all mutants."
181812,Star Wars: The Rise of Skywalker,2019,movie,J.J. Abrams,Adventure|Action|Science Fiction,"The surviving Resistance faces the First Order once again as the journey of Rey, Finn and Poe Dameron continues. With the power and knowledge of generations behind them, the final battle begins."
791373,Zack Snyder's Justice League,2021,movie,Zack Snyder,Action|Adventure|Fantasy,"Determined to ensure Superman's ultimate sacrifice was not in vain, Bruce Wayne aligns forces with Diana Prince with plans to recruit a team of metahumans to protect the world from an approaching threat of catastrophic proportions."
502356,The Super Mario Bros. Movie,2023,movie,"Aaron Horvath, Michael Jelenic",Family|Comedy|Adventure|Fantasy|Animation,"While working underground to fix a water main, Brooklyn plumbers—and brothers—Mario and Luigi are transported down a mysterious pipe and wander into a magical new world. But when the brothers are separated, Mario embarks on an epic quest to find Luigi."
58574,Sherlock Holmes: A Game of Shadows,2011,movie,Guy Ritchie,Action|Adventure|Mystery,"There is a new criminal mastermind at large (Professor Moriarty) and not only is he Holmes’ intellectual equal, but his capacity for evil and lack of conscience may give him an advantage over the detective."
605,The Matrix Revolutions,2003,movie,"Lana Wachowski, Lilly Wachowski",Adventure|Action|Thriller|Science Fiction,The human city of Zion defends itself against the massive invasion of the machines as Neo fights to end the war at another front while also opposing the rogue Agent Smith.
56292,Mission: Impossible - Ghost Protocol,2011,movie,Brad Bird,Action|Thriller|Adventure,"Ethan Hunt and his team are racing against time to track down a dangerous terrorist named Hendricks, who has gained access to Russian nuclear launch codes and is planning a strike on the United States. An attempt to stop him ends in an explosion causing severe destruction to the Kremlin and the IMF to be implicated in the bombing, forcing the President to disavow them. No longer being aided by the government, Ethan and his team chase Hendricks around the globe, although they might still be too late to stop a disaster."
301528,Toy Story 4,2019,movie,Josh Cooley,Family|Comedy|Animation|Adventure,"Woody has always been confident about his place in the world, devoted to taking care of his kid—whether that's Andy or Bonnie. But after Bonnie creates a reluctant new toy called ""Forky"", a road trip adventure alongside old and new friends challenges everything Woody believes about loyalty, purpose, and what it truly means to be a toy."
495764,Birds of Prey (and the Fantabulous Emancipation of One Harley Quinn),2020,movie,Cathy Yan,Action|Crime,"Harley Quinn joins forces with a singer, an assassin and a police detective to help a young girl who had a hit placed on her after she stole a rare diamond from a crime lord."
337339,The Fate of the Furious,2017,movie,F. Gary Gray,Action|Crime|Thriller,"When a mysterious woman seduces Dom into the world of crime and a betrayal of those closest to him, the crew face trials that will test them as never before."
608,Men in Black II,2002,movie,Barry Sonnenfeld,Action|Comedy|Science Fiction,"Kay and Jay reunite to provide our best, last and only line of defense against a sinister seductress who levels the toughest challenge yet to the MIB's untarnished mission statement – protecting Earth from the scum of the universe. It's been four years since the alien-seeking agents averted an intergalactic disaster of epic proportions. Now it's a race against the clock as Jay must convince Kay – who not only has absolutely no memory of his time spent with the MIB, but is also the only living person left with the expertise to save the galaxy – to reunite with the MIB before the earth submits to ultimate destruction."
772,Home Alone 2: Lost in New York,1992,movie,Chris Columbus,Comedy|Family|Adventure,"Instead of flying to Florida with his folks, Kevin ends up alone in New York, where he gets a hotel room with his dad's credit card—despite problems from a clerk and meddling bellboy. But when Kevin runs into his old nemeses, the Wet Bandits, he's determined to foil their plans to rob a toy store on Christmas Eve."
420818,The Lion King,2019,movie,Jon Favreau,Adventure|Drama|Family|Animation,"Simba idolizes his father, King Mufasa, and takes to heart his own royal destiny. But not everyone in the kingdom celebrates the new cub's arrival. Scar, Mufasa's brother—and former heir to the throne—has plans of his own. The battle for Pride Rock is ravaged with betrayal, tragedy and drama, ultimately resulting in Simba's exile. With help from a curious pair of newfound friends, Simba will have to figure out how to grow up and take back what is rightfully his."
453395,Doctor Strange in the Multiverse of Madness,2022,movie,Sam Raimi,Fantasy|Action|Adventure,"Doctor Strange, with the help of mystical allies both old and new, traverses the mind-bending and dangerous alternate realities of the Multiverse to confront a mysterious new adversary."
10020,Beauty and the Beast,1991,movie,"Gary Trousdale, Kirk Wise",Romance|Family|Animation|Fantasy,"Follow the adventures of Belle, a bright young woman who finds herself in the castle of a prince who's been turned into a mysterious beast. With the help of the castle's enchanted staff, Belle soon learns the most important lesson of all -- that true beauty comes from within."
1402,The Pursuit of Happyness,2006,movie,Gabriele Muccino,Drama,A struggling salesman takes custody of his son as he's poised to begin a life-changing professional career.
405774,Bird Box,2018,movie,Susanne Bier,Horror|Thriller|Drama,"Five years after an ominous unseen presence drives most of society to suicide, a survivor and her two children make a desperate bid to reach safety."
399566,Godzilla vs. Kong,2021,movie,Adam Wingard,Action|Science Fiction|Adventure,"In a time when monsters walk the Earth, humanity’s fight for its future sets Godzilla and Kong on a collision course that will see the two most powerful forces of nature on the planet collide in a spectacular battle for the ages."
420817,Aladdin,2019,movie,Guy Ritchie,Adventure|Fantasy|Romance|Family,A kindhearted street urchin named Aladdin embarks on a magical adventure after finding a lamp that releases a wisecracking genie while a power-hungry Grand Vizier vies for the same lamp that has the power to make their deepest wishes come true.
566525,Shang-Chi and the Legend of the Ten Rings,2021,movie,Destin Daniel Cretton,Action|Adventure|Fantasy,Shang-Chi must confront the past he thought he left behind when he is drawn into the web of the mysterious Ten Rings organization.
602,Independence Day,1996,movie,Roland Emmerich,Action|Adventure|Science Fiction,"Strange phenomena surface around the globe. The skies ignite. Terror races through the world's major cities. As these extraordinary events unfold, it becomes increasingly clear that a force of incredible magnitude has arrived. Its mission: total annihilation over the Fourth of July weekend. The last hope to stop the destruction is an unlikely group of people united by fate and unimaginable circumstances."
392044,Murder on the Orient Express,2017,movie,Kenneth Branagh,Mystery|Drama|Crime,Genius Belgian detective Hercule Poirot investigates the murder of an American tycoon aboard the Orient Express train.
13475,Star Trek,2009,movie,J.J. Abrams,Science Fiction|Action|Adventure,"The fate of the galaxy rests in the hands of bitter rivals. One, James Kirk, is a delinquent, thrill-seeking Iowa farm boy. The other, Spock, a Vulcan, was raised in a logic-based society that rejects all emotion. As fiery instinct clashes with calm reason, their unlikely but powerful partnership is the only thing capable of leading their crew through unimaginable danger, boldly going where no one has gone before. The human adventure has begun again."
515001,Jojo Rabbit,2019,movie,Taika Waititi,Comedy|War|Drama,"Jojo, a lonely German boy during World War II has his world shaken when he learns that his single mother is hiding a Jewish girl in their home. Influenced by a buffoonish imaginary version of Adolf Hitler, he begins to question his beliefs and confront the conflict between propaganda and his own humanity."
110415,Snowpiercer,2013,movie,Bong Joon Ho,Action|Science Fiction|Drama,"In a future where a failed global-warming experiment kills off most life on the planet, a class system evolves aboard the Snowpiercer; a train that travels around the globe via a perpetual-motion engine."
10674,Mulan,1998,movie,"Tony Bancroft, Barry Cook",Animation|Family|Adventure,"When Imperial China calls one man from every family to defend the empire from invading Huns, a young woman disguises herself as a soldier to take her ailing father’s place. Facing ruthless invaders, brutal training, and the risk of execution if discovered, she must decide who she truly is— and what she’s willing to fight for."
381284,Hidden Figures,2016,movie,Theodore Melfi,Drama|History,"The untold story of Katherine G. Johnson, Dorothy Vaughan and Mary Jackson – brilliant African-American women working at NASA and serving as the brains behind one of the greatest operations in history – the launch of astronaut John Glenn into orbit. The visionary trio crossed all gender and race lines to inspire generations to dream big."
82702,How to Train Your Dragon 2,2014,movie,Dean DeBlois,Fantasy|Action|Adventure|Animation|Family,"Five years after uniting the dragons and Vikings of Berk, Hiccup and Toothless soar beyond their homeland, charting the vast unknown. During one of their adventures, the pair discover a secret cave that houses hundreds of wild dragons—and a mysterious dragon rider with a startling connection to Hiccup. And as the ruthless conqueror Drago Bludvist rises to seize control of both dragons and people alike, Hiccup must step into his role as a true leader and, alongside his friends and Toothless, protect Berk from a devastating war."
36668,X-Men: The Last Stand,2006,movie,Brett Ratner,Adventure|Action|Science Fiction,"When a cure is found to treat mutations, lines are drawn amongst the X-Men led by Professor Charles Xavier, and Magneto's Brotherhood of Mutants."
17654,District 9,2009,movie,Neill Blomkamp,Science Fiction,"Thirty years ago, aliens arrive on Earth. Not to conquer or give aid, but to find refuge from their dying planet. Separated from humans in a South African area called District 9, the aliens are managed by Multi-National United, which is unconcerned with the aliens' welfare but will do anything to master their advanced technology. When a company field agent contracts a mysterious virus that begins to alter his DNA, there is only one place he can hide: District 9."
9479,The Nightmare Before Christmas,1993,movie,Henry Selick,Fantasy|Animation|Family,"Tired of scaring humans every October 31 with the same old bag of tricks, Jack Skellington, the spindly king of Halloween Town, kidnaps Santa Claus and plans to deliver shrunken heads and other ghoulish gifts to children on Christmas morning. But as Christmas approaches, Jack's rag-doll girlfriend, Sally, tries to foil his misguided plans."
283366,Miss Peregrine's Home for Peculiar Children,2016,movie,Tim Burton,Adventure|Fantasy,A teenager finds himself transported to an island where he must help protect a group of orphans with special powers from creatures intent on destroying them.
70,Million Dollar Baby,2004,movie,Clint Eastwood,Drama,"Despondent over a painful estrangement from his daughter, trainer Frankie Dunn isn't prepared for boxer Maggie Fitzgerald to enter his life. But Maggie's determined to go pro and to convince Dunn and his cohort to help her."
262500,Insurgent,2015,movie,Robert Schwentke,Action|Science Fiction|Thriller,Beatrice Prior must confront her inner demons and continue her fight against a powerful alliance which threatens to tear her society apart.
454626,Sonic the Hedgehog,2020,movie,Jeff Fowler,Action|Science Fiction|Comedy|Family,"Powered with incredible speed, Sonic The Hedgehog embraces his new home on Earth. That is, until Sonic sparks the attention of super-uncool evil genius Dr. Robotnik. Now it’s super-villain vs. super-sonic in an all-out race across the globe to stop Robotnik from using Sonic’s unique power for world domination."
76170,The Wolverine,2013,movie,James Mangold,Action|Science Fiction|Adventure,"Wolverine faces his ultimate nemesis - and tests of his physical, emotional, and mortal limits - in a life-changing voyage to modern-day Japan."
950,Ice Age: The Meltdown,2006,movie,Carlos Saldanha,Animation|Family|Comedy|Adventure,"Diego, Manny and Sid return in this sequel to the hit animated movie Ice Age. This time around, the deep freeze is over, and the ice-covered earth is starting to melt, which will destroy the trio's cherished valley. The impending disaster prompts them to reunite and warn all the other beasts about the desperate situation."
8960,Hancock,2008,movie,Peter Berg,Fantasy|Action,"Hancock is a down-and-out superhero who's forced to employ a PR expert to help repair his image when the public grows weary of all the damage he's inflicted during his lifesaving heroics. The agent's idea of imprisoning the antihero to make the world miss him proves successful, but will Hancock stick to his new sense of purpose or slip back into old habits?"
330457,Frozen II,2019,movie,"Jennifer Lee, Chris Buck",Family|Animation|Adventure|Comedy|Fantasy,"Elsa, Anna, Kristoff and Olaf head far into the forest to learn the truth about an ancient mystery of their kingdom."
287947,Shazam!,2019,movie,David F. Sandberg,Action|Comedy|Fantasy,A boy is given the ability to become an adult superhero in times of need with a single magic word.
3933,Corpse Bride,2005,movie,"Tim Burton, Mike Johnson",Romance|Fantasy|Animation,"In a 19th-century European village, a young man about to be married is whisked away to the underworld and wed to a mysterious corpse bride, while his real bride waits bereft in the land of the living."
564,The Mummy,1999,movie,Stephen Sommers,Adventure|Action|Fantasy,Dashing legionnaire Rick O'Connell stumbles upon the hidden ruins of Hamunaptra while in the midst of a battle to claim the area in 1920s Egypt. It has been over three thousand years since former High Priest Imhotep suffered a fate worse than death as a punishment for a forbidden love—along with a curse that guarantees eternal doom upon the world if he is ever awoken.
389,12 Angry Men,1957,movie,Sidney Lumet,Drama,"The defense and the prosecution have rested and the jury is filing into the jury room to decide if a young Spanish-American is guilty or innocent of murdering his father. What begins as an open and shut case soon becomes a mini-drama of each of the jurors' prejudices and preconceptions about the trial, the accused, and each other."
399579,Alita: Battle Angel,2019,movie,Robert Rodriguez,Action|Science Fiction|Adventure,"When Alita awakens with no memory of who she is in a future world she does not recognize, she is taken in by Ido, a compassionate doctor who realizes that somewhere in this abandoned cyborg shell is the heart and soul of a young woman with an extraordinary past."
568124,Encanto,2021,movie,"Byron Howard, Jared Bush",Animation|Comedy|Family|Fantasy,"The tale of an extraordinary family, the Madrigals, who live hidden in the mountains of Colombia, in a magical house, in a vibrant town, in a wondrous, charmed place called an Encanto. The magic of the Encanto has blessed every child in the family—every child except one, Mirabel. But when she discovers that the magic surrounding the Encanto is in danger, Mirabel decides that she, the only ordinary Madrigal, might just be her exceptional family's last hope."
2501,The Bourne Identity,2002,movie,Doug Liman,Action|Mystery|Thriller,"Wounded to the brink of death and suffering from amnesia, Jason Bourne is rescued at sea by a fisherman. With nothing to go on but a Swiss bank account number, he starts to reconstruct his life, but finds that many people he encounters want him dead. However, Bourne realizes that he has the combat and mental skills of a world-class spy—but who does he work for?"
87,Indiana Jones and the Temple of Doom,1984,movie,Steven Spielberg,Adventure|Action,"After arriving in India, Indiana Jones is asked by a desperate village to find a mystical stone. He agrees – and stumbles upon a secret cult plotting a terrible plan in the catacombs of an ancient palace."
176,Saw,2004,movie,James Wan,Horror|Mystery|Crime,"Two men wake up to find themselves shackled in a grimy, abandoned bathroom. As they struggle to comprehend their predicament, they discover a disturbing tape left behind by the sadistic mastermind known as Jigsaw. With a chilling voice and cryptic instructions, Jigsaw informs them that they must partake in a gruesome game in order to secure their freedom."
591,The Da Vinci Code,2006,movie,Ron Howard,Thriller|Mystery,"A murder in Paris’ Louvre Museum and cryptic clues in some of Leonardo da Vinci’s most famous paintings lead to the discovery of a religious mystery. For 2,000 years a secret society closely guards information that — should it come to light — could rock the very foundations of Christianity."
337404,Cruella,2021,movie,Craig Gillespie,Comedy|Crime,"In 1970s London amidst the punk rock revolution, a young grifter named Estella is determined to make a name for herself with her designs. She befriends a pair of young thieves who appreciate her appetite for mischief, and together they are able to build a life for themselves on the London streets. One day, Estella’s flair for fashion catches the eye of the Baroness von Hellman, a fashion legend who is devastatingly chic and terrifyingly haute. But their relationship sets in motion a course of events and revelations that will cause Estella to embrace her wicked side and become the raucous, fashionable and revenge-bent Cruella."
107,Snatch,2000,movie,Guy Ritchie,Crime|Comedy,"Unscrupulous boxing promoters, violent bookies, a Russian gangster, incompetent amateur robbers, and supposedly Jewish jewellers fight to track down a priceless stolen diamond."
954,Mission: Impossible,1996,movie,Brian De Palma,Adventure|Action|Thriller,"When Ethan Hunt, the leader of a crack espionage team whose perilous operation has gone awry with no explanation, discovers that a mole has penetrated the CIA, he's surprised to learn that he's the prime suspect. To clear his name, Hunt now must ferret out the real double agent and, in the process, even the score."
13183,Watchmen,2009,movie,Zack Snyder,Mystery|Action|Science Fiction,"In a gritty and alternate 1985, the glory days of costumed vigilantes have been brought to a close by a government crackdown. But after one of the masked veterans is brutally murdered, an investigation into the killer is initiated. The reunited heroes set out to prevent their own destruction, but in doing so they uncover a sinister plot that puts all of humanity in grave danger."
316029,The Greatest Showman,2017,movie,Michael Gracey,Drama,"The story of American showman P.T. Barnum, founder of the circus that became the famous traveling Ringling Bros. and Barnum & Bailey Circus."
156022,The Equalizer,2014,movie,Antoine Fuqua,Thriller|Action|Crime,"McCall believes he has put his mysterious past behind him and dedicated himself to beginning a new, quiet life. But when he meets Teri, a young girl under the control of ultra-violent Russian gangsters, he can’t stand idly by – he has to help her. Armed with hidden skills that allow him to serve vengeance against anyone who would brutalize the helpless, McCall comes out of his self-imposed retirement and finds his desire for justice reawakened. If someone has a problem, if the odds are stacked against them, if they have nowhere else to turn, McCall will help. He is The Equalizer."
9738,Fantastic Four,2005,movie,Tim Story,Action|Fantasy|Science Fiction,"During a space voyage, four scientists are altered by cosmic rays: Reed Richards gains the ability to stretch his body; Sue Storm can become invisible; Johnny Storm controls fire; and Ben Grimm is turned into a super-strong … thing. Together, these ""Fantastic Four"" must now thwart the evil plans of Dr. Doom and save the world from certain destruction."
550988,Free Guy,2021,movie,Shawn Levy,Comedy|Adventure|Science Fiction,"A bank teller discovers he is actually a background player in an open-world video game, and decides to become the hero of his own story. Now, in a world where there are no limits, he is determined to be the guy who saves his world his way before it's too late."
9741,Unbreakable,2000,movie,M. Night Shyamalan,Thriller|Drama|Mystery,"An ordinary man makes an extraordinary discovery when a train accident leaves his fellow passengers dead — and him unscathed. The answer to this mystery could lie with the mysterious Elijah Price, a man who suffers from a disease that renders his bones as fragile as glass."
318846,The Big Short,2015,movie,Adam McKay,Comedy|Drama,The men who made millions from a global economic meltdown.
124905,Godzilla,2014,movie,Gareth Edwards,Action|Drama|Science Fiction,"Ford Brody, a Navy bomb expert, has just reunited with his family in San Francisco when he is forced to go to Japan to help his estranged father, Joe. Soon, both men are swept up in an escalating crisis when an ancient alpha predator arises from the sea to combat malevolent adversaries that threaten the survival of humanity. The creatures leave colossal destruction in their wake, as they make their way toward their final battleground: San Francisco."
810,Shrek the Third,2007,movie,Chris Miller,Fantasy|Adventure|Animation|Comedy|Family,"After the King of Far Far Away dies, Shrek and Fiona are to succede. However, Shrek wants to return to his cozy swamp and live in peace and quiet, so when he finds out there is another heir to the throne, he and Donkey set off to bring him back to rule the kingdom."
281338,War for the Planet of the Apes,2017,movie,Matt Reeves,Drama|Science Fiction|War,"Caesar and his apes are forced into a deadly conflict with an army of humans led by a ruthless Colonel. After the apes suffer unimaginable losses, Caesar wrestles with his darker instincts and begins his own mythic quest to avenge his kind. As the journey finally brings them face to face, Caesar and the Colonel are pitted against each other in an epic battle that will determine the fate of both their species and the future of the planet."
177677,Mission: Impossible - Rogue Nation,2015,movie,Christopher McQuarrie,Action|Adventure,"Ethan and team take on their most impossible mission yet—eradicating 'The Syndicate', an International and highly-skilled rogue organization committed to destroying the IMF."
180,Minority Report,2002,movie,Steven Spielberg,Science Fiction|Action|Thriller,"John Anderton is a top 'Precrime' cop in the late-21st century, when technology can predict crimes before they're committed. But Anderton becomes the quarry when another investigator targets him for a murder charge."
436969,The Suicide Squad,2021,movie,James Gunn,Action|Comedy|Adventure,"Supervillains Harley Quinn, Bloodsport, Peacemaker and a collection of nutty cons at Belle Reve prison join the super-secret, super-shady Task Force X as they are dropped off at the remote, enemy-infused island of Corto Maltese."
9487,A Bug's Life,1998,movie,John Lasseter,Adventure|Animation|Comedy|Family,"On behalf of ""oppressed bugs everywhere,"" an inventive ant named Flik hires a troupe of warrior bugs to defend his bustling colony from a horde of freeloading grasshoppers led by the evil-minded Hopper."
18239,The Twilight Saga: New Moon,2009,movie,Chris Weitz,Adventure|Fantasy|Drama|Romance,"Forks, Washington resident Bella Swan is reeling from the departure of her vampire love, Edward Cullen, and finds comfort in her friendship with Jacob Black, a werewolf. But before she knows it, she's thrust into a centuries-old conflict, and her desire to be with Edward at any cost leads her to take greater and greater risks."
54138,Star Trek Into Darkness,2013,movie,J.J. Abrams,Action|Adventure|Science Fiction,"When the crew of the Enterprise is called back home, they find an unstoppable force of terror from within their own organization has detonated the fleet and everything it stands for, leaving our world in a state of crisis.  With a personal score to settle, Captain Kirk leads a manhunt to a war-zone world to capture a one man weapon of mass destruction. As our heroes are propelled into an epic chess game of life and death, love will be challenged, friendships will be torn apart, and sacrifices must be made for the only family Kirk has left: his crew."
474350,It Chapter Two,2019,movie,Andy Muschietti,Horror|Thriller|Drama,"27 years after overcoming the malevolent supernatural entity Pennywise, the former members of the Losers' Club, who have grown up and moved away from Derry, are brought back together by a devastating phone call."
264644,Room,2015,movie,Lenny Abrahamson,Drama|Thriller,"Held captive for 7 years in an enclosed space, a woman and her young son finally gain their freedom, allowing the boy to experience the outside world for the first time."
68724,Elysium,2013,movie,Neill Blomkamp,Science Fiction|Action|Drama|Thriller,"In the year 2159, two classes of people exist: the very wealthy who live on a pristine man-made space station called Elysium, and the rest, who live on an overpopulated, ruined Earth. Secretary Rhodes, a hard line government official, will stop at nothing to enforce anti-immigration laws and preserve the luxurious lifestyle of the citizens of Elysium. That doesn’t stop the people of Earth from trying to get in, by any means they can. When unlucky Max is backed into a corner, he agrees to take on a daunting mission that, if successful, will not only save his life, but could bring equality to these polarized worlds."
646380,Don't Look Up,2021,movie,Adam McKay,Comedy|Science Fiction|Drama,Two astronomers go on a media tour to warn humankind of a planet-killing comet hurtling toward Earth. The response from a distracted world: Meh.
126889,Alien: Covenant,2017,movie,Ridley Scott,Horror|Science Fiction,"The crew of the colony ship Covenant, bound for a remote planet on the far side of the galaxy, discovers what they think is an uncharted paradise but is actually a dark, dangerous world."
138832,We're the Millers,2013,movie,Rawson Marshall Thurber,Comedy|Crime,A veteran pot dealer creates a fake family as part of his plan to move a huge shipment of weed into the U.S. from Mexico.
300668,Annihilation,2018,movie,Alex Garland,Science Fiction|Horror,"A biologist signs up for a dangerous, secret expedition into a mysterious zone where the laws of nature don't apply."
512200,Jumanji: The Next Level,2019,movie,Jake Kasdan,Adventure|Comedy|Fantasy,"As the gang return to Jumanji to rescue one of their own, they discover that nothing is as they expect. The players will have to brave parts unknown and unexplored in order to escape the world’s most dangerous game."
39254,Real Steel,2011,movie,Shawn Levy,Action|Science Fiction|Drama,"Charlie Kenton is a washed-up fighter who retired from the ring when robots took over the sport. After his robot is trashed, he reluctantly teams up with his estranged son to rebuild and train an unlikely contender."
664413,365 Days,2020,movie,"Barbara Białowąs, Tomasz Mandes",Romance|Drama|Crime,"A woman falls victim to a dominant mafia boss, who imprisons her and gives her one year to fall in love with him."
74,War of the Worlds,2005,movie,Steven Spielberg,Adventure|Thriller|Science Fiction,"Ray Ferrier is a divorced dockworker and less-than-perfect father. Soon after his ex-wife and her new husband drop off his teenage son and young daughter for a rare weekend visit, a strange and powerful lightning storm touches down."
533535,Deadpool & Wolverine,2024,movie,Shawn Levy,Action|Comedy|Science Fiction,"A listless Wade Wilson toils away in civilian life with his days as the morally flexible mercenary, Deadpool, behind him. But when his homeworld faces an existential threat, Wade must reluctantly suit-up again with an even more reluctant Wolverine."
106,Predator,1987,movie,John McTiernan,Science Fiction|Action|Adventure|Thriller,A team of elite commandos on a secret mission in a Central American jungle come to find themselves hunted by an extraterrestrial warrior.
50646,"Crazy, Stupid, Love.",2011,movie,"Glenn Ficarra, John Requa",Comedy|Drama|Romance,"Cal Weaver is living the American dream. He has a good job, a beautiful house, great children and a beautiful wife, named Emily. Cal's seemingly perfect life unravels, however, when he learns that Emily has been unfaithful and wants a divorce. Over 40 and suddenly single, Cal is adrift in the fickle world of dating. Enter, Jacob Palmer, a self-styled player who takes Cal under his wing and teaches him how to be a hit with the ladies."
45269,The King's Speech,2010,movie,Tom Hooper,Drama|History,"The King's Speech tells the story of the man who became King George VI, the father of Queen Elizabeth II. After his brother abdicates, George ('Bertie') reluctantly assumes the throne. Plagued by a dreaded stutter and considered unfit to be king, Bertie engages the help of an unorthodox speech therapist named Lionel Logue. Through a set of unexpected techniques, and as a result of an unlikely friendship, Bertie is able to find his voice and boldly lead the country into war."
348350,Solo: A Star Wars Story,2018,movie,Ron Howard,Science Fiction|Adventure|Action,"Through a series of daring escapades deep within a dark and dangerous criminal underworld, Han Solo meets his mighty future copilot Chewbacca and encounters the notorious gambler Lando Calrissian."
122906,About Time,2013,movie,Richard Curtis,Drama|Romance|Fantasy,"The night after another unsatisfactory New Year's party, Tim's father reveals to him that the men in their family have the ability to travel through time. They can't change history, but they can change what happens and has happened in their own lives. Thus begins the start of a lesson in learning to appreciate life itself as it is, as it comes, and most importantly, the people living alongside us."
50620,The Twilight Saga: Breaking Dawn - Part 2,2012,movie,Bill Condon,Fantasy|Drama|Romance,"After the birth of Renesmee, the Cullens gather other vampire clans in order to protect the child from a false allegation that puts the family in front of the Volturi."
330,The Lost World: Jurassic Park,1997,movie,Steven Spielberg,Adventure|Action|Science Fiction,"Four years after Jurassic Park's genetically bred dinosaurs ran amok, multimillionaire John Hammond shocks chaos theorist Ian Malcolm by revealing that he has been breeding more beasties at a secret location. Malcolm, his paleontologist ladylove and a wildlife videographer join an expedition to document the lethal lizards' natural behavior in this action-packed thriller."
14836,Coraline,2009,movie,Henry Selick,Animation|Family|Fantasy|Horror,"Wandering her rambling old house in her boring new town, 11-year-old Coraline discovers a hidden door to a strangely idealized version of her life. In order to stay in the fantasy, she must make a frighteningly real sacrifice."
109439,The Hangover Part III,2013,movie,Todd Phillips,Comedy,"This time, there's no wedding. No bachelor party. What could go wrong, right? But when the Wolfpack hits the road, all bets are off."
524434,Eternals,2021,movie,Chloé Zhao,Science Fiction|Action|Adventure,"The Eternals are a team of ancient aliens who have been living on Earth in secret for thousands of years. When an unexpected tragedy forces them out of the shadows, they are forced to reunite against mankind’s most ancient enemy, the Deviants."
45612,Source Code,2011,movie,Duncan Jones,Thriller|Science Fiction|Mystery,"When decorated soldier Captain Colter Stevens wakes up in the body of an unknown man, he discovers he's part of a mission to find the bomber of a Chicago commuter train."
259693,The Conjuring 2,2016,movie,James Wan,Horror,Lorraine and Ed Warren travel to north London to help a single mother raising four children alone in a house plagued by malicious spirits.
8373,Transformers: Revenge of the Fallen,2009,movie,Michael Bay,Science Fiction|Action|Adventure,"Sam Witwicky leaves the Autobots behind for a normal life. But when his mind is filled with cryptic symbols, the Decepticons target him and he is dragged back into the Transformers' war."
50619,The Twilight Saga: Breaking Dawn - Part 1,2011,movie,Bill Condon,Adventure|Fantasy|Romance,Bella Swan and Edward Cullen's honeymoon phase is abruptly disrupted by betrayals and unforeseen tragedies that endanger their world.
63,Twelve Monkeys,1995,movie,Terry Gilliam,Science Fiction|Thriller|Mystery,"In the year 2035, convict James Cole reluctantly volunteers to be sent back in time to discover the origin of a deadly virus that wiped out nearly all of the earth's population and forced the survivors into underground communities. But when Cole is mistakenly sent to 1990 instead of 1996, he's arrested and locked up in a mental hospital. There he meets psychiatrist Dr. Kathryn Railly and the son of a famous virus expert who may hold the key to the Army of the 12 Monkeys; thought to be responsible for unleashing the killer disease."
353081,Mission: Impossible - Fallout,2018,movie,Christopher McQuarrie,Action|Adventure,"When an IMF mission ends badly, the world is faced with dire consequences. As Ethan Hunt takes it upon himself to fulfill his original briefing, the CIA begin to question his loyalty and his motives. The IMF team find themselves in a race against time, hunted by assassins while trying to prevent a global catastrophe."
24021,The Twilight Saga: Eclipse,2010,movie,David Slade,Adventure|Fantasy|Drama|Romance,"Bella once again finds herself surrounded by danger as Seattle is ravaged by a string of mysterious killings and a malicious vampire continues her quest for revenge. In the midst of it all, she is forced to choose between her love for Edward and her friendship with Jacob, knowing that her decision has the potential to ignite the ageless struggle between vampire and werewolf. With her graduation quickly approaching, Bella is confronted with the most important decision of her life."
76492,Hotel Transylvania,2012,movie,Genndy Tartakovsky,Animation|Comedy|Family|Fantasy,"Welcome to Hotel Transylvania, Dracula's lavish five-stake resort, where monsters and their families can live it up and no humans are allowed. One special weekend, Dracula has invited all his best friends to celebrate his beloved daughter Mavis's 118th birthday. For Dracula catering to all of these legendary monsters is no problem but the party really starts when one ordinary guy stumbles into the hotel and changes everything!"
569094,Spider-Man: Across the Spider-Verse,2023,movie,"Kemp Powers, Justin K. Thompson, Joaquim Dos Santos",Animation|Action|Adventure|Science Fiction,"After reuniting with Gwen Stacy, Brooklyn’s full-time, friendly neighborhood Spider-Man is catapulted across the Multiverse, where he encounters the Spider Society, a team of Spider-People charged with protecting the Multiverse's very existence. But when the heroes clash on how to handle a new threat, Miles finds himself pitted against the other Spiders and must set out on his own to save those he loves most."
359724,Ford v Ferrari,2019,movie,James Mangold,Drama|History|Action,"American car designer Carroll Shelby and the British-born driver Ken Miles work together to battle corporate interference, the laws of physics, and their own personal demons to build a revolutionary race car for Ford Motor Company and take on the dominating race cars of Enzo Ferrari at the 24 Hours of Le Mans in France in 1966."
47971,xXx: Return of Xander Cage,2017,movie,D.J. Caruso,Action|Adventure|Crime,"Xander Cage is left for dead after an incident, though he secretly returns to action for a new, tough assignment with his handler Augustus Gibbons."
50014,The Help,2011,movie,Tate Taylor,Drama,"Aibileen Clark is a middle-aged African-American maid who has spent her life raising white children and has recently lost her only son; Minny Jackson is an African-American maid who has often offended her employers despite her family's struggles with money and her desperate need for jobs; and Eugenia ""Skeeter"" Phelan is a young white woman who has recently moved back home after graduating college to find out her childhood maid has mysteriously disappeared. These three stories intertwine to explain how life in Jackson, Mississippi revolves around ""the help""; yet they are always kept at a certain distance because of racial lines."
450465,Glass,2019,movie,M. Night Shyamalan,Thriller|Drama|Science Fiction,"In a series of escalating encounters, former security guard David Dunn uses his supernatural abilities to track Kevin Wendell Crumb, a disturbed man who has twenty-four personalities. Meanwhile, the shadowy presence of Elijah Price emerges as an orchestrator who holds secrets critical to both men."
152532,Dallas Buyers Club,2013,movie,Jean-Marc Vallée,Drama|History,"Loosely based on the true-life tale of Ron Woodroof, a drug-taking, women-loving, homophobic man who in 1986 was diagnosed with HIV/AIDS and given thirty days to live."
464052,Wonder Woman 1984,2020,movie,Patty Jenkins,Action|Adventure|Fantasy,A botched store robbery places Wonder Woman in a global battle against a powerful and mysterious ancient force that puts her powers in jeopardy.
217,Indiana Jones and the Kingdom of the Crystal Skull,2008,movie,Steven Spielberg,Adventure|Action,"Set during the Cold War, the Soviets—led by sword-wielding Irina Spalko—are in search of a crystal skull which has supernatural powers related to a mystical Lost City of Gold. Indy is coerced to head to Peru at the behest of a young man whose friend—and Indy's colleague—Professor Oxley has been captured for his knowledge of the skull's whereabouts."
315162,Puss in Boots: The Last Wish,2022,movie,Joel Crawford,Animation|Adventure|Fantasy|Comedy|Family,"Puss in Boots discovers that his passion for adventure has taken its toll: He has burned through eight of his nine lives, leaving him with only one life left. Puss sets out on an epic journey to find the mythical Last Wish and restore his nine lives."
254128,San Andreas,2015,movie,Brad Peyton,Action|Drama|Thriller,"In the aftermath of a massive earthquake in California, a rescue-chopper pilot makes a dangerous journey across the state in order to rescue his estranged daughter."
137,Groundhog Day,1993,movie,Harold Ramis,Romance|Fantasy|Comedy,"A cynical TV weatherman, along with his idealistic producer and his sardonic cameraman, is sent to report on Groundhog Day in the small town of Punxsutawney, where he finds himself repeating the same day over and over."
68734,Argo,2012,movie,Ben Affleck,Drama|Thriller,"As the Iranian revolution reaches a boiling point, a CIA 'exfiltration' specialist concocts a risky plan to free six Americans who have found shelter at the home of the Canadian ambassador."
87101,Terminator Genisys,2015,movie,Alan Taylor,Science Fiction|Action|Thriller,"The year is 2029. John Connor, leader of the resistance continues the war against the machines. At the Los Angeles offensive, John's fears of the unknown future begin to emerge when TECOM spies reveal a new plot by SkyNet that will attack him from both fronts; past and future, and will ultimately change warfare forever."
38356,Transformers: Dark of the Moon,2011,movie,Michael Bay,Action|Science Fiction|Adventure,"The Autobots continue to work for NEST, now no longer in secret. But after discovering a strange artifact during a mission in Chernobyl, it becomes apparent to Optimus Prime that the United States government has been less than forthright with them."
4951,10 Things I Hate About You,1999,movie,Gil Junger,Comedy|Romance|Drama,"On the first day at his new school, Cameron instantly falls for Bianca, the gorgeous girl of his dreams. The only problem is that Bianca is forbidden to date until her ill-tempered, completely un-dateable older sister Kat goes out, too. In an attempt to solve his problem, Cameron singles out the only guy who could possibly be a match for Kat: a mysterious bad boy with a nasty reputation of his own."
435,The Day After Tomorrow,2004,movie,Roland Emmerich,Science Fiction|Thriller|Adventure,"After paleoclimatologist Jack Hall is largely ignored by UN officials when presenting his environmental concerns about the beginning of a new Ice Age, his research proves true when a superstorm develops, setting off catastrophic natural disasters throughout the world. Trying to get to his son, Sam, who is trapped in New York City with his friend Laura and others, Jack and his crew must travel to get to Sam before it's too late."
508943,Luca,2021,movie,Enrico Casarosa,Animation|Family|Fantasy|Drama|Comedy,Luca and his best friend Alberto experience an unforgettable summer on the Italian Riviera. But all the fun is threatened by a deeply-held secret: they are sea monsters from another world just below the water’s surface.
51497,Fast Five,2011,movie,Justin Lin,Action|Thriller|Crime,"Former cop Brian O'Conner partners with ex-con Dom Toretto on the opposite side of the law. Since Brian and Mia Toretto broke Dom out of custody, they've blown across many borders to elude authorities. Now backed into a corner in Rio de Janeiro, they must pull one last job in order to gain their freedom."
187,Sin City,2005,movie,"Robert Rodriguez, Frank Miller",Crime|Thriller,"Welcome to Sin City. This town beckons to the tough, the corrupt, the brokenhearted. Some call it dark… Hard-boiled. Then there are those who call it home — Crooked cops, sexy dames, desperate vigilantes. Some are seeking revenge, others lust after redemption, and then there are those hoping for a little of both. A universe of unlikely and reluctant heroes still trying to do the right thing in a city that refuses to care."
8355,Ice Age: Dawn of the Dinosaurs,2009,movie,Carlos Saldanha,Animation|Comedy|Family|Adventure,"Times are changing for Manny the moody mammoth, Sid the motor mouthed sloth and Diego the crafty saber-toothed tiger. Life heats up for our heroes when they meet some new and none-too-friendly neighbors – the mighty dinosaurs."
158015,The Purge,2013,movie,James DeMonaco,Science Fiction|Horror|Thriller,"Given the country's overcrowded prisons, the U.S. government begins to allow 12-hour periods of time in which all illegal activity is legal. During one of these free-for-alls, a family must protect themselves from a home invasion."
402900,Ocean's Eight,2018,movie,Gary Ross,Crime|Comedy|Action,"Debbie Ocean, a criminal mastermind, gathers a crew of female thieves to pull off the heist of the century at New York's annual Met Gala."
616037,Thor: Love and Thunder,2022,movie,Taika Waititi,Fantasy|Action|Comedy,"After his retirement is interrupted by Gorr the God Butcher, a galactic killer who seeks the extinction of the gods, Thor Odinson enlists the help of King Valkyrie, Korg, and ex-girlfriend Jane Foster, who now wields Mjolnir as the Mighty Thor. Together they embark upon a harrowing cosmic adventure to uncover the mystery of the God Butcher’s vengeance and stop him before it’s too late."
314365,Spotlight,2015,movie,Tom McCarthy,Drama|History,"The true story of how the Boston Globe uncovered the massive scandal of child molestation and cover-up within the local Catholic Archdiocese, shaking the entire Catholic Church to its core."
594,The Terminal,2004,movie,Steven Spielberg,Comedy|Drama,"An Eastern European tourist unexpectedly finds himself stranded in JFK airport, and must take up temporary residence there."
91314,Transformers: Age of Extinction,2014,movie,Michael Bay,Science Fiction|Action|Adventure,"As humanity picks up the pieces after the battle of Chicago, a shadowy group reveals itself in an attempt to control the direction of history…while an ancient, powerful new menace sets Earth in its crosshairs. With help from Cade Yeager, Optimus Prime and the Autobots rise to meet their most fearsome challenge yet."
290250,The Nice Guys,2016,movie,Shane Black,Comedy|Crime|Action,A private eye investigates the apparent suicide of a fading porn star in 1970s Los Angeles and uncovers a conspiracy.
333371,10 Cloverfield Lane,2016,movie,Dan Trachtenberg,Thriller|Science Fiction|Drama|Horror,"After a catastrophic car crash, a young woman wakes up in a survivalist's underground bunker, where he claims to have saved her from an apocalyptic attack that has left the outside world uninhabitable."
170,28 Days Later,2002,movie,Danny Boyle,Horror|Thriller|Science Fiction,"Twenty-eight days after a killer virus was accidentally unleashed from a British research facility, a small group of London survivors are caught in a desperate struggle to protect themselves from the infected. Carried by animals and humans, the virus turns those it infects into homicidal maniacs -- and it's absolutely impossible to contain."
447365,Guardians of the Galaxy Vol. 3,2023,movie,James Gunn,Science Fiction|Adventure|Action,"Peter Quill, still reeling from the loss of Gamora, must rally his team around him to defend the universe along with protecting one of their own. A mission that, if not completed successfully, could quite possibly lead to the end of the Guardians as we know them."
38700,Bad Boys for Life,2020,movie,"Adil El Arbi, Bilall Fallah",Thriller|Action|Crime,"Marcus and Mike are forced to confront new threats, career changes, and midlife crises as they join the newly created elite team AMMO of the Miami police department to take down the ruthless Armando Armas, the vicious leader of a Miami drug cartel."
22970,The Cabin in the Woods,2012,movie,Drew Goddard,Horror|Mystery|Comedy,"Five friends set out for a weekend at a remote cabin in the woods, expecting nothing more than fun and relaxation. As night falls, they discover that something far more unsettling is at work and that nothing about their getaway is what it seems."
268,Batman,1989,movie,Tim Burton,Fantasy|Action|Crime,"Having witnessed his parents' brutal murder as a child, millionaire philanthropist Bruce Wayne fights crime in Gotham City disguised as Batman, a costumed hero who strikes fear into the hearts of villains. But when a deformed madman known as 'The Joker' seizes control of Gotham's criminal underworld, Batman must face his most ruthless nemesis ever while protecting both his identity and his love interest, reporter Vicki Vale."
396535,Train to Busan,2016,movie,Yeon Sang-ho,Action|Horror|Thriller|Adventure,"When a zombie virus pushes Korea into a state of emergency, those trapped on an express train to Busan must fight for their own survival."
10764,Quantum of Solace,2008,movie,Marc Forster,Adventure|Action|Thriller,"Betrayed by Vesper, the woman he loved, 007 fights the urge to make his latest mission personal. Pursuing his determination to uncover the truth, Bond and M interrogate Mr. White, who reveals that the organization that blackmailed Vesper is far more complex and dangerous than anyone had imagined."
466282,To All the Boys I've Loved Before,2018,movie,Susan Johnson,Comedy|Romance,Lara Jean's love life goes from imaginary to out of control when her secret letters to every boy she's ever fallen for are mysteriously mailed out.
615457,Nobody,2021,movie,Ilya Naishuller,Action|Thriller,"Hutch Mansell, a suburban dad, overlooked husband, nothing neighbor — a ""nobody."" When two thieves break into his home one night, Hutch's unknown long-simmering rage is ignited and propels him on a brutal path that will uncover dark secrets he fought to leave behind."
315837,Ghost in the Shell,2017,movie,Rupert Sanders,Science Fiction|Drama|Action,"In the near future, Major is the first of her kind: a human saved from a terrible crash, then cyber-enhanced to be a perfect soldier devoted to stopping the world's most dangerous criminals."
187017,22 Jump Street,2014,movie,"Phil Lord, Christopher Miller",Crime|Comedy|Action,"After making their way through high school (twice), big changes are in store for officers Schmidt and Jenko when they go deep undercover at a local college. But when Jenko meets a kindred spirit on the football team, and Schmidt infiltrates the bohemian art major scene, they begin to question their partnership. Now they don't have to just crack the case - they have to figure out if they can have a mature relationship. If these two overgrown adolescents can grow from freshmen into real men, college might be the best thing that ever happened to them."
254,King Kong,2005,movie,Peter Jackson,Adventure|Drama|Action,"In 1933 New York, an overly ambitious movie producer coerces his cast and hired ship crew to travel to mysterious Skull Island, where they encounter Kong, a giant ape who is immediately smitten with the leading lady."
137106,The Lego Movie,2014,movie,"Phil Lord, Christopher Miller",Animation|Family|Adventure|Comedy|Fantasy,"An ordinary Lego mini-figure, mistakenly thought to be the extraordinary MasterBuilder, is recruited to join a quest to stop an evil Lego tyrant from conquering the universe."
35,The Simpsons Movie,2007,movie,David Silverman,Animation|Comedy|Family,"After Homer accidentally pollutes the town's water supply, Springfield is encased in a gigantic dome by the EPA and the Simpsons are declared fugitives."
49013,Cars 2,2011,movie,John Lasseter,Animation|Family|Adventure|Comedy,Star race car Lightning McQueen and his pal Mater head overseas to compete in the World Grand Prix race. But the road to the championship becomes rocky as Mater gets caught up in an intriguing adventure of his own: international espionage.
4011,Beetlejuice,1988,movie,Tim Burton,Fantasy|Comedy,A newly dead New England couple seeks help from a deranged demon exorcist to scare an affluent New York family out of their home.
198184,Chappie,2015,movie,Neill Blomkamp,Crime|Action|Science Fiction,"Every child comes into the world full of promise, and none more so than Chappie: he is gifted, special, a prodigy. Like any child, Chappie will come under the influence of his surroundings—some good, some bad—and he will rely on his heart and soul to find his way in the world and become his own man. But there's one thing that makes Chappie different from any one else: he is a robot."
328111,The Secret Life of Pets,2016,movie,Chris Renaud,Animation|Comedy|Family|Adventure,"The quiet life of a terrier named Max is upended when his owner takes in Duke, a stray whom Max instantly dislikes."
693134,Dune: Part Two,2024,movie,Denis Villeneuve,Science Fiction|Adventure,"Follow the mythic journey of Paul Atreides as he unites with Chani and the Fremen while on a path of revenge against the conspirators who destroyed his family. Facing a choice between the love of his life and the fate of the known universe, Paul endeavors to prevent a terrible future only he can foresee."
278927,The Jungle Book,2016,movie,Jon Favreau,Adventure|Family|Fantasy,"After a threat from the tiger Shere Khan, Mowgli, a man-cub fostered by wolves, is forced to flee the jungle, and he embarks on a journey of self-discovery with the help of the panther, Bagheera, and the free-spirited bear, Baloo."
4638,Hot Fuzz,2007,movie,Edgar Wright,Crime|Action|Comedy,"Former London constable Nicholas Angel finds it difficult to adapt to his new assignment in the sleepy British village of Sandford. Not only does he miss the excitement of the big city, but he also has a well-meaning oaf for a partner. However, when a series of grisly accidents rocks Sandford, Angel smells something rotten in the idyllic village."
339846,Baywatch,2017,movie,Seth Gordon,Comedy|Action|Crime,"Devoted lifeguard Mitch Buchannon butts heads with a brash new recruit. Together, they uncover a local criminal plot that threatens the future of the Bay."
2503,The Bourne Ultimatum,2007,movie,Paul Greengrass,Action|Drama|Mystery|Thriller,"Bourne is brought out of hiding once again by reporter Simon Ross who is trying to unveil Operation Blackbriar, an upgrade to Project Treadstone, in a series of newspaper columns. Information from the reporter stirs a new set of memories, and Bourne must finally uncover his dark past while dodging The Company's best efforts to eradicate him."
1979,Fantastic Four: Rise of the Silver Surfer,2007,movie,Tim Story,Science Fiction|Adventure|Action,"The Fantastic Four return to the big screen as a new and all powerful enemy threatens the Earth. The seemingly unstoppable 'Silver Surfer', but all is not what it seems and there are old and new enemies that pose a greater threat than the intrepid superheroes realize."
335797,Sing,2016,movie,Garth Jennings,Animation|Comedy|Family|Music,A koala named Buster recruits his best friend to help him drum up business for his theater by hosting a singing competition.
336843,Maze Runner: The Death Cure,2018,movie,Wes Ball,Science Fiction|Action|Adventure|Thriller,"Thomas leads his group of escaped Gladers on their final and most dangerous mission yet. To save their friends, they must break into the legendary Last City, a WCKD-controlled labyrinth that may turn out to be the deadliest maze of all. Anyone who makes it out alive will get answers to the questions the Gladers have been asking since they first arrived in the maze."
561,Constantine,2005,movie,Francis Lawrence,Fantasy|Action|Horror,"John Constantine has literally been to Hell and back. When he teams up with a policewoman to solve the mysterious suicide of her twin sister, their investigation takes them through the world of demons and angels that exists beneath the landscape of contemporary Los Angeles."
10144,The Little Mermaid,1989,movie,"John Musker, Ron Clements",Animation|Family|Fantasy,This colorful adventure tells the story of an impetuous mermaid princess named Ariel who falls in love with the very human Prince Eric and puts everything on the line for the chance to be with him. Memorable songs and characters -- including the villainous sea witch Ursula.
2105,American Pie,1999,movie,Paul Weitz,Comedy|Romance,"At a high-school party, four friends find that losing their collective virginity isn't as easy as they had thought. But they still believe that they need to do so before college. To motivate themselves, they enter a pact to all ""score"" by their senior prom."
1372,Blood Diamond,2006,movie,Edward Zwick,Drama|Thriller|Action,"An ex-mercenary turned smuggler. A Mende fisherman. Amid the explosive civil war overtaking 1999 Sierra Leone, these men join for two desperate missions: recovering a rare pink diamond of immense value and rescuing the fisherman's son, conscripted as a child soldier into the brutal rebel forces ripping a swath of torture and bloodshed countrywide."
537915,After,2019,movie,Jenny Gage,Drama|Romance,"Tessa Young is a dedicated student, dutiful daughter and loyal girlfriend to her high school sweetheart. Entering her first semester of college, Tessa's guarded world opens up when she meets Hardin Scott, a mysterious and brooding rebel who makes her question all she thought she knew about herself -- and what she wants out of life."
1954,The Butterfly Effect,2004,movie,"Eric Bress, J. Mackye Gruber",Science Fiction|Thriller,"A young man struggles to access sublimated childhood memories. He finds a technique that allows him to travel back into the past, to occupy his childhood body and change history. However, he soon finds that every change he makes has unexpected consequences."
338970,Tomb Raider,2018,movie,Roar Uthaug,Action|Adventure|Fantasy,"Lara Croft, the fiercely independent daughter of a missing adventurer, must push herself beyond her limits when she finds herself on the island where her father disappeared."
50544,Friends with Benefits,2011,movie,Will Gluck,Romance|Comedy,Dylan is done with relationships. Jamie decides to stop buying into the Hollywood clichés of true love. When the two become friends they decide to try something new and take advantage of their mutual attraction - but without any emotional attachment.
116745,The Secret Life of Walter Mitty,2013,movie,Ben Stiller,Adventure|Comedy|Drama|Fantasy,A timid magazine photo manager who lives life vicariously through daydreams embarks on a true-life adventure when a negative goes missing.
340666,Nocturnal Animals,2016,movie,Tom Ford,Drama|Thriller,"Susan Morrow receives a book manuscript from her ex-husband – a man she left 20 years earlier – asking for her opinion of his writing. As she reads, she is drawn into the fictional life of Tony Hastings, a mathematics professor whose family vacation turns violent."
27578,The Expendables,2010,movie,Sylvester Stallone,Thriller|Adventure|Action,"Barney Ross leads a band of highly skilled mercenaries including knife enthusiast Lee Christmas, a martial arts expert Yin Yang, heavy weapons specialist Hale Caesar, demolitionist Toll Road, and a loose-cannon sniper Gunner Jensen. When the group is commissioned by the mysterious Mr. Church to assassinate the dictator of a small South American island, Barney and Lee visit the remote locale to scout out their opposition and discover the true nature of the conflict engulfing the city."
8871,How the Grinch Stole Christmas,2000,movie,Ron Howard,Family|Comedy|Fantasy,The Grinch decides to rob Whoville of Christmas - but a dash of kindness from little Cindy Lou Who and her family may be enough to melt his heart...
2502,The Bourne Supremacy,2004,movie,Paul Greengrass,Action|Drama|Thriller,"A CIA operation to purchase classified Russian documents is blown by a rival agent, who then shows up in the sleepy seaside village where Bourne and Marie have been living. The pair run for their lives and Bourne, who promised retaliation should anyone from his former life attempt contact, is forced to once again take up his life as a trained assassin to survive."
337167,Fifty Shades Freed,2018,movie,James Foley,Drama|Romance,"Believing they have left behind shadowy figures from their past, newlyweds Christian and Ana fully embrace an inextricable connection and shared life of luxury. But just as she steps into her role as Mrs. Grey and he relaxes into an unfamiliar stability, new threats could jeopardize their happy ending before it even begins."
256591,Focus,2015,movie,"John Requa, Glenn Ficarra",Romance|Comedy|Crime,"Nicky, an accomplished con artist, gets romantically involved with his disciple Jess but later ends their relationship. Years later, she returns as a femme fatale to spoil his plans."
406997,Wonder,2017,movie,Stephen Chbosky,Family|Drama,"The story of August Pullman – a boy with facial differences – who enters fifth grade, attending a mainstream elementary school for the first time."
345940,The Meg,2018,movie,Jon Turteltaub,Action|Science Fiction|Horror,"A deep sea submersible pilot revisits his past fears in the Mariana Trench, and accidentally unleashes the seventy foot ancestor of the Great White Shark believed to be extinct."
8363,Superbad,2007,movie,Greg Mottola,Comedy,Two co-dependent high school seniors are forced to deal with separation anxiety after their plan to stage a booze-soaked party goes awry.
584,2 Fast 2 Furious,2003,movie,John Singleton,Action|Crime|Thriller,"It's a major double-cross when former police officer Brian O'Conner teams up with his ex-con buddy Roman Pearce to transport a shipment of ""dirty"" money for shady Miami-based import-export dealer Carter Verone. But the guys are actually working with undercover agent Monica Fuentes to bring Verone down."
58595,Snow White and the Huntsman,2012,movie,Rupert Sanders,Adventure|Fantasy|Drama,"After the Evil Queen marries the King, she performs a violent coup in which the King is murdered and his daughter, Snow White, is taken captive. Almost a decade later, a grown Snow White is still in the clutches of the Queen. In order to obtain immortality, The Evil Queen needs the heart of Snow White. After Snow escapes the castle, the Queen sends the Huntsman to find her in the Dark Forest."
603692,John Wick: Chapter 4,2023,movie,Chad Stahelski,Action|Thriller|Crime,"With the price on his head ever increasing, John Wick uncovers a path to defeating The High Table. But before he can earn his freedom, Wick must face off against a new enemy with powerful alliances across the globe and forces that turn old friends into foes."
458723,Us,2019,movie,Jordan Peele,Horror|Mystery,"Husband and wife Gabe and Adelaide Wilson take their kids to their beach house expecting to unplug and unwind with friends. But as night descends, their serenity turns to tension and chaos when some shocking visitors arrive uninvited."
44115,127 Hours,2010,movie,Danny Boyle,Adventure|Drama|Thriller,The true story of mountain climber Aron Ralston's remarkable adventure to save himself after a fallen boulder crashes on his arm and traps him in an isolated canyon in Utah.
1091,The Thing,1982,movie,John Carpenter,Horror|Mystery|Science Fiction,A research team in Antarctica is hunted by a shape-shifting alien that assumes the appearance of its victims.
404368,Ralph Breaks the Internet,2018,movie,"Rich Moore, Phil Johnston",Animation|Comedy|Adventure|Science Fiction|Family,"Video game bad guy Ralph and fellow misfit Vanellope von Schweetz must risk it all by traveling to the World Wide Web in search of a replacement part to save Vanellope's video game, Sugar Rush. In way over their heads, Ralph and Vanellope rely on the citizens of the internet — the netizens — to help navigate their way, including an entrepreneur named Yesss, who is the head algorithm and the heart and soul of trend-making site BuzzzTube."
57800,Ice Age: Continental Drift,2012,movie,"Steve Martino, Michael Thurmeier",Animation|Comedy|Adventure|Family,"Manny, Diego, and Sid embark upon another adventure after their continent is set adrift. Using an iceberg as a ship, they encounter sea creatures and battle pirates as they explore a new world."
487558,BlacKkKlansman,2018,movie,Spike Lee,Crime|Comedy|Drama|History,"Colorado Springs, late 1970s. Ron Stallworth, an African American police officer, and Flip Zimmerman, his Jewish colleague, run an undercover operation to infiltrate the Ku Klux Klan."
4232,Scream,1996,movie,Wes Craven,Crime|Horror|Mystery,"A year after the murder of her mother, a teenage girl is terrorized by a masked killer who targets her and her friends by using scary movies as part of a deadly game."
121856,Assassin's Creed,2016,movie,Justin Kurzel,Action|Adventure|Science Fiction,"Through a technology that unlocks the genetic memories of his ancestor in 15th century Spain, Callum Lynch discovers he is a descendant of an ancient line of Assassins and amasses lethal skills to take on the oppressive Templar Order."
339964,Valerian and the City of a Thousand Planets,2017,movie,Luc Besson,Adventure|Science Fiction|Action,"In the 28th century, Valerian and Laureline are special operatives charged with keeping order throughout the human territories. On assignment from the Minister of Defense, the two undertake a mission to Alpha, an ever-expanding metropolis where species from across the universe have converged over centuries to share knowledge, intelligence, and cultures. At the center of Alpha is a mysterious dark force which threatens the peaceful existence of the City of a Thousand Planets, and Valerian and Laureline must race to identify the menace and safeguard not just Alpha, but the future of the universe."
257344,Pixels,2015,movie,Chris Columbus,Action|Comedy|Science Fiction|Adventure|Fantasy,Video game experts are recruited by the military to fight 1980s-era video game characters who've attacked New York.
214756,Ted 2,2015,movie,Seth MacFarlane,Comedy|Fantasy,"Newlywed couple Ted and Tami-Lynn want to have a baby, but in order to qualify to be a parent, Ted will have to prove he's a person in a court of law."
20526,TRON: Legacy,2010,movie,Joseph Kosinski,Adventure|Action|Science Fiction,"Sam Flynn, the tech-savvy and daring son of Kevin Flynn, investigates his father's disappearance and is pulled into The Grid. With the help of a mysterious program named Quorra, Sam quests to stop evil dictator Clu from crossing into the real world."
300669,Don't Breathe,2016,movie,Fede Álvarez,Horror|Thriller,A group of teens break into a blind man's home thinking they'll get away with the perfect crime. They're wrong.
4247,Scary Movie,2000,movie,Keenen Ivory Wayans,Comedy,"A familiar-looking group of teenagers find themselves being stalked by a more-than-vaguely recognizable masked killer! As the victims begin to pile up and the laughs pile on, none of your favorite scary movies escape the razor-sharp satire of this outrageously funny parody!"
49444,Kung Fu Panda 2,2011,movie,Jennifer Yuh Nelson,Animation|Family|Comedy|Action,"Po is finally living the dream as the Dragon Warrior—until a shadow from his past comes roaring back. When the ruthless peacock Lord Shen unleashes a devastating new weapon used to wipe out kung fu masters across the land, Po and the Furious Five race across China to put an end to his plans. But if Po is to have any hope of stopping him, he must first confront the truth of his origins—and find inner peace before his past tears him apart."
163,Ocean's Twelve,2004,movie,Steven Soderbergh,Thriller|Crime,"Despite pulling off one of the biggest heists in Las Vegas history and splitting the $160 million take, each of the infamous Ocean's crew have tried to go straight, lay low and live a legit life... but that's proven to be a challenge. Casino owner Terry Benedict demands that Danny Ocean return the money, plus millions more in interest. Unable to come up the cash, the crew is forced to come together to pull off another series of heists, this time in Rome, Paris, and Amsterdam – but a Europol agent is hot on their heels."
9693,Children of Men,2006,movie,Alfonso Cuarón,Science Fiction|Thriller|Action,"In 2027, in a chaotic world in which humans can no longer procreate, a former activist agrees to help transport a miraculously pregnant woman to a sanctuary at sea, where her child's birth may help scientists save the future of humankind."
10192,Shrek Forever After,2010,movie,Mike Mitchell,Comedy|Adventure|Fantasy|Animation|Family,"A midlife-crisis burdened Shrek, longing for the days of when he felt like a real ogre, makes a pact with magic deal-maker Rumpelstiltskin. But when he's duped and sent to a twisted version of Far Far Away—where Rumpelstiltskin is king, ogres are hunted, and he and Fiona have never met—he sets out to restore his world and reclaim his true love."
312221,Creed,2015,movie,Ryan Coogler,Drama,"The former World Heavyweight Champion Rocky Balboa serves as a trainer and mentor to Adonis Johnson, the son of his late friend and former rival Apollo Creed."
395992,Life,2017,movie,Daniel Espinosa,Horror|Science Fiction|Mystery,"The six-member crew of the International Space Station is tasked with studying a sample from Mars that may be the first proof of extra-terrestrial life, which proves more intelligent than ever expected."
7191,Cloverfield,2008,movie,Matt Reeves,Action|Thriller|Science Fiction,"Five young New Yorkers throw their friend a going-away party the night that a monster the size of a skyscraper descends upon the city. Told from the point of view of their video camera, the film is a document of their attempt to survive the most surreal, horrifying event of their lives."
408,Snow White and the Seven Dwarfs,1938,movie,"David Hand, Ben Sharpsteen, William Cottrell, Larry Morey, Perce Pearce, Wilfred Jackson",Fantasy|Animation|Family,"A beautiful girl, Snow White, takes refuge in the forest in the house of seven dwarfs to hide from her stepmother, the wicked Queen. The Queen is jealous because she wants to be known as ""the fairest in the land,"" and Snow White's beauty surpasses her own."
11970,Hercules,1997,movie,"Ron Clements, John Musker",Animation|Family|Fantasy|Adventure|Comedy|Romance,"Bestowed with superhuman strength, a young mortal named Hercules sets out to prove himself a hero in the eyes of his father, the great god Zeus. Along with his friends Pegasus, a flying horse, and Phil, a personal trainer, Hercules is tricked by the hilarious, hotheaded villain Hades, who's plotting to take over Mount Olympus!"
331,Jurassic Park III,2001,movie,Joe Johnston,Adventure|Thriller|Science Fiction|Action,"In need of funds for research, Dr. Alan Grant accepts a large sum of money to accompany Paul and Amanda Kirby on an aerial tour of the infamous Isla Sorna. It isn't long before all hell breaks loose and the stranded wayfarers must fight for survival as a host of new -- and even more deadly -- dinosaurs try to make snacks of them."
96721,Rush,2013,movie,Ron Howard,Drama|Action,"In the 1970s, a rivalry propels race car drivers Niki Lauda and James Hunt to fame and glory — until a horrible accident threatens to end it all."
619264,The Platform,2019,movie,Galder Gaztelu-Urrutia,Drama|Science Fiction|Thriller,"A slab of food descends down a vertical facility. The residents above eat heartily, leaving those below starving and desperate. A rebellion is imminent."
13804,Fast & Furious,2009,movie,Justin Lin,Action|Crime|Thriller,"When a crime brings them back to L.A., fugitive ex-con Dom Toretto reignites his feud with agent Brian O'Conner. But as they are forced to confront a shared enemy, Dom and Brian must give in to an uncertain new trust if they hope to outmaneuver him. And the two men will find the best way to get revenge: push the limits of what's possible behind the wheel."
766507,Prey,2022,movie,Dan Trachtenberg,Thriller|Action|Science Fiction,"When danger threatens her camp, the fierce and highly skilled Comanche warrior Naru sets out to protect her people. But the prey she stalks turns out to be a highly evolved alien predator with a technically advanced arsenal."
341174,Fifty Shades Darker,2017,movie,James Foley,Drama|Romance,"When a wounded Christian Grey tries to entice a cautious Ana Steele back into his life, she demands a new arrangement before she will give him another chance. As the two begin to build trust and find stability, shadowy figures from Christian’s past start to circle the couple, determined to destroy their hopes for a future together."
718930,Bullet Train,2022,movie,David Leitch,Action|Comedy|Thriller,"Unlucky assassin Ladybug is determined to do his job peacefully after one too many gigs gone off the rails. Fate, however, may have other plans, as Ladybug's latest mission puts him on a collision course with lethal adversaries from around the globe—all with connected, yet conflicting, objectives—on the world's fastest train."
587,Big Fish,2003,movie,Tim Burton,Adventure|Fantasy|Drama,"Throughout his life Edward Bloom has always been a man of big appetites, enormous passions and tall tales. In his later years, he remains a huge mystery to his son, William. Now, to get to know the real man, Will begins piecing together a true picture of his father from flashbacks of his amazing adventures."
32657,Percy Jackson & the Olympians: The Lightning Thief,2010,movie,Chris Columbus,Adventure|Fantasy|Family,"Accident prone teenager, Percy discovers he's actually a demi-God, the son of Poseidon, and he is needed when Zeus' lightning is stolen. Percy must master his new found skills in order to prevent a war between the Gods that could devastate the entire world."
384018,Fast & Furious Presents: Hobbs & Shaw,2019,movie,David Leitch,Action|Adventure|Comedy,"Ever since US Diplomatic Security Service Agent Hobbs and lawless outcast Shaw first faced off, they just have traded smack talk and body blows. But when cyber-genetically enhanced anarchist Brixton's ruthless actions threaten the future of humanity, they join forces to defeat him."
1824,50 First Dates,2004,movie,Peter Segal,Comedy|Romance,"Henry is a player skilled at seducing women. But when this veterinarian meets Lucy, a girl with a quirky problem when it comes to total recall, he realizes it's possible to fall in love all over again…and again, and again. That's because the delightful Lucy has no short-term memory, so Henry must woo her day after day until he finally sweeps her off her feet."
1734,The Mummy Returns,2001,movie,Stephen Sommers,Adventure|Action|Fantasy,"Rick and Evelyn O’Connell, along with their 8-year-old son Alex, discover the key to the legendary Scorpion King’s might: the fabled Bracelet of Anubis. Unfortunately, a newly resurrected Imhotep has designs on the bracelet as well, and isn’t above kidnapping its new bearer, Alex, to gain control of Anubis’s otherworldly army."
168672,American Hustle,2013,movie,David O. Russell,Drama|Crime,"A conman and his seductive partner are forced to work for a wild FBI agent, who pushes them into a world of Jersey power-brokers and the Mafia."
310131,The Witch,2016,movie,Robert Eggers,Horror|Fantasy|Mystery,"In 1630, a farmer relocates his family to a remote plot of land on the edge of a forest where strange, unsettling things happen. With suspicion and paranoia mounting, each family member's faith, loyalty and love are tested in shocking ways."
363676,Sully,2016,movie,Clint Eastwood,Drama|History,"On 15 January 2009, the world witnessed the 'Miracle on the Hudson' when Captain 'Sully' Sullenberger glided his disabled plane onto the Hudson River, saving the lives of all 155 souls aboard. However, even as Sully was being heralded by the public and the media for his unprecedented feat of aviation skill, an investigation was unfolding that threatened to destroy his reputation and career."
59436,Midnight in Paris,2011,movie,Woody Allen,Fantasy|Comedy|Romance,"While on a trip to Paris with his fiancée's family, a nostalgic screenwriter finds himself mysteriously going back to the 1920s every day at midnight."
9615,The Fast and the Furious: Tokyo Drift,2006,movie,Justin Lin,Action|Crime|Thriller,"In order to avoid a jail sentence, Sean Boswell heads to Tokyo to live with his military father. In a low-rent section of the city, Sean gets caught up in the underground world of drift racing"
75780,Jack Reacher,2012,movie,Christopher McQuarrie,Crime|Drama|Thriller|Action,"One morning in an ordinary town, five people are shot dead in a seemingly random attack. All evidence points to a single suspect: an ex-military sniper who is quickly brought into custody. The interrogation yields one written note: 'Get Jack Reacher!'. Reacher, an enigmatic ex-Army investigator, believes the authorities have the right man but agrees to help the sniper's defense attorney. However, the more Reacher delves into the case, the less clear-cut it appears. So begins an extraordinary chase for the truth, pitting Jack Reacher against an unexpected enemy, with a skill for violence and a secret to keep."
44912,Green Lantern,2011,movie,Martin Campbell,Adventure|Action|Science Fiction,"For centuries, a small but powerful force of warriors called the Green Lantern Corps has sworn to keep intergalactic order. Each Green Lantern wears a ring that grants him superpowers. But when a new enemy called Parallax threatens to destroy the balance of power in the Universe, their fate and the fate of Earth lie in the hands of the first human ever recruited."
956,Mission: Impossible III,2006,movie,J.J. Abrams,Adventure|Action|Thriller,"Retired from active duty, and training recruits for the Impossible Mission Force, agent Ethan Hunt faces the toughest foe of his career: Owen Davian, an international broker of arms and information, who's as cunning as he is ruthless. Davian emerges to threaten Hunt and all that he holds dear – including the woman Hunt loves."
385128,F9,2021,movie,Justin Lin,Action|Adventure|Crime,Dominic Toretto and his crew battle the most skilled assassin and high-performance driver they've ever encountered: his forsaken brother.
223702,Sausage Party,2016,movie,"Greg Tiernan, Conrad Vernon",Adventure|Animation|Comedy|Fantasy,Hot dog Frank leads a group of supermarket products on a quest to discover the truth about their existence and what really happens when they're chosen to leave the grocery store.
14574,The Boy in the Striped Pyjamas,2008,movie,Mark Herman,Drama|War|History,"When his family moves from their home in Berlin to a strange new house in Poland, young Bruno befriends Shmuel, a boy who lives on the other side of the fence where everyone seems to be wearing striped pajamas. Unaware of Shmuel's fate as a Jewish prisoner or the role his own Nazi father plays in his imprisonment, Bruno embarks on a dangerous journey inside the camp's walls."
955,Mission: Impossible II,2000,movie,John Woo,Adventure|Action|Thriller,"With computer genius Luther Stickell at his side and a beautiful thief on his mind, agent Ethan Hunt races across Australia and Spain to stop a former IMF agent from unleashing a genetically engineered biological weapon called Chimera. This mission, should Hunt choose to accept it, plunges him into the center of an international crisis of terrifying magnitude."
44826,Hugo,2011,movie,Martin Scorsese,Adventure|Drama|Family,"Orphaned and alone except for an uncle, Hugo Cabret lives in the walls of a train station in 1930s Paris. Hugo's job is to oil and maintain the station's clocks, but to him, his more important task is to protect a broken automaton and notebook left to him by his late father. Accompanied by the goddaughter of an embittered toy merchant, Hugo embarks on a quest to solve the mystery of the automaton and find a place he can call home."
7326,Juno,2007,movie,Jason Reitman,Comedy|Drama|Romance,"Faced with an unplanned pregnancy, sixteen year old high-schooler, Juno MacGuff, makes an unusual decision regarding her unborn child."
65754,The Girl with the Dragon Tattoo,2011,movie,David Fincher,Thriller|Crime|Mystery,"Disgraced journalist Mikael Blomkvist investigates the disappearance of a weary patriarch's niece from 40 years ago. He is aided by the pierced, tattooed, punk computer hacker named Lisbeth Salander. As they work together in the investigation, Blomkvist and Salander uncover immense corruption beyond anything they have ever imagined."
505642,Black Panther: Wakanda Forever,2022,movie,Ryan Coogler,Action|Adventure|Science Fiction,"Queen Ramonda, Shuri, M’Baku, Okoye and the Dora Milaje fight to protect their nation from intervening world powers in the wake of King T’Challa’s death.  As the Wakandans strive to embrace their next chapter, the heroes must band together with the help of War Dog Nakia and Everett Ross and forge a new path for the kingdom of Wakanda."
282035,The Mummy,2017,movie,Alex Kurtzman,Fantasy|Thriller|Action|Adventure|Horror,"Though safely entombed in a crypt deep beneath the unforgiving desert, an ancient queen whose destiny was unjustly taken from her is awakened in our current day, bringing with her malevolence grown over millennia, and terrors that defy human comprehension."
18240,The Proposal,2009,movie,Anne Fletcher,Comedy|Romance|Drama,"When she learns she's in danger of losing her visa status and being deported, overbearing book editor Margaret Tate forces her put-upon assistant, Andrew Paxton, to marry her."
324852,Despicable Me 3,2017,movie,"Kyle Balda, Pierre Coffin",Action|Animation|Comedy|Family|Adventure,Gru and his wife Lucy must stop former '80s child star Balthazar Bratt from achieving world domination.
616,The Last Samurai,2003,movie,Edward Zwick,Drama|Action|War,"Nathan Algren is an American hired to instruct the Japanese army in the ways of modern warfare, which finds him learning to respect the samurai and the honorable principles that rule them. Pressed to destroy the samurai's way of life in the name of modernization and open trade, Algren decides to become an ultimate warrior himself and to fight for their right to exist."
8909,Wanted,2008,movie,Timur Bekmambetov,Action|Thriller|Crime,"Doormat Wesley Gibson is an office worker whose life is going nowhere. He meets an attractive woman named Fox and discovers that his recently murdered father - whom Wesley never knew - belonged to the Fraternity, a secret society of assassins which takes its orders from Fate itself. Fox and Sloan, the Fraternity's leader, teach Wesley, through intense training, to tap into dormant powers and hone his innate killing skills. Though he enjoys his newfound abilities, he begins to suspect that there is more to the Fraternity than meets the eye."
9339,Click,2006,movie,Frank Coraci,Comedy|Drama|Fantasy,"A married workaholic, Michael Newman doesn't have time for his wife and children, not if he's to impress his ungrateful boss and earn a well-deserved promotion. So when he meets Morty, a loopy sales clerk, he gets the answer to his prayers: a magical remote that allows him to bypass life's little distractions with increasingly hysterical results."
398978,The Irishman,2019,movie,Martin Scorsese,Crime|Drama|History,"Pennsylvania, 1956. Frank Sheeran, a war veteran of Irish origin who works as a truck driver, accidentally meets mobster Russell Bufalino. Once Frank becomes his trusted man, Bufalino sends him to Chicago with the task of helping Jimmy Hoffa, a powerful union leader related to organized crime, with whom Frank will maintain a close friendship for nearly twenty years."
62213,Dark Shadows,2012,movie,Tim Burton,Comedy|Fantasy,Vampire Barnabas Collins is inadvertently freed from his tomb and emerges into the very changed world of 1972. He returns to Collinwood Manor to find that his once-grand estate and family have fallen into ruin.
427641,Rampage,2018,movie,Brad Peyton,Action|Adventure|Science Fiction,"Primatologist Davis Okoye shares an unshakable bond with George, the extraordinarily intelligent, silverback gorilla who has been in his care since birth.  But a rogue genetic experiment gone awry mutates this gentle ape into a raging creature of enormous size.  To make matters worse, it’s soon discovered there are other similarly altered animals.  As these newly created alpha predators tear across North America, destroying everything in their path, Okoye teams with a discredited genetic engineer to secure an antidote, fighting his way through an ever-changing battlefield, not only to halt a global catastrophe but to save the fearsome creature that was once his friend."
49519,The Croods,2013,movie,"Chris Sanders, Kirk DeMicco",Animation|Adventure|Family|Comedy,"The prehistoric Croods family live in a particularly dangerous moment in time. Patriarch Grug, his mate Ugga, teenage daughter Eep, son Thunk, and feisty Gran gather food by day and huddle together in a cave at night. When a more evolved caveman named Guy arrives on the scene, Grug is distrustful, but it soon becomes apparent that Guy is correct about the impending destruction of their world."
322,Mystic River,2003,movie,Clint Eastwood,Thriller|Drama|Mystery|Crime,The lives of three men who were childhood friends are shattered when one of them suffers a family tragedy.
38055,Megamind,2010,movie,Tom McGrath,Animation|Action|Comedy|Family|Science Fiction,"After Megamind, a highly intelligent alien supervillain, defeats his long-time nemesis Metro Man, Megamind creates a new hero to fight, but must act to save the city when his ""creation"" becomes an even worse villain than he was."
109424,Captain Phillips,2013,movie,Paul Greengrass,Action|Drama|Thriller,"The true story of Captain Richard Phillips and the 2009 hijacking by Somali pirates of the US-flagged MV Maersk Alabama, the first American cargo ship to be hijacked in two hundred years."
83542,Cloud Atlas,2012,movie,"Lana Wachowski, Lilly Wachowski, Tom Tykwer",Drama|Science Fiction,"A set of six nested stories spanning time between the 19th century and a distant post-apocalyptic future. Cloud Atlas explores how the actions and consequences of individual lives impact one another throughout the past, the present and the future. Action, mystery and romance weave through the story as one soul is shaped from a killer into a hero and a single act of kindness ripples across centuries to inspire a revolution in the distant future.  Based on the award winning novel by David Mitchell. Directed by Tom Tykwer and the Wachowskis."
520763,A Quiet Place Part II,2021,movie,John Krasinski,Science Fiction|Thriller|Horror,"Following the events at home, the Abbott family now face the terrors of the outside world. Forced to venture into the unknown, they realize that the creatures that hunt by sound are not the only threats that lurk beyond the sand path."
1487,Hellboy,2004,movie,Guillermo del Toro,Fantasy|Action,"In the final days of World War II, the Nazis attempt to use black magic to aid their dying cause. The Allies raid the camp where the ceremony is taking place, but not before they summon a baby demon who is rescued by Allied forces and dubbed ""Hellboy"". Sixty years later, Hellboy serves the cause of good rather than evil as an agent in the Bureau of Paranormal Research & Defense, along with Abe Sapien - a merman with psychic powers, and Liz Sherman - a woman with pyrokinesis, protecting America against dark forces."
49018,Insidious,2011,movie,James Wan,Horror|Thriller,"A family discovers that dark spirits have invaded their home after their son inexplicably falls into an endless sleep. When they reach out to a professional for help, they learn things are a lot more personal than they thought."
10527,Madagascar: Escape 2 Africa,2008,movie,"Eric Darnell, Tom McGrath",Adventure|Animation|Comedy|Family,"Alex, Marty, and other zoo animals find a way to escape from Madagascar when the penguins reassemble a wrecked airplane. The precariously repaired craft stays airborne just long enough to make it to the African continent. There the New Yorkers encounter members of their own species for the first time. Africa proves to be a wild place, but Alex and company wonder if it is better than their Central Park home."
302946,The Accountant,2016,movie,Gavin O'Connor,Crime|Thriller|Drama,"As a math savant uncooks the books for a new client, the Treasury Department closes in on his activities and the body count starts to rise."
2649,The Game,1997,movie,David Fincher,Drama|Thriller|Mystery,"In honor of his birthday, San Francisco banker Nicholas Van Orton, a financial genius and a cold-hearted loner, receives an unusual present from his younger brother, Conrad: a gift certificate to play a unique kind of game. In nary a nanosecond, Nicholas finds himself consumed by a dangerous set of ever-changing rules, unable to distinguish where the charade ends and reality begins."
2668,Sleepy Hollow,1999,movie,Tim Burton,Fantasy|Thriller|Mystery|Horror,"Skeptical young detective Ichabod Crane gets transferred to the hamlet of Sleepy Hollow, New York, where he is tasked with investigating the decapitations of three people – murders the townsfolk attribute to a legendary specter, The Headless Horseman."
10201,Yes Man,2008,movie,Peyton Reed,Comedy|Romance,"Carl Allen, a guy whose life is going nowhere, signs up for a self-help program based on one simple covenant: say yes to everything…and anything."
295693,The Boss Baby,2017,movie,Tom McGrath,Animation|Comedy|Family,"A story about how a new baby's arrival impacts a family, told from the point of view of a delightfully unreliable narrator, a wildly imaginative 7 year old named Tim."
508,Love Actually,2003,movie,Richard Curtis,Comedy|Romance|Drama,Eight very different couples deal with their love lives in various loosely interrelated tales all set during a frantic month before Christmas in London.
492188,Marriage Story,2019,movie,Noah Baumbach,Drama,"A stage director and an actress struggle through a grueling, coast-to-coast divorce that pushes them to their personal extremes."
37735,Easy A,2010,movie,Will Gluck,Comedy,"Olive, an average high school student, sees her below-the-radar existence turn around overnight once she decides to use the school's gossip grapevine to advance her social standing. Now her classmates are turning against her and the school board is becoming concerned, including her favorite teacher and the distracted guidance counselor. With the support of her hilariously idiosyncratic parents and a little help from a long-time crush, Olive attempts to take on her notorious new identity and crush the rumor mill once and for all."
447404,Pokémon Detective Pikachu,2019,movie,Rob Letterman,Action|Adventure|Fantasy,"In a world where people collect pocket-size monsters (Pokémon) to do battle, a boy comes across an intelligent monster who seeks to be a detective."
13448,Angels & Demons,2009,movie,Ron Howard,Thriller|Mystery,"Harvard symbologist Robert Langdon is recruited by the Vatican to investigate the apparent return of the Illuminati – a secret, underground organization – after four cardinals are kidnapped on the night of the papal conclave."
257211,The Intern,2015,movie,Nancy Meyers,Comedy,"70-year-old widower Ben Whittaker has discovered that retirement isn't all it's cracked up to be. Seizing an opportunity to get back in the game, he becomes a senior intern at an online fashion site, founded and run by Jules Ostin."
158852,Tomorrowland,2015,movie,Brad Bird,Adventure|Family|Mystery|Science Fiction,"Bound by a shared destiny, a bright, optimistic teen bursting with scientific curiosity and a former boy-genius inventor jaded by disillusionment embark on a danger-filled mission to unearth the secrets of an enigmatic place somewhere in time and space that exists in their collective memory as ""Tomorrowland."""
296,Terminator 3: Rise of the Machines,2003,movie,Jonathan Mostow,Action|Thriller|Science Fiction,"It's been 10 years since John Connor saved Earth from Judgment Day, and he's now living under the radar, steering clear of using anything Skynet can trace. That is, until he encounters T-X, a robotic assassin ordered to finish what T-1000 started. Good thing Connor's former nemesis, the Terminator, is back to aid the now-adult Connor … just like he promised."
454983,The Kissing Booth,2018,movie,Vince Marcello,Romance|Comedy,"When teenager Elle's first kiss leads to a forbidden romance with the hottest boy in high school, she risks her relationship with her best friend."
37135,Tarzan,1999,movie,"Chris Buck, Kevin Lima",Animation|Family|Adventure,"Tarzan was a small orphan who was raised by an ape named Kala since he was a child. He believed that this was his family, but on an expedition Jane Porter is rescued by Tarzan. He then finds out that he's human. Now Tarzan must make the decision as to which family he should belong to..."
150689,Cinderella,2015,movie,Kenneth Branagh,Romance|Fantasy|Family|Drama,"When her father unexpectedly passes away, young Ella finds herself at the mercy of her cruel stepmother and her daughters. Never one to give up hope, Ella's fortunes begin to change after meeting a dashing stranger in the woods."
68735,Warcraft,2016,movie,Duncan Jones,Action|Adventure|Fantasy,"The peaceful realm of Azeroth stands on the brink of war as its civilization faces a fearsome race of invaders: orc warriors fleeing their dying home to colonize another. As a portal opens to connect the two worlds, one army faces destruction and the other faces extinction. From opposing sides, two heroes are set on a collision course that will decide the fate of their family, their people, and their home."
11688,The Emperor's New Groove,2000,movie,Mark Dindal,Adventure|Animation|Comedy|Family|Fantasy,"When the self‑absorbed Emperor Kuzco is accidentally transformed into a llama, he must rely on a humble villager to survive the jungle and reclaim his throne."
18360,Night at the Museum: Battle of the Smithsonian,2009,movie,Shawn Levy,Adventure|Fantasy|Action|Comedy|Family,"Hapless museum night watchman Larry Daley must help his living, breathing exhibit friends out of a pickle now that they've been transferred to the archives at the Smithsonian Institution. Larry's (mis)adventures this time include close encounters with Amelia Earhart, Abe Lincoln and Ivan the Terrible."
6957,The 40 Year-Old Virgin,2005,movie,Judd Apatow,Comedy|Romance,"Andy Stitzer has a pleasant life with a nice apartment and a job stamping invoices at an electronics store. But at age 40, there's one thing Andy hasn't done, and it's really bothering his sex-obsessed male co-workers: Andy is still a virgin. Determined to help Andy get laid, the guys make it their mission to de-virginize him. But it all seems hopeless until Andy meets small business owner Trish, a single mom."
527774,Raya and the Last Dragon,2021,movie,"Don Hall, Carlos López Estrada",Animation|Action|Adventure|Fantasy|Family,"Long ago, in the fantasy world of Kumandra, humans and dragons lived together in harmony. But when an evil force threatened the land, the dragons sacrificed themselves to save humanity. Now, 500 years later, that same evil has returned and it’s up to a lone warrior, Raya, to track down the legendary last dragon to restore the fractured land and its divided people."
419704,Ad Astra,2019,movie,James Gray,Science Fiction|Drama,"The near future, a time when both hope and hardships drive humanity to look to the stars and beyond. While a mysterious phenomenon menaces to destroy life on planet Earth, astronaut Roy McBride undertakes a mission across the immensity of space and its many perils to uncover the truth about a lost expedition that decades before boldly faced emptiness and silence in search of the unknown."
1933,The Others,2001,movie,Alejandro Amenábar,Horror|Mystery|Thriller,"Grace is a woman who lives in an old house kept dark because her two children, Anne and Nicholas, have a rare sensitivity to light. When the family begins to suspect the house is haunted, Grace fights to protect her children at any cost in the face of strange events and disturbing visions."
296098,Bridge of Spies,2015,movie,Steven Spielberg,Thriller|Drama,"During the Cold War, the Soviet Union captures U.S. pilot Francis Gary Powers after shooting down his U-2 spy plane. Sentenced to 10 years in prison, Powers' only hope is New York lawyer James Donovan, recruited by a CIA operative to negotiate his release. Donovan boards a plane to Berlin, hoping to win the young man's freedom through a prisoner exchange. If all goes well, the Russians would get Rudolf Abel, the convicted spy who Donovan defended in court."
3131,Gangs of New York,2002,movie,Martin Scorsese,Drama|History|Crime,"In early 1860s New York, Irish immigrant Amsterdam Vallon is released from prison and returns to the Five Points, seeking revenge against his father's killer, William Cutting, a powerful anti-immigrant gang leader. He knows that revenge can only be attained by infiltrating Cutting's inner circle. Vallon's journey becomes a fight for personal survival and to find a place for the Irish people."
195589,Neighbors,2014,movie,Nicholas Stoller,Comedy,A couple with a newborn baby face unexpected difficulties after they are forced to live next to a fraternity house.
100,"Lock, Stock and Two Smoking Barrels",1998,movie,Guy Ritchie,Comedy|Crime,A card shark and his unwillingly-enlisted friends need to make a lot of cash quick after losing a sketchy poker match. To do this they decide to pull a heist on a small-time gang who happen to be operating out of the flat next door.
370172,No Time to Die,2021,movie,Cary Joji Fukunaga,Action|Thriller|Adventure,"Bond has left active service and is enjoying a tranquil life in Jamaica. His peace is short-lived when his old friend Felix Leiter from the CIA turns up asking for help. The mission to rescue a kidnapped scientist turns out to be far more treacherous than expected, leading Bond onto the trail of a mysterious villain armed with dangerous new technology."
11321,Seven Pounds,2008,movie,Gabriele Muccino,Drama,An IRS agent with a fateful secret embarks on an extraordinary journey of redemption by forever changing the lives of seven strangers.
567,Rear Window,1954,movie,Alfred Hitchcock,Thriller|Mystery|Drama,A wheelchair-bound photographer spies on his neighbors from his apartment window and becomes convinced one of them has committed murder.
206487,Predestination,2014,movie,"Peter Spierig, Michael Spierig",Science Fiction|Thriller,"Predestination chronicles the life of a Temporal Agent sent on an intricate series of time-travel journeys designed to prevent future killers from committing their crimes. Now, on his final assignment, the Agent must stop the one criminal that has eluded him throughout time and prevent a devastating attack in which thousands of lives will be lost."
380,Rain Man,1988,movie,Barry Levinson,Drama,"When car dealer Charlie Babbitt learns that his estranged father has died, he returns home to Cincinnati, where he discovers that he has a savant older brother named Raymond and that his father's $3 million fortune is being left to the mental institution in which Raymond lives. Motivated by his father's money, Charlie checks Raymond out of the facility in order to return with him to Los Angeles. The brothers' cross-country trip ends up changing both their lives."
9543,Prince of Persia: The Sands of Time,2010,movie,Mike Newell,Adventure|Fantasy|Action,"A rogue prince reluctantly joins forces with a mysterious princess and together, they race against dark forces to safeguard an ancient dagger capable of releasing the Sands of Time – gift from the gods that can reverse time and allow its possessor to rule the world."
46195,Rio,2011,movie,Carlos Saldanha,Animation|Adventure|Comedy|Family,"Captured by smugglers when he was just a hatchling, a macaw named Blu never learned to fly and lives a happily domesticated life in Minnesota with his human friend, Linda. Blu is thought to be the last of his kind, but when word comes that Jewel, a lone female, lives in Rio de Janeiro, Blu and Linda go to meet her. Animal smugglers kidnap Blu and Jewel, but the pair soon escape and begin a perilous adventure back to freedom -- and Linda."
345,Eyes Wide Shut,1999,movie,Stanley Kubrick,Drama|Thriller|Mystery,"After Dr. Bill Harford's wife, Alice, admits to having sexual fantasies about a man she met, Bill becomes obsessed with having a sexual encounter. He discovers an underground sexual group and attends one of their meetings -- and quickly discovers that he is in over his head."
76163,The Expendables 2,2012,movie,Simon West,Action|Adventure|Thriller,"Mr. Church reunites the Expendables for what should be an easy paycheck, but when one of their men is murdered on the job, their quest for revenge puts them deep in enemy territory and up against an unexpected threat."
28178,Hachi: A Dog's Tale,2009,movie,Lasse Hallström,Drama|Family,"Professor Wilson discovers a lost Akita puppy on his way home. Despite objections from his wife, Hachi endears himself to the family and grows to be Parker's loyal companion. As their bond grows deeper, a beautiful relationship unfolds."
44896,Rango,2011,movie,Gore Verbinski,Animation|Comedy|Family|Western|Adventure,"When Rango, a lost family pet, accidentally winds up in the gritty, gun-slinging Western town of Dirt, the theater-loving lizard suddenly finds himself the newly appointed sheriff. Welcomed as the last hope the town has been waiting for, Rango is forced to play his new role to the hilt and uncover the truth behind a looming water crisis—before his act catches up with him."
320288,Dark Phoenix,2019,movie,Simon Kinberg,Science Fiction|Action|Adventure,"The X-Men face their most formidable and powerful foe when one of their own, Jean Grey, starts to spiral out of control. During a rescue mission in outer space, Jean is nearly killed when she's hit by a mysterious cosmic force. Once she returns home, this force not only makes her infinitely more powerful, but far more unstable. The X-Men must now band together to save her soul and battle aliens that want to use Grey's new abilities to rule the galaxy."
98566,Teenage Mutant Ninja Turtles,2014,movie,Jonathan Liebesman,Science Fiction|Action|Adventure|Comedy,"When a kingpin threatens New York City, a group of mutated turtle warriors must emerge from the shadows to protect their home."
439079,The Nun,2018,movie,Corin Hardy,Horror,A priest with a dark past and a novice nearing her final vows are sent by the Vatican to Romania to investigate a nun's death and face a demonic force.
364,Batman Returns,1992,movie,Tim Burton,Action|Fantasy,"The monstrous Penguin, who dwells in the sewers beneath Gotham, joins up with corrupt mayoral candidate Max Shreck to topple the Batman once and for all. But when Shreck's timid assistant Selina Kyle finds out, and Shreck tries to kill her, she's transformed into the sexy Catwoman. She teams up with the Penguin and Shreck to destroy Batman, but sparks fly unexpectedly when she confronts the caped crusader."
39514,RED,2010,movie,Robert Schwentke,Action|Adventure|Comedy|Crime|Thriller,"After surviving an assault from a squad of hit men, retired CIA black ops agent Frank Moses reassembles his old team for an all-out war. Frank reunites with old Joe, crazy Marvin and wily Victoria to uncover a massive conspiracy that threatens their lives. Only their expert training will allow them to survive a near-impossible mission -- breaking into CIA headquarters."
37686,Super 8,2011,movie,J.J. Abrams,Thriller|Science Fiction|Mystery,"In late 1970s Ohio, a group of friends filming a homemade zombie movie witness a devastating train derailment. Soon after, their quiet town is gripped by unexplained disappearances, strange phenomena, and a growing sense of fear, as they uncover that something terrifying has been set loose."
507086,Jurassic World Dominion,2022,movie,Colin Trevorrow,Adventure|Science Fiction|Thriller,"Four years after Isla Nublar was destroyed, dinosaurs now live—and hunt—alongside humans all over the world. This fragile balance will reshape the future and determine, once and for all, whether human beings are to remain the apex predators on a planet they now share with history's most fearsome creatures."
81188,Rise of the Guardians,2012,movie,Peter Ramsey,Action|Adventure|Animation|Family|Fantasy,"When an evil spirit known as Pitch lays down the gauntlet to take over the world, the immortal Guardians must join forces for the first time to protect the hopes, beliefs and imagination of children all over the world."
166428,How to Train Your Dragon: The Hidden World,2019,movie,Dean DeBlois,Animation|Family|Adventure,"As Hiccup fulfills his dream of creating a peaceful dragon utopia, Toothless’ discovery of an untamed, elusive mate draws the Night Fury away. When danger mounts at home and Hiccup’s reign as village chief is tested, both dragon and rider must make impossible decisions to save their kind."
436270,Black Adam,2022,movie,Jaume Collet-Serra,Action|Adventure|Science Fiction,"Nearly 5,000 years after he was bestowed with the almighty powers of the Egyptian gods—and imprisoned just as quickly—Black Adam is freed from his earthly tomb, ready to unleash his unique form of justice on the modern world."
11224,Cinderella,1950,movie,"Clyde Geronimi, Wilfred Jackson, Hamilton Luske",Family|Fantasy|Animation|Romance,"Cinderella has faith her dreams of a better life will come true. With help from her loyal mice friends and a wave of her Fairy Godmother's wand, Cinderella's rags are magically turned into a glorious gown and off she goes to the Royal Ball. But when the clock strikes midnight, the spell is broken, leaving a single glass slipper... the only key to the ultimate fairy-tale ending!"
82675,Taken 2,2012,movie,Olivier Megaton,Action|Crime|Thriller,"In Istanbul, retired CIA operative Bryan Mills and his wife are taken hostage by the father of a kidnapper Mills killed while rescuing his daughter."
188927,Star Trek Beyond,2016,movie,Justin Lin,Action|Adventure|Science Fiction,"The USS Enterprise crew explores the furthest reaches of uncharted space, where they encounter a mysterious new enemy who puts them and everything the Federation stands for to the test."
381283,mother!,2017,movie,Darren Aronofsky,Horror|Drama,"A couple's relationship is tested when uninvited guests arrive at their home, disrupting their tranquil existence."
11544,Lilo & Stitch,2002,movie,"Dean DeBlois, Chris Sanders",Animation|Family|Comedy|Science Fiction,"As Stitch, a runaway genetic experiment from a faraway planet, wreaks havoc on the Hawaiian Islands, he becomes the mischievous adopted alien ""puppy"" of an independent little girl named Lilo and learns about loyalty, friendship, and ʻohana, the Hawaiian tradition of family."
534,Terminator Salvation,2009,movie,McG,Action|Science Fiction|Thriller,"All grown up in post-apocalyptic 2018, John Connor must lead the resistance of humans against the increasingly dominating militaristic robots. But when Marcus Wright appears, his existence confuses the mission as Connor tries to determine whether Wright has come from the future or the past -- and whether he's friend or foe."
76757,Jupiter Ascending,2015,movie,"Lilly Wachowski, Lana Wachowski",Science Fiction|Fantasy|Action,"In a universe where human genetic material is the most precious commodity, an impoverished young Earth woman becomes the key to strategic maneuvers and internal strife within a powerful dynasty…"
60304,Hansel & Gretel: Witch Hunters,2013,movie,Tommy Wirkola,Fantasy|Horror|Action,"After getting a taste for blood as children, Hansel and Gretel have become the ultimate vigilantes, hell-bent on retribution. Now, unbeknownst to them, Hansel and Gretel have become the hunted, and must face an evil far greater than witches... their past."
7446,Tropic Thunder,2008,movie,Ben Stiller,Action|Comedy|War,"A group of self-absorbed actors set out to make the most expensive war film ever. After ballooning costs force the studio to cancel the movie, the frustrated director refuses to stop shooting, leading his cast into the jungles of Southeast Asia, where they encounter real bad guys."
661374,Glass Onion: A Knives Out Mystery,2022,movie,Rian Johnson,Comedy|Crime|Mystery,World-famous detective Benoit Blanc heads to Greece to peel back the layers of a mystery surrounding a tech billionaire and his eclectic crew of friends.
117263,Olympus Has Fallen,2013,movie,Antoine Fuqua,Action|Thriller,"When the White House (Secret Service Code: ""Olympus"") is captured by a terrorist mastermind and the President is kidnapped, disgraced former Presidential guard Mike Banning finds himself trapped within the building. As the national security team scrambles to respond, they are forced to rely on Banning's inside knowledge to help retake the White House, save the President and avert an even bigger disaster."
293863,The Age of Adaline,2015,movie,Lee Toland Krieger,Romance|Fantasy|Drama,"After 29-year-old Adaline recovers from a nearly lethal accident, she inexplicably stops growing older. As the years stretch on and on, Adaline keeps her secret to herself  until she meets a man who changes her life."
1576,Resident Evil,2002,movie,Paul W. S. Anderson,Horror|Action|Science Fiction,"When a virus leaks from a top-secret facility, turning all resident researchers into ravenous zombies and their lab animals into mutated hounds from hell, the government sends in an elite military task force to contain the outbreak."
676,Pearl Harbor,2001,movie,Michael Bay,Drama|War,"The lifelong friendship between Rafe McCawley and Danny Walker is put to the ultimate test when the two ace fighter pilots become entangled in a love triangle with beautiful Naval nurse Evelyn Johnson. But the rivalry between the friends-turned-foes is immediately put on hold when they find themselves at the center of Japan's devastating attack on Pearl Harbor on Dec. 7, 1941."
335787,Uncharted,2022,movie,Ruben Fleischer,Action|Adventure|Mystery,"A young street-smart, Nathan Drake and his wisecracking partner Victor “Sully” Sullivan embark on a dangerous pursuit of “the greatest treasure never found” while also tracking clues that may lead to Nathan’s long-lost brother."
927,Gremlins,1984,movie,Joe Dante,Fantasy|Horror|Comedy,"After receiving an exotic small animal as a Christmas gift, a young man inadvertently breaks three important rules concerning his new pet, which unleashes a horde of malevolently mischievous creatures on a small town."
782,Gattaca,1997,movie,Andrew Niccol,Science Fiction|Drama,"Vincent is an all-too-human man who dares to defy a system obsessed with genetic perfection. He is an ""In-Valid"" who assumes the identity of a member of the genetic elite to pursue his goal of traveling into space with the Gattaca Aerospace Corporation."
9737,Bad Boys,1995,movie,Michael Bay,Action|Thriller|Crime|Comedy,"Marcus Burnett is a henpecked family man. Mike Lowrey is a footloose and fancy free ladies' man. Both Miami policemen, they have 72 hours to reclaim a consignment of drugs stolen from under their station's nose. To complicate matters, in order to get the assistance of the sole witness to a murder, they have to pretend to be each other."
270303,It Follows,2015,movie,David Robert Mitchell,Horror|Mystery,A young woman is followed by an unknown supernatural force after a sexual encounter.
337401,Mulan,2020,movie,Niki Caro,Adventure|Fantasy|Action,"When the Emperor of China issues a decree that one man per family must serve in the Imperial Chinese Army to defend the country from Huns, Hua Mulan, the eldest daughter of an honored warrior, steps in to take the place of her ailing father. She is spirited, determined and quick on her feet. Disguised as a man by the name of Hua Jun, she is tested every step of the way and must harness her innermost strength and embrace her true potential."
184,Jackie Brown,1997,movie,Quentin Tarantino,Crime|Drama|Thriller,"Jackie Brown is a flight attendant who gets caught in the middle of smuggling cash into the country for her gunrunner boss. When the cops try to use Jackie to get to her boss, she hatches a plan — with help from a bail bondsman — to keep the money for herself."
53182,300: Rise of an Empire,2014,movie,Noam Murro,Action|Drama|War,"Greek general Themistocles attempts to unite all of Greece by leading the charge that will change the course of the war. Themistocles faces the massive invading Persian forces led by mortal-turned-god, Xerxes and Artemesia, the vengeful commander of the Persian navy."
1368,First Blood,1982,movie,Ted Kotcheff,Action|Thriller|Drama,"When former Green Beret John Rambo is harassed by local law enforcement and arrested for vagrancy, he is forced to flee into the mountains and wage an escalating one-man war against his pursuers."
tv1402,The Walking Dead,2010,tv,Frank Darabont,Action & Adventure|Drama|Sci-Fi & Fantasy,Sheriff's deputy Rick Grimes awakens from a coma to find a post-apocalyptic world dominated by flesh-eating zombies. He sets out to find his family and encounters many other survivors along the way.
63174,Lucifer,2016,tv,Tom Kapinos,Crime|Sci-Fi & Fantasy,"Bored and unhappy as the Lord of Hell, Lucifer Morningstar abandoned his throne and retired to Los Angeles, where he has teamed up with LAPD detective Chloe Decker to take down criminals. But the longer he's away from the underworld, the greater the threat that the worst of humanity could escape."
69050,Riverdale,2017,tv,Roberto Aguirre-Sacasa,Crime|Drama|Mystery,"Set in the present, the series offers a bold, subversive take on Archie, Betty, Veronica and their friends, exploring the surreality of small-town life, the darkness and weirdness bubbling beneath Riverdale’s wholesome facade."
76479,The Boys,2019,tv,Eric Kripke,Sci-Fi & Fantasy|Action & Adventure,A group of vigilantes known informally as “The Boys” set out to take down corrupt superheroes with no more than blue-collar grit and a willingness to fight dirty.
71712,The Good Doctor,2017,tv,David Shore,Drama,"Shaun Murphy, a young surgeon with autism and savant syndrome, relocates from a quiet country life to join a prestigious hospital's surgical unit. Unable to personally connect with those around him, Shaun uses his extraordinary medical gifts to save lives and challenge the skepticism of his colleagues."
85271,WandaVision,2021,tv,Jac Schaeffer,Sci-Fi & Fantasy|Mystery|Drama,Wanda Maximoff and Vision—two super-powered beings living idealized suburban lives—begin to suspect that everything is not as it seems.
1418,The Big Bang Theory,2007,tv,"Chuck Lorre, Bill Prady",Comedy,Physicists Leonard and Sheldon find their nerd-centric social circle with pals Howard and Raj expanding when aspiring actress Penny moves in next door.
84958,Loki,2021,tv,Michael Waldron,Drama|Sci-Fi & Fantasy,"After stealing the Tesseract during the events of “Avengers: Endgame,” an alternate version of Loki is brought to the mysterious Time Variance Authority, a bureaucratic organization that exists outside of time and space and monitors the timeline. They give Loki a choice: face being erased from existence due to being a “time variant” or help fix the timeline and stop a greater threat."
60735,The Flash,2014,tv,"Geoff Johns, Greg Berlanti, Andrew Kreisberg",Drama|Sci-Fi & Fantasy,"After being struck by lightning, CSI investigator Barry Allen awakens from a nine-month coma to discover he has been  granted the gift of super speed.  Teaming up with S.T.A.R. Labs, Barry takes on the persona of The Flash, the Fastest  Man Alive, to protect his city."
75006,The Umbrella Academy,2019,tv,Steve Blackman,Action & Adventure|Sci-Fi & Fantasy|Drama,"Reunited by their father's death, estranged siblings with extraordinary powers uncover shocking family secrets — and a looming threat to humanity."
18165,The Vampire Diaries,2009,tv,"Julie Plec, Kevin Williamson",Drama|Sci-Fi & Fantasy,"The story of two vampire brothers obsessed with the same girl, who bears a striking resemblance to the beautiful but ruthless vampire they knew and loved in 1864."
76669,Elite,2018,tv,"Darío Madrona, Carlos Montero",Crime|Mystery|Drama,"When three working class kids enroll in the most exclusive school in Spain, the clash between the wealthy and the poor students leads to tragedy."
88396,The Falcon and the Winter Soldier,2021,tv,Malcolm Spellman,Action & Adventure|Sci-Fi & Fantasy,"Following the events of “Avengers: Endgame”, the Falcon, Sam Wilson and the Winter Soldier, Bucky Barnes team up in a global adventure that tests their abilities, and their patience."
48866,The 100,2014,tv,Jason Rothenberg,Sci-Fi & Fantasy|Action & Adventure|Drama|Crime,"100 years in the future, when the Earth has been abandoned due to radioactivity, the last surviving humans live on an ark orbiting the planet — but the ark won't last forever. So the repressive regime picks 100 expendable juvenile delinquents to send down to Earth to see if the planet is still habitable."
31910,Naruto Shippūden,2007,tv,,Animation|Action & Adventure|Sci-Fi & Fantasy,"After 2 and a half years Naruto finally returns to his village of Konoha, and sets about putting his ambitions to work. It will not be easy though as he has amassed a few more dangerous enemies, in the likes of the shinobi organization; Akatsuki."
1622,Supernatural,2005,tv,Eric Kripke,Drama|Mystery|Sci-Fi & Fantasy,"When they were boys, Sam and Dean Winchester lost their mother to a mysterious and demonic supernatural force. Subsequently, their father raised them to be soldiers. He taught them about the paranormal evil that lives in the dark corners and on the back roads of America ... and he taught them how to kill it. Now, the Winchester brothers crisscross the country in their '67 Chevy Impala, battling every kind of supernatural threat they encounter along the way. "
81356,Sex Education,2019,tv,Laurie Nunn,Comedy|Drama,Inexperienced Otis channels his sex therapist mom when he teams up with rebellious Maeve to set up an underground sex therapy clinic at school.
1408,House,2004,tv,David Shore,Drama,"Dr. Gregory House, a drug-addicted, unconventional, misanthropic medical genius, leads a team of diagnosticians at the fictional Princeton–Plainsboro Teaching Hospital in New Jersey."
44217,Vikings,2013,tv,Michael Hirst,Action & Adventure|Drama|War & Politics,"The adventures of Ragnar Lothbrok, the greatest hero of his age. The series tells the sagas of Ragnar's band of Viking brothers and his family, as he rises to become King of the Viking tribes. As well as being a fearless warrior, Ragnar embodies the Norse traditions of devotion to the gods. Legend has it that he was a direct descendant of Odin, the god of war and warriors."
85937,Demon Slayer: Kimetsu no Yaiba,2019,tv,,Animation|Action & Adventure|Sci-Fi & Fantasy,"After a demon attack leaves his family slain and his sister cursed, Tanjiro embarks upon a perilous journey to find a cure and avenge those he's lost."
94997,House of the Dragon,2022,tv,"George R.R. Martin, Ryan J. Condal",Sci-Fi & Fantasy|Drama|Action & Adventure,"The Targaryen dynasty is at the absolute apex of its power, with more than 15 dragons under their yoke. Most empires crumble from such heights. In the case of the Targaryens, their slow fall begins when King Viserys breaks with a century of tradition by naming his daughter Rhaenyra heir to the Iron Throne. But when Viserys later fathers a son, the court is shocked when Rhaenyra retains her status as his heir, and seeds of division sow friction across the realm."
77169,Cobra Kai,2018,tv,"Josh Heald, Hayden Schlossberg, Jon Hurwitz",Action & Adventure|Drama|Comedy,"This Karate Kid sequel series picks up 30 years after the events of the 1984 All Valley Karate Tournament and finds Johnny Lawrence on the hunt for redemption by reopening the infamous Cobra Kai karate dojo. This reignites his old rivalry with the successful Daniel LaRusso, who has been working to maintain the balance in his life without mentor Mr. Miyagi."
71912,The Witcher,2019,tv,Lauren Schmidt Hissrich,Sci-Fi & Fantasy|Drama|Action & Adventure,"Geralt of Rivia, a mutated monster-hunter for hire, journeys toward his destiny in a turbulent world where people often prove more wicked than beasts."
1412,Arrow,2012,tv,"Andrew Kreisberg, Greg Berlanti, Marc Guggenheim",Crime|Drama|Action & Adventure,"Spoiled billionaire playboy Oliver Queen is missing and presumed dead when his yacht is lost at sea. He returns five years later a changed man, determined to clean up the city as a hooded vigilante armed with a bow."
1413,American Horror Story,2011,tv,"Ryan Murphy, Brad Falchuk",Drama|Mystery|Sci-Fi & Fantasy,"An anthology horror drama series centering on different characters and locations, including a house with a murderous past, an asylum, a witch coven, a freak show, a hotel, a farmhouse in Roanoke, a cult, the apocalypse and a summer camp."
2288,Prison Break,2005,tv,Paul T. Scheuring,Action & Adventure|Crime|Drama,"Due to a political conspiracy, an innocent man is sent to death row and his only hope is his brother, who makes it his mission to deliberately get himself sent to the same prison in order to break the both of them out, from the inside out."
46260,Naruto,2002,tv,,Animation|Action & Adventure|Sci-Fi & Fantasy,"Naruto Uzumaki, a mischievous adolescent ninja, struggles as he searches for recognition and dreams of becoming the Hokage, the village's leader and strongest ninja."
95557,INVINCIBLE,2021,tv,,Animation|Drama|Sci-Fi & Fantasy|Action & Adventure,"Mark Grayson is a normal teenager except for the fact that his father is the most powerful superhero on the planet. Shortly after his seventeenth birthday, Mark begins to develop powers of his own and enters into his father's tutelage."
1100,How I Met Your Mother,2005,tv,"Craig Thomas, Carter Bays",Comedy,A father recounts to his children - through a series of flashbacks - the journey he and his four best friends took leading up to him meeting their mother.
37680,Suits,2011,tv,Aaron Korsh,Drama,"While running from a drug deal gone bad, Mike Ross, a brilliant young college-dropout, slips into a job interview with one of New York City's best legal closers, Harvey Specter. Tired of cookie-cutter law school grads, Harvey takes a gamble by hiring Mike on the spot after he recognizes his raw talent and photographic memory."
1405,Dexter,2006,tv,James Manos Jr.,Crime|Drama|Mystery,"Dexter Morgan, a blood spatter pattern analyst for the Miami Metro Police also leads a secret life as a serial killer, hunting down criminals who have slipped through the cracks of justice."
37854,One Piece,1999,tv,,Action & Adventure|Comedy|Animation,"Years ago, the fearsome Pirate King, Gol D. Roger was executed leaving a huge pile of treasure and the famous ""One Piece"" behind. Whoever claims the ""One Piece"" will be named the new King of the Pirates.

Monkey D. Luffy, a boy who consumed a ""Devil Fruit,"" decides to follow in the footsteps of his idol, the pirate Shanks, and find the One Piece. It helps, of course, that his body has the properties of rubber and that he's surrounded by a bevy of skilled fighters and thieves to help him along the way.

Luffy will do anything to get the One Piece and become King of the Pirates!"
61889,Marvel's Daredevil,2015,tv,Drew Goddard,Crime|Drama|Action & Adventure,Lawyer-by-day Matt Murdock uses his heightened senses from being blinded as a young boy to fight crime at night on the streets of Hell’s Kitchen as Daredevil.
65930,My Hero Academia,2016,tv,,Action & Adventure|Animation|Sci-Fi & Fantasy,"Izuku has dreamt of being a hero all his life—a lofty goal for anyone, but especially challenging for a kid with no superpowers. That’s right, in a world where eighty percent of the population has some kind of super-powered ""quirk,"" Izuku was unlucky enough to be born completely normal. But that’s not enough to stop him from enrolling in one of the world’s most prestigious hero academies."
62715,Dragon Ball Super,2015,tv,,Animation|Action & Adventure|Sci-Fi & Fantasy,"With Majin Buu defeated, Goku has taken a completely new role as...a radish farmer?! With Earth at peace, our heroes have settled into normal lives. But they can’t get too comfortable. Far away, the powerful God of Destruction, Beerus, awakens to a prophecy revealing his demise at the hands of an even more formidable being. When his search for the Saiyan God brings him to Earth, can Goku and his friends take on their strongest foe yet?"
62286,Fear the Walking Dead,2015,tv,"Robert Kirkman, Dave Erickson",Action & Adventure|Drama,"What did the world look like as it was transforming into the horrifying apocalypse depicted in ""The Walking Dead""? This spin-off set in Los Angeles, following new characters as they face the beginning of the end of the world, will answer that question."
12637,Rebelde,2004,tv,"Cris Morena, Pedro Damián",Drama|Comedy,"A group of young adults will spend their adolescence at the Elite Way School, where they will learn about love, life and live their passion for music."
82883,The Act,2019,tv,"Nick Antosca, Michelle Dean",Drama|Crime,"Gypsy Blanchard struggles to deal with the toxic relationship with her overprotective mother, but her attempts to free herself lead to murder."
62104,The Seven Deadly Sins,2014,tv,,Animation|Action & Adventure|Sci-Fi & Fantasy,"The “Seven Deadly Sins”—a group of evil knights who conspired to overthrow the kingdom of Britannia—were said to have been eradicated by the Holy Knights, although some claim that they still live. Ten years later, the Holy Knights have staged a Coup d'état and assassinated the king, becoming the new, tyrannical rulers of the kingdom. Elizabeth, the king's only daughter, sets out on a journey to find the “Seven Deadly Sins,” and to enlist their help in taking back the kingdom."
13916,Death Note,2006,tv,,Animation|Mystery|Sci-Fi & Fantasy,"Light Yagami is an ace student with great prospects—and he’s bored out of his mind. But all that changes when he finds the Death Note, a notebook dropped by a rogue Shinigami death god. Any human whose name is written in the notebook dies, and Light has vowed to use the power of the Death Note to rid the world of evil. But will Light succeed in his noble goal, or will the Death Note turn him into the very thing he fights against?"
2190,South Park,1997,tv,"Trey Parker, Matt Stone",Comedy|Animation,"Follow the misadventures of four irreverent grade-schoolers in the quiet, dysfunctional town of South Park, Colorado."
1434,Family Guy,1999,tv,Seth MacFarlane,Animation|Comedy,"Sick, twisted, politically incorrect and Freakin' Sweet animated series featuring the adventures of the dysfunctional Griffin family. Bumbling Peter and long-suffering Lois have three kids. Stewie (a brilliant but sadistic baby bent on killing his mother and taking over the world), Meg (the oldest, and is the most unpopular girl in town) and Chris (the middle kid, he's not very bright but has a passion for movies). The final member of the family is Brian - a talking dog and much more than a pet, he keeps Stewie in check whilst sipping Martinis and sorting through his own life issues."
246,Avatar: The Last Airbender,2005,tv,"Michael Dante DiMartino, Bryan Konietzko",Animation|Action & Adventure|Sci-Fi & Fantasy,"In a war-torn world of elemental magic, a young boy reawakens to undertake a dangerous mystic quest to fulfill his destiny as the Avatar, and bring peace to the world."
12971,Dragon Ball Z,1989,tv,,Animation|Sci-Fi & Fantasy|Action & Adventure,"Now happily married and with a son, martial arts champion Goku must defend Earth from a series of extraterrestrial invaders bent on destruction."
70785,Anne with an E,2017,tv,Moira Walley-Beckett,Drama|Family,"A coming-of-age story about an outsider who, against all odds and numerous challenges, fights for love and acceptance and for her place in the world. The series centers on a young orphaned girl in the late 1890s, who, after an abusive childhood spent in orphanages and the homes of strangers, is mistakenly sent to live with an elderly woman and her aging brother. Over time, 13-year-old Anne will transform their lives and eventually the small town in which they live with her unique spirit, fierce intellect and brilliant imagination."
2004,Malcolm in the Middle,2000,tv,Linwood Boomer,Comedy,"A gifted young teen tries to survive life with his dimwitted, dysfunctional family."
5920,The Mentalist,2008,tv,Bruno Heller,Crime|Drama|Mystery,"Patrick Jane, a former celebrity psychic medium, uses his razor sharp skills of observation and expertise at ""reading"" people to solve serious crimes with the California Bureau of Investigation."
34524,Teen Wolf,2011,tv,Jeff Davis,Sci-Fi & Fantasy|Drama|Comedy,"Scott McCall, a high school student living in the town of Beacon Hills has his life drastically changed when he's bitten by a werewolf, becoming one himself. He must henceforth learn to balance his problematic new identity with his day-to-day teenage life. The following characters are instrumental to his struggle: Stiles, his best friend; Allison, his love interest who comes from a family of werewolf hunters; and Derek, a mysterious werewolf with a dark past. Throughout the series, he strives to keep his loved ones safe while maintaining normal relationships with them."
91363,What If...?,2021,tv,,Animation|Action & Adventure|Sci-Fi & Fantasy,"Taking inspiration from the comic books of the same name, each episode of this animated anthology series questions, revisits and twists classic Marvel Cinematic moments."
65334,Miraculous: Tales of Ladybug & Cat Noir,2015,tv,"Thomas Astruc, Jeremy Zag, Nathanaël Bronn",Action & Adventure|Animation|Kids,"Marinette and Adrien, two Parisian teenagers, are entrusted with powerful jewels in order to transform into superheroes Ladybug and Cat Noir. But neither hero knows the other's true identity — or that they're classmates!"
95479,JUJUTSU KAISEN,2020,tv,,Animation|Sci-Fi & Fantasy|Action & Adventure,"Yuji Itadori is a boy with tremendous physical strength, though he lives a completely ordinary high school life. One day, to save a classmate who has been attacked by curses, he eats the finger of Ryomen Sukuna, taking the curse into his own soul. From then on, he shares one body with Ryomen Sukuna. Guided by the most powerful of sorcerers, Satoru Gojo, Itadori is admitted to Tokyo Jujutsu High School, an organization that fights the curses... and thus begins the heroic tale of a boy who became a curse to exorcise a curse, a life from which he could never turn back."
4604,Smallville,2001,tv,"Alfred Gough, Miles Millar",Sci-Fi & Fantasy|Action & Adventure|Drama,The origins of the world’s greatest hero–from Krypton refugee Kal-el’s arrival on Earth through his tumultuous teen years to Clark Kent’s final steps toward embracing his destiny as the Man of Steel.
99966,All of Us Are Dead,2022,tv,"Chun Sung-il, JQ Lee, Kim Nam-su",Action & Adventure|Drama|Sci-Fi & Fantasy,A high school becomes ground zero for a zombie virus outbreak. Trapped students must fight their way out — or turn into one of the rabid infected.
62688,Supergirl,2015,tv,"Greg Berlanti, Andrew Kreisberg, Ali Adler",Drama|Sci-Fi & Fantasy|Action & Adventure,"Twenty-four-year-old Kara Zor-El, who was taken in by the Danvers family when she was 13 after being sent away from Krypton, must learn to embrace her powers after previously hiding them. The Danvers teach her to be careful with her powers, until she has to reveal them during an unexpected disaster, setting her on her journey of heroism."
4613,Band of Brothers,2001,tv,,Drama|War & Politics,"Drawn from interviews with survivors of Easy Company, as well as their journals and letters, Band of Brothers chronicles the experiences of these men from paratrooper training in Georgia through the end of the war. As an elite rifle company parachuting into Normandy early on D-Day morning, participants in the Battle of the Bulge, and witness to the horrors of war, the men of Easy knew extraordinary bravery and extraordinary fear - and became the stuff of legend. Based on Stephen E. Ambrose's acclaimed book of the same name."
2734,Law & Order: Special Victims Unit,1999,tv,Dick Wolf,Crime|Drama|Mystery,"In the criminal justice system, sexually-based offenses are considered especially heinous. In New York City, the dedicated detectives who investigate these vicious felonies are members of an elite squad known as the Special Victims Unit. These are their stories."
124364,FROM,2022,tv,John Griffin,Mystery|Drama|Sci-Fi & Fantasy,"Unravel the mystery of a nightmarish town in middle America that traps all those who enter. As the unwilling residents fight to keep a sense of normalcy and search for a way out, they must also survive the threats of the surrounding forest – including the terrifying creatures that come out when the sun goes down."
105214,Dark Desire,2020,tv,Leticia López Margalli,Mystery|Drama,"Married Alma spends a fateful weekend away from home that ignites passion, ends in tragedy and leads her to question the truth about those close to her."
63926,One-Punch Man,2015,tv,,Animation|Comedy|Action & Adventure|Sci-Fi & Fantasy,"Saitama is a hero who only became a hero for fun. After three years of “special” training, though, he’s become so strong that he’s practically invincible. In fact, he’s too strong—even his mightiest opponents are taken out with a single punch, and it turns out that being devastatingly powerful is actually kind of a bore. With his passion for being a hero lost along with his hair, yet still faced with new enemies every day, how much longer can he keep it going?"
90462,Chucky,2021,tv,Don Mancini,Crime|Comedy|Mystery,"After a vintage Chucky doll turns up at a suburban yard sale, an idyllic American town is thrown into chaos as a series of horrifying murders begin to expose the town’s hypocrisies and secrets. Meanwhile, the arrival of enemies — and allies — from Chucky’s past threatens to expose the truth behind the killings, as well as the demon doll’s untold origins."
86831,"Love, Death & Robots",2019,tv,Tim Miller,Animation|Sci-Fi & Fantasy,"Terrifying creatures, wicked surprises and dark comedy converge in this NSFW anthology of animated stories presented by Tim Miller and David Fincher."
60797,Scorpion,2014,tv,Nick Santora,Action & Adventure|Drama|Crime,"Eccentric genius Walter O’Brien and his team of brilliant misfits comprise the last line of defense against complex, high-tech threats of the modern age. As Homeland Security’s new think tank, O’Brien’s “Scorpion” team includes Toby Curtis, an expert behaviorist who can read anyone; Happy Quinn, a mechanical prodigy; and Sylvester Dodd, a statistics guru."
4057,Criminal Minds,2005,tv,Jeff Davis,Crime|Drama|Mystery,"An elite team of FBI profilers analyze the country's most twisted criminal minds, anticipating their next moves before they strike again. The Behavioral Analysis Unit's most experienced agent is David Rossi, a founding member of the BAU who returns to help the team solve new cases."
48891,Brooklyn Nine-Nine,2013,tv,"Daniel J. Goor, Michael Schur",Comedy|Crime,"A single-camera ensemble comedy following the lives of an eclectic group of detectives in a New York precinct, including one slacker who is forced to shape up when he gets a new boss."
78191,You,2018,tv,"Greg Berlanti, Sera Gamble",Mystery|Crime|Drama,"A dangerously charming, obsessive man goes to extreme measures to insert himself into the lives of women who fascinate him."
46331,Under the Dome,2013,tv,Brian K. Vaughan,Drama|Mystery|Sci-Fi & Fantasy,"A small town is suddenly and inexplicably sealed off from the rest of the world by an enormous transparent dome. While military forces, the government and the media positioned outside of this surrounding barrier attempt to break it down, a small group of people inside attempt to figure out what the dome is, where it came from, and when (and if) it will go away."
84773,The Lord of the Rings: The Rings of Power,2022,tv,"Patrick McKay, John D. Payne",Action & Adventure|Drama|Sci-Fi & Fantasy,"Beginning in a time of relative peace, we follow an ensemble cast of characters as they confront the re-emergence of evil to Middle-earth. From the darkest depths of the Misty Mountains, to the majestic forests of Lindon, to the breathtaking island kingdom of Númenor, to the furthest reaches of the map, these kingdoms and characters will carve out legacies that live on long after they are gone."
615,Futurama,1999,tv,Matt Groening,Animation|Comedy|Sci-Fi & Fantasy,"The adventures of a late-20th-century New York City pizza delivery boy, Philip J. Fry, who, after being unwittingly cryogenically frozen for one thousand years, finds employment at Planet Express, an interplanetary delivery company in the retro-futuristic 31st century."
1403,Marvel's Agents of S.H.I.E.L.D.,2013,tv,"Joss Whedon, Jed Whedon, Maurissa Tancharoen",Drama|Sci-Fi & Fantasy|Action & Adventure,"Agent Phil Coulson of S.H.I.E.L.D. (Strategic Homeland Intervention, Enforcement and Logistics Division) puts together a team of agents to investigate the new, the strange and the unknown around the globe, protecting the ordinary from the extraordinary."
88329,Hawkeye,2021,tv,Jonathan Igla,Drama|Comedy|Action & Adventure,"Former Avenger Clint Barton has a seemingly simple mission: get back to his family for Christmas. Possible? Maybe with the help of Kate Bishop, a 22-year-old archer with dreams of becoming a superhero. The two are forced to work together when a presence from Barton’s past threatens to derail far more than the festive spirit."
79242,Chilling Adventures of Sabrina,2018,tv,Roberto Aguirre-Sacasa,Mystery|Sci-Fi & Fantasy|Drama,"Magic and mischief collide as half-human, half-witch Sabrina navigates between two worlds: mortal teen life and her family's legacy, the Church of Night."
60708,Gotham,2014,tv,Bruno Heller,Drama|Crime|Sci-Fi & Fantasy,"Everyone knows the name Commissioner Gordon. He is one of the crime world's greatest foes, a man whose reputation is synonymous with law and order. But what is known of Gordon's story and his rise from rookie detective to Police Commissioner? What did it take to navigate the multiple layers of corruption that secretly ruled Gotham City, the spawning ground of the world's most iconic villains? And what circumstances created them – the larger-than-life personas who would become Catwoman, The Penguin, The Riddler, Two-Face and The Joker?"
2691,Two and a Half Men,2003,tv,"Lee Aronsohn, Chuck Lorre",Comedy,A hedonistic jingle writer's free-wheeling life comes to an abrupt halt when his brother and 10-year-old nephew move into his beach-front house.
43348,Pablo Escobar: The Drug Lord,2012,tv,Carlos Moreno,Crime|Drama,"Pablo is a man with a natural ability for business. Early in his life, Pablo is introduced to the business of cocaine and the power it yields. A young life of crime lands Pablo in and out of jail as he builds his criminal empire. Pablo expands his power through politics but it is not long before his conflicts as a Congressman and a drug lord collide. Pablo has his enemies executed, but not before the United States activates its own war on the Medellin cartel."
92749,Moon Knight,2022,tv,Jeremy Slater,Sci-Fi & Fantasy|Mystery|Action & Adventure,"When Steven Grant, a mild-mannered gift-shop employee, becomes plagued with blackouts and memories of another life, he discovers he has dissociative identity disorder and shares a body with mercenary Marc Spector. As Steven/Marc’s enemies converge upon them, they must navigate their complex identities while thrust into a deadly mystery among the powerful gods of Egypt."
46952,The Blacklist,2013,tv,Jon Bokenkamp,Drama|Crime|Mystery,"Raymond ""Red"" Reddington, one of the FBI's most wanted fugitives, surrenders in person at FBI Headquarters in Washington, D.C. He claims that he and the FBI have the same interests: bringing down dangerous criminals and terrorists. In the last two decades, he's made a list of criminals and terrorists that matter the most but the FBI cannot find because it does not know they exist. Reddington calls this ""The Blacklist"". Reddington will co-operate, but insists that he will speak only to Elizabeth Keen, a rookie FBI profiler."
74577,The End of the F***ing World,2017,tv,Jonathan Entwistle,Comedy|Drama|Crime,"James is 17 and is pretty sure he is a psychopath. Alyssa, also 17, is the cool and moody new girl at school. The pair make a connection and she persuades him to embark on a darkly comedic road trip in search of her real father."
46896,The Originals,2013,tv,,Sci-Fi & Fantasy|Drama|Mystery,"The Vampire Diaries spin-off that follows the Mikaelsons, a family of millennia-old, power-hungry vampires who want to reclaim the city they built, New Orleans, and dominate all those who have wronged them."
39351,Grimm,2011,tv,"David Greenwalt, Jim Kouf, Stephen Carpenter",Drama|Mystery|Sci-Fi & Fantasy,"After Portland homicide detective Nick Burkhardt discovers he's descended from an elite line of criminal profilers known as ""Grimms,"" he increasingly finds his responsibilities as a detective at odds with his new responsibilities as a Grimm."
40075,Gravity Falls,2012,tv,Alex Hirsch,Action & Adventure|Animation|Comedy|Family|Mystery|Sci-Fi & Fantasy,"Twin brother and sister Dipper and Mabel Pines are in for an unexpected adventure when they spend the summer helping their great uncle Stan run a tourist trap in the mysterious town of Gravity Falls, Oregon."
1911,Bones,2005,tv,Hart Hanson,Crime|Drama,"Dr. Temperance Brennan and her colleagues at the Jeffersonian's Medico-Legal Lab assist Special Agent Seeley Booth with murder investigations when the remains are so badly decomposed, burned or destroyed that the standard identification methods are useless."
110492,Peacemaker,2022,tv,James Gunn,Action & Adventure|Sci-Fi & Fantasy|Comedy,"The continuing story of Peacemaker, a vainglorious superhero/supervillain who believes in peace at any cost — no matter how many people he has to kill. After a miraculous recovery from his duel with Bloodsport, Peacemaker soon discovers that his freedom comes at a price."
79744,The Rookie,2018,tv,Alexi Hawley,Crime|Drama|Comedy,"Starting over isn't easy, especially for small-town guy John Nolan who, after a life-altering incident, is pursuing his dream of being an LAPD officer. As the force's oldest rookie, he's met with skepticism from some higher-ups who see him as just a walking midlife crisis."
1421,Modern Family,2009,tv,"Steven Levitan, Christopher Lloyd",Comedy,"The Pritchett-Dunphy-Tucker clan is a wonderfully large and blended family. They give us an honest and often hilarious look into the sometimes warm, sometimes twisted, embrace of the modern family."
34307,Shameless,2011,tv,"Paul Abbott, John Wells",Drama|Comedy,"Chicagoan Frank Gallagher is the proud single dad of six smart, industrious, independent kids, who without him would be... perhaps better off. When Frank's not at the bar spending what little money they have, he's passed out on the floor. But the kids have found ways to grow up in spite of him. They may not be like any family you know, but they make no apologies for being exactly who they are."
12609,Dragon Ball,1986,tv,,Animation|Action & Adventure|Sci-Fi & Fantasy,"Young Goku sets off on a quest with his teenage friend Bulma to find the seven Dragon Balls, which grant whoever possesses them a single wish."
57243,Doctor Who,2005,tv,"Sydney Newman, C. E. Webber, Donald Wilson",Action & Adventure|Drama|Sci-Fi & Fantasy,"The Doctor is a Time Lord: a 900 year old alien with 2 hearts, part of a gifted civilization who mastered time travel. The Doctor saves planets for a living—more of a hobby actually, and the Doctor's very, very good at it."
108978,Reacher,2022,tv,Nick Santora,Action & Adventure|Crime,"Jack Reacher, a veteran military police investigator, has just recently entered civilian life. Reacher is a drifter, carrying no phone and the barest of essentials as he travels the country and explores the nation he once served."
69478,The Handmaid's Tale,2017,tv,Bruce Miller,Drama|Sci-Fi & Fantasy|Action & Adventure,"Set in a dystopian future, a woman is forced to live as a concubine under a fundamentalist theocratic dictatorship."
60622,Fargo,2014,tv,Noah Hawley,Crime|Drama,"A close-knit anthology series dealing with stories involving malice, violence and murder based in and around Minnesota."
71886,Siren,2018,tv,"Dean White, Eric Wald, Nick Copus",Sci-Fi & Fantasy|Drama,"The coastal town of Bristol Cove is known for its legend of once being home to mermaids. When the arrival of a mysterious girl proves this folklore all too true, the battle between man and sea takes a very vicious turn as these predatory beings return to reclaim their right to the ocean."
80213,The Purge,2018,tv,James DeMonaco,Mystery|Crime|Drama,"Set in a dystopian America ruled by a totalitarian political party, the series follows several seemingly unrelated characters living in a small city. Tying them all together is a mysterious savior who’s impeccably equipped for everything the night throws at them. As the clock winds down with their fates hanging in the balance, each character is forced to reckon with their pasts as they discover how far they will go to survive the night."
1409,Sons of Anarchy,2008,tv,Kurt Sutter,Crime|Drama,"The Sons of Anarchy (SOA) are an outlaw motorcycle club with many charters in the United States and overseas. The show focused on the original and founding charter, Sons of Anarchy Motorcycle Club, Redwood Original, often referred to by the acronym SAMCRO, Sam Crow, or simply Redwood Charter. The charter operates both legal and illegal businesses in the small town of Charming, California. They combine gun-running and a garage, and involvement in porn film industry. Clay, the charter president, likes it old school and violent; while Jax, his stepson and the club's VP, has thoughts about changing the way things are done. Their conflict has effects on both the club and their personal relationship, especially when Jax goes on a personal quest to cleanse the SAMCRO name and image."
19614,It,1990,tv,Stephen King,Mystery|Sci-Fi & Fantasy|Drama,"In 1960, seven outcast kids known as ""The Losers' Club"" fight against an ancient shape-shifting alien who poses as a child-killing clown, while also dealing with bullies and abusive parents. Thirty years later, they reunite to stop the creature once and for all when it returns to their hometown."
67178,Marvel's The Punisher,2017,tv,Steve Lightfoot,Action & Adventure|Crime|Drama,A former Marine out to punish the criminals responsible for his family's murder finds himself ensnared in a military conspiracy.
73586,Yellowstone,2018,tv,"Taylor Sheridan, John Linson",Western|Drama,"Follow the violent world of the Dutton family, who controls the largest contiguous ranch in the United States. Led by their patriarch John Dutton, the family defends their property against constant attack by land developers, an Indian reservation, and America’s first National Park."
1425,House of Cards,2013,tv,Beau Willimon,Drama,"Betrayed by the White House, Congressman Frank Underwood embarks on a ruthless rise to power. Blackmail, seduction and ambition are his weapons."
52814,Halo,2022,tv,"Kyle Killen, Steven Kane",Sci-Fi & Fantasy|Action & Adventure,"Depicting an epic 26th-century conflict between humanity and an alien threat known as the Covenant, the series weaves deeply drawn personal stories with action, adventure and a richly imagined vision of the future."
387,SpongeBob SquarePants,1999,tv,Stephen Hillenburg,Animation|Comedy|Family,"Deep down in the Pacific Ocean in the subterranean city of Bikini Bottom lives a square yellow sponge named SpongeBob SquarePants. SpongeBob lives in a pineapple with his pet snail, Gary, loves his job as a fry cook at the Krusty Krab, and has a knack for getting into all kinds of trouble without really trying. When he's not getting on the nerves of his cranky next door neighbor Squidward, SpongeBob can usually be found smack in the middle of all sorts of strange situations with his best buddy, the simple yet lovable starfish, Patrick, or his thrill-seeking surfer-girl squirrel pal, Sandy Cheeks."
15260,Adventure Time,2010,tv,Pendleton Ward,Animation|Comedy|Sci-Fi & Fantasy,"Young Finn and his shape-shifting dog buddy, Jake, go on a series of surreal adventures as they journey through the postapocalyptic Land of Ooo."
80020,Super Dragon Ball Heroes,2018,tv,,Animation|Action & Adventure|Sci-Fi & Fantasy,"Trunks returns from the future to train with Goku and Vegeta. However, it disappears without warning. Then the mysterious Fu bursts in, telling them that Trunks has been imprisoned in the Prison Planet, a mysterious complex in an unknown place in the universes. The group seeks the dragon balls to free Trunks, but an endless battle awaits them! Will Goku and the others rescue Trunks and escape the Prison Planet?"
106379,Fallout,2024,tv,"Graham Wagner, Geneva Robertson-Dworet",Action & Adventure|Sci-Fi & Fantasy|Drama,"The story of haves and have-nots in a world in which there's almost nothing left to have. 200 years after the apocalypse, the gentle denizens of luxury fallout shelters are forced to return to the irradiated hellscape their ancestors left behind — and are shocked to discover an incredibly complex, gleefully weird, and highly violent universe waiting for them."
104877,Love Is in the Air,2020,tv,Ayse Uber Kutlu,Drama|Comedy,"Eda, who ties all her hopes to her education, confronts Serkan Bolat, who cuts off her international education scholarship and leaves her with high school diploma. Serkan Bolat offers Eda to give her scholarship back if she pretends to be his fiance for two months. Although Eda rejects the offer of this man as she hates him, she has to accept it when the conditions change. While pretending to be engaged, Serkan and Eda begin to experience a passionate, challenging relationship that will make them forget all they know right. Because love is difficult. And that's why it's amazing."
67915,Guardian: The Lonely and Great God,2016,tv,"Lee Eung-bok, Kim Eun-sook",Drama|Sci-Fi & Fantasy|Comedy,"In his quest for a bride to break his immortal curse, a 939-year-old guardian of souls meets a grim reaper and a sprightly student with a tragic past."
67744,MINDHUNTER,2017,tv,Joe Penhall,Drama|Crime,An agent in the FBI's Elite Serial Crime Unit develops profiling techniques as he pursues notorious serial killers and rapists.
115036,The Book of Boba Fett,2021,tv,Jon Favreau,Action & Adventure|Sci-Fi & Fantasy,Legendary bounty hunter Boba Fett and mercenary Fennec Shand must navigate the galaxy’s underworld when they return to the sands of Tatooine to stake their claim on the territory once ruled by Jabba the Hutt and his crime syndicate.
71728,Young Sheldon,2017,tv,"Steven Molaro, Chuck Lorre",Comedy|Family|Drama,"The early life of child genius Sheldon Cooper, later seen in The Big Bang Theory."
40008,Hannibal,2013,tv,Bryan Fuller,Drama|Crime,"Both a gift and a curse, Graham has the extraordinary ability to think like his prey—he sees what they see, feels what they feel. But while Graham is pursuing an especially troubling, cannibalistic murderer, Special Agent Jack Crawford teams him with a highly respected psychiatrist – a man with a taste for the criminal minded – Dr. Hannibal Lecter."
46296,Spartacus,2010,tv,Steven S. DeKnight,Drama,"Torn from his homeland and the woman he loves, Spartacus is condemned to the brutal world of the arena where blood and death are primetime entertainment."
79460,Legacies,2018,tv,Julie Plec,Sci-Fi & Fantasy|Drama,"In a place where young witches, vampires, and werewolves are nurtured to be their best selves in spite of their worst impulses, Klaus Mikaelson’s daughter, 17-year-old Hope Mikaelson, Alaric Saltzman’s twins, Lizzie and Josie Saltzman, among others, come of age into heroes and villains at The Salvatore School for the Young and Gifted."
56570,Outlander,2014,tv,Ronald D. Moore,Drama|Sci-Fi & Fantasy,"The story of Claire Randall, a married combat nurse from 1945 who is mysteriously swept back in time to 1743, where she is immediately thrown into an unknown world where her life is threatened. When she is forced to marry Jamie, a chivalrous and romantic young Scottish warrior, a passionate affair is ignited that tears Claire's heart between two vastly different men in two irreconcilable lives."
60866,iZombie,2015,tv,"Diane Ruggiero-Wright, Rob Thomas",Drama|Crime|Sci-Fi & Fantasy,"A medical student who becomes a zombie joins a Coroner's Office in order to gain access to the brains she must reluctantly eat so that she can maintain her humanity. But every brain she eats, she also inherits their memories and must now solve their deaths with help from the Medical examiner and a police detective."
113988,DAHMER - Monster: The Jeffrey Dahmer Story,2022,tv,"Ryan Murphy, Ian Brennan",Crime|Drama,This series examines the gruesome and horrific true crimes of Jeffrey Dahmer and the systemic failures that enabled one of America’s most notorious serial killers to continue his murderous spree in plain sight for over a decade.
63639,The Expanse,2015,tv,"Mark Fergus, Hawk Ostby",Drama|Mystery|Sci-Fi & Fantasy,A thriller set two hundred years in the future following the case of a missing young woman who brings a hardened detective and a rogue ship's captain together in a race across the solar system to expose the greatest conspiracy in human history.
80752,See,2019,tv,Steven Knight,Drama|Sci-Fi & Fantasy|Action & Adventure,"A virus has decimated humankind. Those who survived emerged blind. Centuries later when twins are born with the mythic ability to see, their father must protect his tribe against a threatened queen."
69740,Ozark,2017,tv,"Bill Dubuque, Mark Williams",Crime|Drama,"A financial adviser drags his family from Chicago to the Missouri Ozarks, where he must launder $500 million in five years to appease a drug boss."
1705,Fringe,2008,tv,"Alex Kurtzman, Roberto Orci, J.J. Abrams",Sci-Fi & Fantasy|Drama|Mystery,"FBI Special Agent Olivia Dunham, brilliant but formerly institutionalized scientist Walter Bishop and his scheming, reluctant son Peter uncover a deadly mystery involving a series of unbelievable events and realize they may be a part of a larger, more disturbing pattern that blurs the line between science fiction and technology."
67335,Sin senos sí hay paraíso,2016,tv,Gustavo Bolívar,Action & Adventure|Crime|Drama|Mystery,A young woman born in a mafia-controlled town seeks revenge on those who wrongfully harmed and imprisoned her family.
1424,Orange Is the New Black,2013,tv,Jenji Kohan,Drama|Comedy|Crime,"A crime she committed in her youthful past sends Piper Chapman to a women's prison, where she trades her comfortable New York life for one of unexpected camaraderie and conflict in an eccentric group of fellow inmates."
75450,Titans,2018,tv,"Geoff Johns, Greg Berlanti, Akiva Goldsman",Drama|Action & Adventure|Sci-Fi & Fantasy,A team of young superheroes led by Nightwing (formerly Batman's first Robin) form to combat evil and other perils.
72844,The Haunting of Hill House,2018,tv,Mike Flanagan,Mystery|Drama,"Flashing between past and present, a fractured family confronts haunting memories of their old home and the terrifying events that drove them from it."
75219,9-1-1,2018,tv,"Ryan Murphy, Brad Falchuk, Tim Minear",Drama|Crime|Action & Adventure,"Explore the high-pressure experiences of police officers, paramedics and firefighters who are thrust into the most frightening, shocking and heart-stopping situations. These emergency responders must try to balance saving those who are at their most vulnerable with solving the problems in their own lives."
31917,Pretty Little Liars,2010,tv,I. Marlene King,Drama|Mystery,"Based on the Pretty Little Liars series of young adult novels by Sara Shepard, the series follows the lives of four girls — Spencer, Hanna, Aria, and Emily — whose clique falls apart after the disappearance of their queen bee, Alison. One year later, they begin receiving messages from someone using the name ""A"" who threatens to expose their secrets — including long-hidden ones they thought only Alison knew."
110316,Alice in Borderland,2020,tv,,Mystery|Drama|Action & Adventure,"With his two friends, a video-game-obsessed young man finds himself in a strange version of Tokyo where they must compete in dangerous games to win."
153312,Tulsa King,2022,tv,Taylor Sheridan,Crime|Drama|Comedy,"New York mafia capo Dwight ""The General"" Manfredi is released from prison after 25 years and exiled by his boss to set up shop in Tulsa, Oklahoma. Realizing that his mob family may not have his best interests in mind, Dwight slowly builds a crew."
95057,Superman & Lois,2021,tv,"Greg Berlanti, Todd Helbing",Drama|Sci-Fi & Fantasy,"After years of facing megalomaniacal supervillains, monsters wreaking havoc on Metropolis, and alien invaders intent on wiping out the human race, The Man of Steel aka Clark Kent and Lois Lane come face to face with one of their greatest challenges ever: dealing with all the stress, pressures and complexities that come with being working parents in today's society."
125988,Silo,2023,tv,Graham Yost,Sci-Fi & Fantasy|Drama,"In a ruined and toxic future, thousands live in a giant silo deep underground. After its sheriff breaks a cardinal rule and residents die mysteriously, engineer Juliette starts to uncover shocking secrets and the truth about the silo."
90802,The Sandman,2022,tv,"Allan Heinberg, David S. Goyer, Neil Gaiman",Sci-Fi & Fantasy|Drama|Action & Adventure,"After years of imprisonment, Morpheus — the King of Dreams — embarks on a journey across worlds to find what was stolen from him and restore his power."
62127,Marvel's Iron Fist,2017,tv,Scott Buck,Action & Adventure|Drama|Sci-Fi & Fantasy,"Danny Rand resurfaces 15 years after being presumed dead. Now, with the power of the Iron Fist, he seeks to reclaim his past and fulfill his destiny."
112888,True Beauty,2020,tv,,Comedy|Drama,"After being bullied and discriminated because of her ugly looks, a high school girl transforms herself into a gorgeous ""goddess"" and quickly rises to fame after mastering the art of makeup via online tutorial videos."
38472,Marvel's Jessica Jones,2015,tv,Melissa Rosenberg,Sci-Fi & Fantasy|Drama,"After a tragic ending to her short-lived super hero stint, Jessica Jones is rebuilding her personal life and career as a detective who gets pulled into cases involving people with extraordinary abilities in New York City."
1407,Homeland,2011,tv,"Alex Gansa, Howard Gordon",Drama|War & Politics|Crime,"CIA officer Carrie Mathison is tops in her field despite being bipolar, which makes her volatile and unpredictable. With the help of her long-time mentor Saul Berenson, Carrie fearlessly risks everything, including her personal well-being and even sanity, at every turn."
1639,Heroes,2006,tv,Tim Kring,Sci-Fi & Fantasy|Drama,Common people discover that they have super powers. Their lives intertwine as a devastating event must be prevented.
96677,Lupin,2021,tv,"George Kay, François Uzan, Marie Roussin, Florent Meyer, Tigran Rosine",Crime|Drama|Mystery,"Inspired by the adventures of Arsène Lupin, gentleman thief Assane Diop sets out to avenge his father for an injustice inflicted by a wealthy family."
58841,Chicago P.D.,2014,tv,"Dick Wolf, Matt Olmstead",Crime|Drama,"A riveting police drama about the men and women of the Chicago Police Department's District 21 who put it all on the line to serve and protect their community. District 21 is made up of two distinctly different groups: the uniformed cops who patrol the beat and go head-to-head with the city's street crimes and the Intelligence Unit that combats the city's major offenses - organized crime, drug trafficking, high profile murders and beyond."
92783,She-Hulk: Attorney at Law,2022,tv,Jessica Gao,Comedy|Sci-Fi & Fantasy,"Jennifer Walters navigates the complicated life of a single, 30-something attorney who also happens to be a green 6-foot-7-inch superpowered hulk."
61374,Tokyo Ghoul,2014,tv,,Animation|Drama|Sci-Fi & Fantasy,"Ken Kaneki, a bookworm college student, meets Rize, a girl his own age with whom he shares many interests."
31911,Fullmetal Alchemist: Brotherhood,2009,tv,,Animation|Action & Adventure|Sci-Fi & Fantasy|Drama,"Disregard for alchemy’s laws ripped half of Edward Elric’s limbs from his body and left his brother Alphonse’s soul clinging to a suit of armor. To restore what was lost, the brothers seek the Philosopher’s Stone. Enemies and allies – the corrupt military, the Homunculi, and foreign alchemists – will alter the Elric brothers course, but their purpose will remain unchanged and their bond unbreakable."
16997,The Pacific,2010,tv,Bruce C. McKenna,Drama|Action & Adventure|War & Politics,"Track the intertwined real-life stories of three U.S. Marines – Robert Leckie, John Basilone, and Eugene Sledge – across the vast canvas of the Pacific Theater during World War II. A companion piece to the 2001 miniseries Band of Brothers."
62710,Blindspot,2015,tv,Martin Gero,Crime|Drama|Action & Adventure,"A vast international plot explodes when a beautiful Jane Doe is discovered naked in Times Square, completely covered in mysterious, intricate tattoos with no memory of who she is or how she got there. But there's one tattoo that is impossible to miss: the name of FBI agent Kurt Weller, emblazoned across her back. ""Jane,"" Agent Weller and the rest of the FBI quickly realize that each mark on her body is a crime to solve, leading them closer to the truth about her identity and the mysteries to be revealed."
1981,Charmed,1998,tv,Constance M. Burge,Comedy|Drama|Mystery|Sci-Fi & Fantasy,"Three sisters (Prue, Piper and Phoebe) reunite and unlock their powers to become the Charmed Ones, the most powerful good witches of all time, whose prophesied destiny is to protect innocent lives from evil beings such as demons and warlocks. Each sister possesses unique magical powers that grow and evolve, while they attempt to maintain normal lives in modern day San Francisco. "
4614,NCIS,2003,tv,"Don McGill, Donald P. Bellisario",Crime|Drama|Action & Adventure,"From murder and espionage to terrorism and stolen submarines, a team of special agents investigates any crime that has any connection to Navy and Marine Corps personnel, regardless of rank or position."
39272,Once Upon a Time,2011,tv,"Edward Kitsis, Adam Horowitz",Drama|Sci-Fi & Fantasy,"There is a town in Maine where every story book character you've ever known is trapped between two worlds, victims of a powerful curse. Only one knows the truth and only one can break the spell."
62455,Locked Up,2015,tv,"Álex Pina, Daniel Écija, Iván Escobar, Esther Martínez Lobato",Drama|Crime,"Set up to take the blame for corporate fraud, young Macarena Ferreiro is locked up in a high-security women's prison surrounded by tough, ruthless criminals in this tense, provocative Spanish thriller."
tv1892,The Fresh Prince of Bel-Air,1990,tv,"Andy Borowitz, Susan Borowitz",Comedy|Family,"Will, a street-smart teenager, moves from the tough streets of West Philly to posh Bel-Air to live with his Uncle Philip, Aunt Vivian, his cousins — spoiled Hilary, preppy Carlton and young Ashley — and their sophisticated British butler, Geoffrey. Though Will’s antics and upbringing contrast greatly with the upper-class lifestyle of his extended relatives, he soon finds himself right at home as a loved part of the family."
70881,Boruto: Naruto Next Generations,2017,tv,,Animation|Action & Adventure|Comedy,"The life of the shinobi is beginning to change. Boruto Uzumaki, son of Seventh Hokage Naruto Uzumaki, has enrolled in the Ninja Academy to learn the ways of the ninja. Now, as a series of mysterious events unfolds, Boruto’s story is about to begin!"
62643,DC's Legends of Tomorrow,2016,tv,"Greg Berlanti, Andrew Kreisberg, Marc Guggenheim, Phil Klemmer",Action & Adventure|Sci-Fi & Fantasy|Drama,"When heroes alone are not enough ... the world needs legends. Having seen the future, one he will desperately try to prevent from happening, time-traveling rogue Rip Hunter is tasked with assembling a disparate group of both heroes and villains to confront an unstoppable threat — one in which not only is the planet at stake, but all of time itself. Can this ragtag team defeat an immortal threat unlike anything they have ever known?"
1437,Firefly,2002,tv,Joss Whedon,Drama|Action & Adventure|Sci-Fi & Fantasy,"In the year 2517, the universe is a vast frontier where lawlessness reigns and adventure awaits! Join Captain Malcolm Reynolds and his ragtag crew aboard the spaceship Serenity as they navigate the fringes of society, battling the oppressive Alliance and facing off against ruthless bounty hunters."
71914,The Wheel of Time,2021,tv,Rafe Judkins,Sci-Fi & Fantasy|Drama,"The lives of five young villagers change forever when a strange and powerful woman arrives, claiming one of them is the child of an ancient prophecy with the power to tip the balance between Light and Dark forever. They must choose whether to trust this stranger – and each other – with the fate of the world before the Dark One breaks out of His prison, and the Last Battle begins."
1400,Seinfeld,1989,tv,"Jerry Seinfeld, Larry David",Comedy,A stand-up comedian and his three offbeat friends weather the pitfalls and payoffs of life in New York City in the '90s. It's a show about nothing.
1433,American Dad!,2005,tv,"Matt Weitzman, Seth MacFarlane, Mike Barker",Animation|Comedy,"The series focuses on an eccentric motley crew that is the Smith family and their three housemates: Father, husband, and breadwinner Stan Smith; his better half housewife, Francine Smith; their college-aged daughter, Hayley Smith; and their high-school-aged son, Steve Smith. Outside of the Smith family, there are three additional main characters, including Hayley's boyfriend turned husband, Jeff Fischer; the family's man-in-a-goldfish-body pet, Klaus; and most notably the family's zany alien, Roger, who is ""full of masquerades, brazenness, and shocking antics."""
71915,Good Omens,2019,tv,Neil Gaiman,Comedy|Drama|Sci-Fi & Fantasy,"Aziraphale and Crowley, of Heaven and Hell respectively, have grown rather fond of the Earth. So it's terrible news that it's about to end. The armies of Good and Evil are amassing. The Four Horsemen are ready to ride. Everything is going according to the Divine Plan...except that someone seems to have misplaced the Antichrist. Can our heroes find him and stop Armageddon before it's too late?"
44006,Chicago Fire,2012,tv,"Derek Haas, Michael Brandt",Drama,"An edge-of-your-seat view into the lives of everyday heroes committed to one of America's noblest professions. For the firefighters, rescue squad and paramedics of Chicago Firehouse 51, no occupation is more stressful or dangerous, yet so rewarding and exhilarating. These courageous men and women are among the elite who forge headfirst into danger when everyone else is running the other way and whose actions make the difference between life and death."
33880,The Legend of Korra,2012,tv,"Bryan Konietzko, Michael Dante DiMartino",Animation|Action & Adventure|Sci-Fi & Fantasy,"Avatar Korra, a headstrong, rebellious, feisty young woman who continually challenges and breaks with tradition, is on her quest to become a fully realized Avatar. In this story, the Avatar struggles to find balance within herself."
4194,Star Wars: The Clone Wars,2008,tv,George Lucas,Action & Adventure|Sci-Fi & Fantasy|Animation,"Yoda, Obi-Wan Kenobi, Anakin Skywalker, Mace Windu and other Jedi Knights lead the Grand Army of the Republic against the droid army of the Separatists."
68421,Altered Carbon,2018,tv,Laeta Kalogridis,Sci-Fi & Fantasy|Drama,"After 250 years on ice, a prisoner returns to life in a new body with one chance to win his freedom: by solving a mind-bending murder."
92830,Obi-Wan Kenobi,2022,tv,,Sci-Fi & Fantasy|Action & Adventure,"During the reign of the Galactic Empire, former Jedi Master, Obi-Wan Kenobi, embarks on a crucial mission to confront allies turned enemies and face the wrath of the Empire."
102903,Control Z,2020,tv,"Adriana Pelusi, Miguel García Moreno, Carlos Quintanilla Sakar",Drama,"When a hacker begins releasing students' secrets to the entire high school, the socially isolated but observant Sofía works to uncover his/her identity."
120089,SPY x FAMILY,2022,tv,,Animation|Action & Adventure|Comedy,"A spy, an assassin and a telepath come together to pose as a family, each for their own reasons, while hiding their true identities from each other."
1395,Gossip Girl,2007,tv,"Stephanie Savage, Josh Schwartz",Drama,An exclusive group of privileged teens from a posh prep school on Manhattan's Upper East Side whose lives revolve around the blog of the all-knowing albeit ultra-secretive Gossip Girl.
114410,Chainsaw Man,2022,tv,,Animation|Action & Adventure|Sci-Fi & Fantasy,"Denji has a simple dream—to live a happy and peaceful life, spending time with a girl he likes. This is a far cry from reality, however, as Denji is forced by the yakuza into killing devils in order to pay off his crushing debts. Using his pet devil Pochita as a weapon, he is ready to do anything for a bit of cash."
31132,Regular Show,2010,tv,J.G. Quintel,Animation|Comedy|Action & Adventure|Sci-Fi & Fantasy,The surreal misadventures of two best friends - a blue jay and a raccoon - as they seek to liven up their mundane jobs as groundskeepers at the local park.
107113,Only Murders in the Building,2021,tv,"Steve Martin, John Hoffman",Comedy|Mystery|Crime,Three strangers share an obsession with true crime and suddenly find themselves wrapped up in one.
30984,Bleach,2004,tv,,Action & Adventure|Animation|Sci-Fi & Fantasy,"For as long as he can remember, Ichigo Kurosaki has been able to see ghosts. But when he meets Rukia, a Soul Reaper who battles evil spirits known as Hollows, he finds his life is changed forever. Now, with a newfound wealth of spiritual energy, Ichigo discovers his true calling: to protect the living and the dead from evil."
60572,Pokémon,1997,tv,,Animation|Action & Adventure|Sci-Fi & Fantasy,"Join Ash accompanied by his partner Pikachu, as he travels through many regions, meets new friends and faces new challenges on his quest to become a Pokémon Master."
83867,Andor,2022,tv,Tony Gilroy,Sci-Fi & Fantasy|Action & Adventure|Drama,"In an era filled with danger, deception and intrigue, Cassian Andor will discover the difference he can make in the struggle against the tyrannical Galactic Empire. He embarks on a path that is destined to turn him into a rebel hero."
73223,Black Clover,2017,tv,,Animation|Action & Adventure|Sci-Fi & Fantasy,"Asta and Yuno are two orphans who want the same thing: to become the Wizard King. Locked in a friendly rivalry, they work hard towards their goal. While Yuno excels at magic, Asta has a problem uncommon in this world: he has no powers! But, on the day they receive their grimoires, they surprise everyone. To reach their goal, they’ll each find their own path to greatness—with or without magic."
46298,Hunter x Hunter,2011,tv,,Animation|Action & Adventure|Sci-Fi & Fantasy,"Gon, a young boy who lives on Whale Island, dreams of becoming a Hunter like his father, who left when Gon was still young."
95594,Fast & Furious Spy Racers,2019,tv,,Animation|Action & Adventure|Kids|Family,A government agency recruits teen driver Tony Toretto and his thrill-seeking friends to infiltrate a criminal street racing circuit as undercover spies.
18347,Community,2009,tv,Dan Harmon,Comedy,"Follow the lives of a group of students at what is possibly the world’s worst community college in the fictional locale of Greendale, Colorado."
45782,Sword Art Online,2012,tv,,Animation|Sci-Fi & Fantasy|Action & Adventure,"In the near future, a Virtual Reality Massive Multiplayer Online Role-Playing Game (VRMMORPG) called Sword Art Online has been released where players control their avatars with their bodies using a piece of technology called Nerve Gear. One day, players discover they cannot log out, as the game creator is holding them captive unless they reach the 100th floor of the game's tower and defeat the final boss. However, if they die in the game, they die in real life. Their struggle for survival starts now..."
1411,Person of Interest,2011,tv,Jonathan Nolan,Action & Adventure|Crime|Sci-Fi & Fantasy,"John Reese, former CIA paramilitary operative, is presumed dead and teams up with reclusive billionaire Finch to prevent violent crimes in New York City by initiating their own type of justice. With the special training that Reese has had in Covert Operations and Finch's genius software inventing mind, the two are a perfect match for the job that they have to complete. With the help of surveillance equipment, they work ""outside the law"" and get the right criminal behind bars. "
1419,Castle,2009,tv,Andrew W. Marlowe,Drama|Crime,"After a serial killer imitates the plots of his novels, successful mystery novelist Richard ""Rick"" Castle receives permission from the Mayor of New York City to tag along with an NYPD homicide investigation team for research purposes."
10545,True Blood,2008,tv,Alan Ball,Sci-Fi & Fantasy|Drama|Mystery,"Thanks to a Japanese scientist's invention of synthetic blood, vampires have progressed overnight from legendary monsters to fellow citizens. And while humans have been safely removed from the menu, many remain apprehensive about these creatures ""coming out of the coffin."" Religious leaders, government officials, and vampire fundamentalists around the world have chosen their sides.  But in the small Louisiana town of Bon Temps, the jury is still out."
693,Desperate Housewives,2004,tv,Marc Cherry,Mystery|Drama|Comedy,"Looking down on her friends and family isn't a way of life for Mary Alice Young... it's a way of death. One day, in her perfect house, in the loveliest of suburbs, Mary Alice ended it all. Now she's taking us into the lives of her family, friends and neighbors, commenting from her elevated P.O.V."
11250,Pasión de Gavilanes,2003,tv,Julio Jiménez,Drama,The Reyes-Elizondo's idyllic lives are shattered by a murder charge against Eric and León.
12697,Dragon Ball GT,1996,tv,,Animation|Action & Adventure|Sci-Fi & Fantasy,"Ten years have passed since Goku left his friends and family to hone his skills. But Goku soon finds himself helpless against the mystical power of the Dragon Balls and an accidental wish made by the devious Emperor Pilaf. The wish; that Goku once again become a child! Goku, together with Trunks, and his own granddaughter Pan, blast off into the outer reaches of space in search of the mysterious Black Star Dragon Balls. But these Dragon Balls have a fatal secret: if not collected within one year Earth will be destroyed."
35610,InuYasha,2000,tv,,Animation|Action & Adventure|Sci-Fi & Fantasy,"Kagome Higurashi is a modern day young girl who lives with her family by the old Higure shrine. Unbeknownst to Kagome, she is the reincarnation of priestess Kikyo and posseses the ""Jewel of Four Souls"" (the Shikon jewel). One ill-fated day, Kagome locates an ancient well near her home and is abruptly transported through the well and into a feudal Japan, inhabited by demons. There, she encounters Inuyasha, son of a powerful demon father and a human mother, who is pinned to a tree by an enchanted arrow."
67198,Star Trek: Discovery,2017,tv,"Bryan Fuller, Alex Kurtzman",Sci-Fi & Fantasy|Action & Adventure|Drama,"Follow the voyages of Starfleet on their missions to discover new worlds and new life forms, and one Starfleet officer who must learn that to truly understand all things alien, you must first understand yourself."
62126,Marvel's Luke Cage,2016,tv,Cheo Hodari Coker,Drama|Action & Adventure|Crime,"Given superstrength and durability by a sabotaged experiment, a wrongly accused man escapes prison to become a superhero for hire."
66573,The Good Place,2016,tv,Michael Schur,Sci-Fi & Fantasy|Comedy,"Eleanor Shellstrop, an ordinary woman who, through an extraordinary string of events, enters the afterlife where she comes to realize that she hasn't been a very good person. With the help of her wise afterlife mentor, she's determined to shed her old way of living and discover the awesome (or at least the pretty good) person within."
47,El Chavo del Ocho,1973,tv,Roberto Gómez Bolaños,Comedy|Family|Drama,"The mishaps of Chavo, an 8-year-old Mestizo-Latino American orphan boy who lives in a village. Together with Quico, Chilindrina, Ñoño and La Popis, Chavo experiences a series of humorous entanglements."
45950,High School DxD,2012,tv,,Animation|Action & Adventure|Comedy|Sci-Fi & Fantasy,"Issei Hyodo is your average perverted high school student whose one wish in life is to have his own harem, but he's got to be one of the unluckiest guys around. He goes on his first date with a girl only to get brutally attacked and killed when it turns out the girl is really a vicious fallen angel. To top it all off, he's later reincarnated as a devil by his gorgeous senpai who tells him that she is also a devil and now his master! One thing's for sure, his peaceful days are over. In a battle between devils and angels, who will win?"
74428,Rosario Tijeras (Mexico),2016,tv,,Drama|Crime,Worlds collide when a vengeance-obsessed young woman from the other side of the tracks captures the attention of two well-off friends.
61550,Marvel's Agent Carter,2015,tv,"Stephen McFeely, Christopher Markus",Drama|Sci-Fi & Fantasy,"It's 1946, and peace has dealt Peggy Carter a serious blow as she finds herself marginalized when the men return home from fighting abroad. Working for the covert SSR (Strategic Scientific Reserve), Peggy must balance doing administrative work and going on secret missions for Howard Stark all while trying to navigate life as a single woman in America, in the wake of losing the love of her life - Steve Rogers."
47640,The Strain,2014,tv,"Guillermo del Toro, Carlton Cuse",Sci-Fi & Fantasy|Drama|Mystery,"A high concept thriller that tells the story of Dr. Ephraim Goodweather, the head of the Center for Disease Control Canary Team in New York City. He and his team are called upon to investigate a mysterious viral outbreak with hallmarks of an ancient and evil strain of vampirism. As the strain spreads, Eph, his team, and an assembly of everyday New Yorkers, wage war for the fate of humanity itself."
63333,The Last Kingdom,2015,tv,Stephen Butchard,Action & Adventure|Drama|War & Politics,"A show of heroic deeds and epic battles with a thematic depth that embraces politics, religion, warfare, courage, love, loyalty and our universal search for identity. Combining real historical figures and events with fictional characters, it is the story of how a people combined their strength under one of the most iconic kings of history in order to reclaim their land for themselves and build a place they call home."
89641,Love Alarm,2019,tv,Yu Bo-ra,Drama|Sci-Fi & Fantasy,"Love Alarm is an app that tells you if someone within a 10-meter radius has a crush on you. It quickly becomes a social phenomenon. While everyone talks about it and uses it to test their love and popularity, Jojo is one of the few people who have yet to download the app. However, she soon faces a love triangle situation between Sun-oh whom she starts to have feelings for, and Hye-young, who has had a huge crush on her."
60573,Silicon Valley,2014,tv,"Dave Krinsky, Mike Judge, John Altschuler",Comedy,"In the high-tech gold rush of modern Silicon Valley, the people most qualified to succeed are the least capable of handling success. Partially inspired by Mike Judge’s own experiences as a Silicon Valley engineer in the late ‘80s, Silicon Valley is an American sitcom that centers around six programmers who are living together and trying to make it big in the Silicon Valley."
127532,Solo Leveling,2024,tv,,Animation|Action & Adventure|Sci-Fi & Fantasy,"They say whatever doesn’t kill you makes you stronger, but that’s not the case for the world’s weakest hunter Sung Jinwoo. After being brutally slaughtered by monsters in a high-ranking dungeon, Jinwoo came back with the System, a program only he could see, that’s leveling him up in every way. Now, he’s inspired to discover the secrets behind his powers and the dungeon that spawned them."
45871,Locked Up: The Oasis,2020,tv,Iván Escobar,Drama,"After a few years dedicating themselves to robbing jewelers, banks and casinos, it is time for Macarena and Zulema to separate."
90260,I Am Not Okay with This,2020,tv,"Christy Hall, Jonathan Entwistle",Drama|Comedy|Sci-Fi & Fantasy,"Angsty Syd navigates high school awkwardness, family drama and an unrequited crush on her best friend while trying to rein in her budding superpowers."
105248,Cyberpunk: Edgerunners,2022,tv,Rafał Jaki,Animation|Action & Adventure|Sci-Fi & Fantasy|Crime,"In a dystopia riddled with corruption and cybernetic implants, a talented but reckless street kid strives to become a mercenary outlaw — an edgerunner."
2038,Drake & Josh,2004,tv,Dan Schneider,Comedy,"Fifteen-year-old Drake and Josh are schoolmates, but not close friends. Drake views Josh as weird and a bit of a goof. So, imagine Drake's shock when he finds out that this ""goof"" is about to become his new step-brother and roommate when his mother marries Josh's father. A spin off of The Amanda Show."
31586,La Reina del Sur,2011,tv,"Roberto Stopello, Lina Uribe, Darío Villegas",Drama|Crime,"After years of blood, sweat and tears, a woman of humble origin ends up becoming a drug trafficking legend, with all that that means..."
68507,His Dark Materials,2019,tv,Jack Thorne,Sci-Fi & Fantasy|Drama|Action & Adventure,"Lyra is an orphan who lives in a parallel universe in which science, theology and magic are entwined. Her search for a kidnapped friend uncovers a sinister plot involving stolen children and turns into a quest to understand a mysterious phenomenon called Dust. She is later joined on her journey by Will, a boy who possesses a knife that can cut windows between worlds. As she learns the truth about her parents and her prophesied destiny, the two young people are caught up in a war against celestial powers that ranges across many worlds."
85949,Star Trek: Picard,2020,tv,"Alex Kurtzman, Kirsten Beyer, Akiva Goldsman, Michael Chabon",Sci-Fi & Fantasy|Action & Adventure|Drama,"Set twenty years after the events of Star Trek Nemesis, we follow the now-retired Admiral Picard into the next chapter of his life."
111110,ONE PIECE,2023,tv,"Matt Owens, Steven Maeda",Action & Adventure|Sci-Fi & Fantasy,"With his straw hat and ragtag crew, young pirate Monkey D. Luffy goes on an epic voyage for treasure."
100883,Never Have I Ever,2020,tv,"Mindy Kaling, Lang Fisher",Comedy|Drama,"After a traumatic year, all an Indian-American teen wants is to go from pariah to popular -- but friends, family and feeling won't make it easy on her."
76121,DARLING in the FRANXX,2018,tv,,Animation|Drama|Sci-Fi & Fantasy|Comedy,"The distant future: Humanity established the mobile fort city, Plantation, upon the ruined wasteland. Within the city were pilot quarters, Mistilteinn, otherwise known as the “Birdcage.” That is where the children live... Their only mission in life was the fight. Their enemies are the mysterious giant organisms known as Kyoryu. The children operate robots known as FRANXX in order to face these still unseen enemies. Among them was a boy who was once called a child prodigy: Code number 016, Hiro. One day, a mysterious girl called Zero Two appears in front of Hiro. “I’ve found you, my Darling.”"
61664,Sense8,2015,tv,"Lana Wachowski, Lilly Wachowski, J. Michael Straczynski",Sci-Fi & Fantasy|Drama,"One gunshot, one death, one moment out of time that irrevocably links eight minds in disparate parts of the world, putting them in each other's lives, each other's secrets, and in terrible danger. Ordinary people suddenly reborn as ""Sensates."""
8592,Parks and Recreation,2009,tv,"Michael Schur, Greg Daniels",Comedy,"In an attempt to beautify her town — and advance her career — Leslie Knope, a mid-level bureaucrat in the Parks and Recreation Department of Pawnee, Indiana, takes on bureaucrats, cranky neighbors, and single-issue fanatics whose weapons are lawsuits, the jumble of city codes, and the democratic process she loves so much."
75758,Lost in Space,2018,tv,Irwin Allen,Sci-Fi & Fantasy|Action & Adventure|Drama,"After crash-landing on an alien planet, the Robinson family fights against all odds to survive and escape. But they're surrounded by hidden dangers."
114868,Record of Ragnarok,2021,tv,,Action & Adventure|Animation|Sci-Fi & Fantasy,"Before eradicating humankind from the world, the gods give them one last chance to prove themselves worthy of survival. Let the Ragnarok battles begin."
1606,Ghost Whisperer,2005,tv,John Gray,Sci-Fi & Fantasy|Mystery|Drama,"Newlywed Melinda Gordon tries to help the dead communicate with loved ones, but sometimes the messages she receives are intense and confusing. Most of Melinda's efforts involve resolving conflicts that are preventing the spirits from passing over."
93741,Jurassic World Camp Cretaceous,2020,tv,Zack Stentz,Animation|Kids|Action & Adventure|Family,Six teens attending an adventure camp on the opposite side of Isla Nublar must band together to survive when dinosaurs wreak havoc on the island.
126308,Shōgun,2024,tv,"Rachel Kondo, Justin Marks",Drama|War & Politics,"In Japan in the year 1600, at the dawn of a century-defining civil war, Lord Yoshii Toranaga is fighting for his life as his enemies on the Council of Regents unite against him, when a mysterious European ship is found marooned in a nearby fishing village."
4629,Stargate SG-1,1997,tv,"Brad Wright, Jonathan Glassner",Sci-Fi & Fantasy|Action & Adventure,"The story of Stargate SG-1 begins about a year after the events of the feature film, when the United States government learns that an ancient alien device called the Stargate can access a network of such devices on a multitude of planets. SG-1 is an elite Air Force special operations team, one of more than two dozen teams from Earth who explore the galaxy and defend against alien threats such as the Goa'uld, Replicators, and the Ori."
32798,Hawaii Five-0,2010,tv,"Roberto Orci, Alex Kurtzman, Peter M. Lenkov",Crime|Drama|Action & Adventure,"Steve McGarrett returns home to Oahu, in order to find his father's killer. The governor offers him the chance to run his own task force (Five-0). Steve's team is joined by Chin Ho Kelly, Danny ""Danno"" Williams, and Kono Kalakaua."
2098,Batman: The Animated Series,1992,tv,"Bruce Timm, Eric Radomski",Action & Adventure|Animation|Drama|Mystery,"Vowing to avenge the murder of his parents, Bruce Wayne devotes his life to wiping out crime in Gotham City as the masked vigilante ""Batman""."
73375,Tom Clancy's Jack Ryan,2018,tv,"Graham Roland, Carlton Cuse",Action & Adventure|Drama,"When CIA analyst Jack Ryan stumbles upon a suspicious series of bank transfers his search for answers pulls him from the safety of his desk job and catapults him into a deadly game of cat and mouse throughout Europe and the Middle East, with a rising terrorist figurehead preparing for a massive attack against the US and her allies."
1415,Elementary,2012,tv,Robert Doherty,Drama|Mystery|Crime,"A modern-day drama about a crime-solving duo that cracks the NYPD's most impossible cases. Following his fall from grace in London and a stint in rehab, eccentric Sherlock escapes to Manhattan where his wealthy father forces him to live with his worst nightmare - a sober companion, Dr. Watson."
1973,24,2001,tv,"Robert Cochran, Joel Surnow",Action & Adventure|Drama|Crime,"Counterterrorism agent Jack Bauer fights the bad guys of the world, a day at a time. With each week's episode unfolding in real-time, ""24"" covers a single day in the life of Bauer each season."
63401,We Bare Bears,2015,tv,Daniel Chong,Animation|Comedy|Kids,"Three brother bears awkwardly attempt to find their place in civilized  society, whether they're looking for food, trying to make human friends,  or scheming to become famous on the internet. Grizzly, Panda and Ice  Bear stack atop one another when they leave their cave and explore the  hipster environs of the San Francisco Bay Area, and it's clear the  siblings have a lot to learn about a technologically driven world. By  their side on many adventures are best friend Chloe (the only human  character in the cast), fame-obsessed panda Nom Nom, and Charlie, aka  Bigfoot."
1972,Battlestar Galactica,2004,tv,"Glen A. Larson, Ronald D. Moore",Sci-Fi & Fantasy|Action & Adventure|Drama,"When an old enemy, the Cylons, resurface and obliterate the 12 colonies, the crew of the aged Galactica protect a small civilian fleet - the last of humanity - as they journey toward the fabled 13th colony, Earth."
79696,Manifest,2018,tv,Jeff Rake,Sci-Fi & Fantasy|Mystery|Drama,"After landing from a turbulent but routine flight, the crew and passengers of Montego Air Flight 828 discover five years have passed in what seemed like a few hours. As their new realities become clear, a deeper mystery unfolds and some of the returned passengers soon realize they may be meant for something greater than they ever thought possible."
655,Star Trek: The Next Generation,1987,tv,Gene Roddenberry,Sci-Fi & Fantasy|Action & Adventure|Drama|Mystery,"Follow the intergalactic adventures of Capt. Jean-Luc Picard and his loyal crew aboard the all-new USS Enterprise NCC-1701D, as they explore new worlds."
16420,Boys Over Flowers,2009,tv,"Yoon Ji-ryun, Jeon Ki-sang",Comedy|Drama,"A poor high school student earns a scholarship to an elite academy, where she clashes with the most popular boy in school!"
85723,Raised by Wolves,2020,tv,Aaron Guzikowski,Sci-Fi & Fantasy|Drama,"After Earth is ravaged by a great religious war, an atheistic android architect sends two of his creations, Mother and Father, to start a peaceful, godless colony on the planet Kepler-22b. Their treacherous task is jeopardized by the arrival of the Mithraic, a deeply devout religious order of surviving humans."
92685,The Owl House,2020,tv,Dana Terrace,Animation|Action & Adventure|Comedy|Sci-Fi & Fantasy|Family,"Luz, a self-assured teenage human girl, accidentally stumbles upon a portal to a magical new world where she befriends a rebellious witch, Eda, and an adorably tiny warrior, King."
46639,American Gods,2017,tv,"Bryan Fuller, Michael Green",Drama|Mystery|Sci-Fi & Fantasy,An ex-con becomes the traveling partner of a conman who turns out to be one of the older gods trying to recruit troops to battle the upstart deities. Based on Neil Gaiman's fantasy novel.
4686,Ben 10,2005,tv,"Duncan Rouleau, Joe Kelly, Joe Casey, Steven T. Seagle",Animation|Sci-Fi & Fantasy|Action & Adventure|Comedy|Kids,"When 10-year-old Ben Tennyson discovers a mysterious device, he gains the power to change into ten different alien heroes, each with uniquely awesome powers. With such abilities at his disposal, Ben realizes a greater responsibility to help others and stop evildoers, but that doesn't mean he's above a little superpowered mischief now and then."
93740,Foundation,2021,tv,"David S. Goyer, Josh Friedman",Sci-Fi & Fantasy|Drama,Follow a band of exiles on their monumental journey to save humanity and rebuild civilization amid the fall of the Galactic Empire.
117581,Ginny & Georgia,2021,tv,Sarah Lampert,Comedy|Drama,"Free-spirited Georgia and her two kids, Ginny and Austin, move north in search of a fresh start but find that the road to new beginnings can be bumpy."
46786,Bates Motel,2013,tv,"Carlton Cuse, Kerry Ehrin, Anthony Cipriano",Drama|Crime|Mystery,"A ""contemporary prequel"" to the 1960 film Psycho, depicting the life of Norman Bates and his mother Norma prior to the events portrayed in Hitchcock's film, albeit in a different fictional town and in a modern setting. The series begins after the death of Norma's husband, when she purchases a motel located in a coastal Oregon town so she and Norman can start a new life."
62046,Scream Queens,2015,tv,"Ryan Murphy, Ian Brennan, Dante Di Loreto, Brad Falchuk",Mystery|Comedy,The super-charged comedy-horror series is a modern take on the classic whodunit with a killer cast. 
61617,Over the Garden Wall,2014,tv,Patrick McHale,Mystery|Sci-Fi & Fantasy|Animation|Family|Comedy,"Two brothers, Wirt and Greg, find themselves lost in the Unknown; a strange forest adrift in time. With the help of a wise old Woodsman and a foul-tempered bluebird named Beatrice, Wirt and Greg must travel across this strange land, in hope of finding their way home. Join them as they encounter surprises and obstacles on their journey through the wood."
64464,11.22.63,2016,tv,,Drama|Sci-Fi & Fantasy,"An English teacher travels back in time to prevent the Kennedy assassination, but discovers he is attached to the life he has made in a bygone era."
61056,How to Get Away with Murder,2014,tv,Peter Nowalk,Crime|Drama|Mystery,"A sexy, suspense-driven legal thriller about a group of ambitious law students and their brilliant, mysterious criminal defense professor. They become entangled in a murder plot and will shake the entire university and change the course of their lives."
62264,Ash vs Evil Dead,2015,tv,"Sam Raimi, Ivan Raimi, Tom Spezialy",Comedy|Action & Adventure|Sci-Fi & Fantasy,"Bruce Campbell reprises his role as Ash Williams, an aging lothario and chainsaw-handed monster hunter who’s spent the last three decades avoiding maturity, and the terrors of the Evil Dead. But when a Deadite plague threatens to destroy all of mankind, he’s forced to face his demons — both metaphorical and literal."
249042,Adolescence,2025,tv,"Stephen Graham, Jack Thorne",Drama|Crime,"When a 13-year-old is accused of the murder of a classmate, his family, the psychological expert and the detective in charge are all left asking: what really happened?"
86031,Dr. STONE,2019,tv,,Animation|Action & Adventure|Comedy|Sci-Fi & Fantasy,"One fateful day, all of humanity was petrified by a blinding flash of light. After several millennia, high schooler Taiju awakens and finds himself lost in a world of statues. However, he’s not alone! His science-loving friend Senku’s been up and running for a few months and he's got a grand plan in mind—to kickstart civilization with the power of science!"
39340,2 Broke Girls,2011,tv,"Whitney Cummings, Michael Patrick King",Comedy,"Comedy about the unlikely friendship that develops between two very different young women who meet waitressing at a diner in trendy Williamsburg, Brooklyn, and form a bond over one day owning their own successful cupcake business. Only one thing stands in their way – they’re broke."
37606,The Amazing World of Gumball,2011,tv,Ben Bocquelet,Animation|Family|Sci-Fi & Fantasy|Comedy,"The life of Gumball Watterson, a 12-year old cat who attends middle school in Elmore. Accompanied by his pet, adoptive brother, and best friend Darwin Watterson, he frequently finds himself involved in various shenanigans around the city, during which he interacts with various family members: Anais, Richard, and Nicole Watterson, and other various citizens."
124834,Heartstopper,2022,tv,Alice Oseman,Drama,Teens Charlie and Nick discover their unlikely friendship might be something more as they navigate school and young love.
77606,The Boss Baby: Back in Business,2018,tv,Brandon Sawyer,Animation|Action & Adventure|Comedy|Kids|Sci-Fi & Fantasy,The Boss Baby brings his big brother Tim to the office to teach him the art of business in this animated series sprung from the hit film.
